2024-12-15 13:53:16 INFO  c.e.demo.HhRecruiterApplicationKt - Starting HhRecruiterApplicationKt using Java 17.0.13 with PID 73508 (/Users/macygabr/Projects/hhRecruiter/build/classes/kotlin/main started by macygabr in /Users/macygabr/Projects/hhRecruiter)
2024-12-15 13:53:16 DEBUG c.e.demo.HhRecruiterApplicationKt - Running with Spring Boot v3.3.4, Spring v6.1.13
2024-12-15 13:53:16 INFO  c.e.demo.HhRecruiterApplicationKt - No active profile set, falling back to 1 default profile: "default"
2024-12-15 13:53:17 INFO  o.s.d.r.c.RepositoryConfigurationDelegate - Bootstrapping Spring Data JPA repositories in DEFAULT mode.
2024-12-15 13:53:17 INFO  o.s.d.r.c.RepositoryConfigurationDelegate - Finished Spring Data repository scanning in 117 ms. Found 4 JPA repository interfaces.
2024-12-15 13:53:17 INFO  o.s.b.w.e.tomcat.TomcatWebServer - Tomcat initialized with port 8080 (http)
2024-12-15 13:53:17 INFO  o.a.coyote.http11.Http11NioProtocol - Initializing ProtocolHandler ["http-nio-8080"]
2024-12-15 13:53:17 INFO  o.a.catalina.core.StandardService - Starting service [Tomcat]
2024-12-15 13:53:17 INFO  o.a.catalina.core.StandardEngine - Starting Servlet engine: [Apache Tomcat/10.1.30]
2024-12-15 13:53:18 INFO  o.a.c.c.C.[Tomcat].[localhost].[/] - Initializing Spring embedded WebApplicationContext
2024-12-15 13:53:18 INFO  o.s.b.w.s.c.ServletWebServerApplicationContext - Root WebApplicationContext: initialization completed in 1371 ms
2024-12-15 13:53:18 INFO  o.h.jpa.internal.util.LogHelper - HHH000204: Processing PersistenceUnitInfo [name: default]
2024-12-15 13:53:18 INFO  org.hibernate.Version - HHH000412: Hibernate ORM core version 6.5.3.Final
2024-12-15 13:53:18 INFO  o.h.c.i.RegionFactoryInitiator - HHH000026: Second-level cache disabled
2024-12-15 13:53:18 INFO  o.s.o.j.p.SpringPersistenceUnitInfo - No LoadTimeWeaver setup: ignoring JPA class transformer
2024-12-15 13:53:18 INFO  com.zaxxer.hikari.HikariDataSource - HikariPool-1 - Starting...
2024-12-15 13:53:20 INFO  com.zaxxer.hikari.pool.HikariPool - HikariPool-1 - Added connection org.postgresql.jdbc.PgConnection@6949cead
2024-12-15 13:53:20 INFO  com.zaxxer.hikari.HikariDataSource - HikariPool-1 - Start completed.
2024-12-15 13:53:21 INFO  o.h.e.t.j.p.i.JtaPlatformInitiator - HHH000489: No JTA platform available (set 'hibernate.transaction.jta.platform' to enable JTA platform integration)
2024-12-15 13:53:24 INFO  o.s.o.j.LocalContainerEntityManagerFactoryBean - Initialized JPA EntityManagerFactory for persistence unit 'default'
2024-12-15 13:53:25 WARN  o.s.b.a.o.j.JpaBaseConfiguration$JpaWebConfiguration - spring.jpa.open-in-view is enabled by default. Therefore, database queries may be performed during view rendering. Explicitly configure spring.jpa.open-in-view to disable this warning
2024-12-15 13:53:25 INFO  o.a.coyote.http11.Http11NioProtocol - Starting ProtocolHandler ["http-nio-8080"]
2024-12-15 13:53:25 INFO  o.s.b.w.e.tomcat.TomcatWebServer - Tomcat started on port 8080 (http) with context path '/'
2024-12-15 13:53:25 INFO  o.a.k.c.consumer.ConsumerConfig - ConsumerConfig values: 
	allow.auto.create.topics = true
	auto.commit.interval.ms = 5000
	auto.include.jmx.reporter = true
	auto.offset.reset = latest
	bootstrap.servers = [37.194.168.90:9092]
	check.crcs = true
	client.dns.lookup = use_all_dns_ips
	client.id = consumer-auth_service-1
	client.rack = 
	connections.max.idle.ms = 540000
	default.api.timeout.ms = 60000
	enable.auto.commit = false
	enable.metrics.push = true
	exclude.internal.topics = true
	fetch.max.bytes = 52428800
	fetch.max.wait.ms = 500
	fetch.min.bytes = 1
	group.id = auth_service
	group.instance.id = null
	group.protocol = classic
	group.remote.assignor = null
	heartbeat.interval.ms = 3000
	interceptor.classes = []
	internal.leave.group.on.close = true
	internal.throw.on.fetch.stable.offset.unsupported = false
	isolation.level = read_uncommitted
	key.deserializer = class org.apache.kafka.common.serialization.StringDeserializer
	max.partition.fetch.bytes = 1048576
	max.poll.interval.ms = 300000
	max.poll.records = 500
	metadata.max.age.ms = 300000
	metric.reporters = []
	metrics.num.samples = 2
	metrics.recording.level = INFO
	metrics.sample.window.ms = 30000
	partition.assignment.strategy = [class org.apache.kafka.clients.consumer.RangeAssignor, class org.apache.kafka.clients.consumer.CooperativeStickyAssignor]
	receive.buffer.bytes = 65536
	reconnect.backoff.max.ms = 1000
	reconnect.backoff.ms = 50
	request.timeout.ms = 30000
	retry.backoff.max.ms = 1000
	retry.backoff.ms = 100
	sasl.client.callback.handler.class = null
	sasl.jaas.config = null
	sasl.kerberos.kinit.cmd = /usr/bin/kinit
	sasl.kerberos.min.time.before.relogin = 60000
	sasl.kerberos.service.name = null
	sasl.kerberos.ticket.renew.jitter = 0.05
	sasl.kerberos.ticket.renew.window.factor = 0.8
	sasl.login.callback.handler.class = null
	sasl.login.class = null
	sasl.login.connect.timeout.ms = null
	sasl.login.read.timeout.ms = null
	sasl.login.refresh.buffer.seconds = 300
	sasl.login.refresh.min.period.seconds = 60
	sasl.login.refresh.window.factor = 0.8
	sasl.login.refresh.window.jitter = 0.05
	sasl.login.retry.backoff.max.ms = 10000
	sasl.login.retry.backoff.ms = 100
	sasl.mechanism = GSSAPI
	sasl.oauthbearer.clock.skew.seconds = 30
	sasl.oauthbearer.expected.audience = null
	sasl.oauthbearer.expected.issuer = null
	sasl.oauthbearer.jwks.endpoint.refresh.ms = 3600000
	sasl.oauthbearer.jwks.endpoint.retry.backoff.max.ms = 10000
	sasl.oauthbearer.jwks.endpoint.retry.backoff.ms = 100
	sasl.oauthbearer.jwks.endpoint.url = null
	sasl.oauthbearer.scope.claim.name = scope
	sasl.oauthbearer.sub.claim.name = sub
	sasl.oauthbearer.token.endpoint.url = null
	security.protocol = PLAINTEXT
	security.providers = null
	send.buffer.bytes = 131072
	session.timeout.ms = 45000
	socket.connection.setup.timeout.max.ms = 30000
	socket.connection.setup.timeout.ms = 10000
	ssl.cipher.suites = null
	ssl.enabled.protocols = [TLSv1.2, TLSv1.3]
	ssl.endpoint.identification.algorithm = https
	ssl.engine.factory.class = null
	ssl.key.password = null
	ssl.keymanager.algorithm = SunX509
	ssl.keystore.certificate.chain = null
	ssl.keystore.key = null
	ssl.keystore.location = null
	ssl.keystore.password = null
	ssl.keystore.type = JKS
	ssl.protocol = TLSv1.3
	ssl.provider = null
	ssl.secure.random.implementation = null
	ssl.trustmanager.algorithm = PKIX
	ssl.truststore.certificates = null
	ssl.truststore.location = null
	ssl.truststore.password = null
	ssl.truststore.type = JKS
	value.deserializer = class org.apache.kafka.common.serialization.StringDeserializer

2024-12-15 13:53:25 INFO  o.a.k.c.t.i.KafkaMetricsCollector - initializing Kafka metrics collector
2024-12-15 13:53:25 INFO  o.a.kafka.common.utils.AppInfoParser - Kafka version: 3.7.1
2024-12-15 13:53:25 INFO  o.a.kafka.common.utils.AppInfoParser - Kafka commitId: e2494e6ffb89f828
2024-12-15 13:53:25 INFO  o.a.kafka.common.utils.AppInfoParser - Kafka startTimeMs: 1734245605625
2024-12-15 13:53:25 INFO  o.a.k.c.c.i.LegacyKafkaConsumer - [Consumer clientId=consumer-auth_service-1, groupId=auth_service] Subscribed to topic(s): ping
2024-12-15 13:53:25 INFO  o.a.k.c.consumer.ConsumerConfig - ConsumerConfig values: 
	allow.auto.create.topics = true
	auto.commit.interval.ms = 5000
	auto.include.jmx.reporter = true
	auto.offset.reset = latest
	bootstrap.servers = [37.194.168.90:9092]
	check.crcs = true
	client.dns.lookup = use_all_dns_ips
	client.id = consumer-auth_service-2
	client.rack = 
	connections.max.idle.ms = 540000
	default.api.timeout.ms = 60000
	enable.auto.commit = false
	enable.metrics.push = true
	exclude.internal.topics = true
	fetch.max.bytes = 52428800
	fetch.max.wait.ms = 500
	fetch.min.bytes = 1
	group.id = auth_service
	group.instance.id = null
	group.protocol = classic
	group.remote.assignor = null
	heartbeat.interval.ms = 3000
	interceptor.classes = []
	internal.leave.group.on.close = true
	internal.throw.on.fetch.stable.offset.unsupported = false
	isolation.level = read_uncommitted
	key.deserializer = class org.apache.kafka.common.serialization.StringDeserializer
	max.partition.fetch.bytes = 1048576
	max.poll.interval.ms = 300000
	max.poll.records = 500
	metadata.max.age.ms = 300000
	metric.reporters = []
	metrics.num.samples = 2
	metrics.recording.level = INFO
	metrics.sample.window.ms = 30000
	partition.assignment.strategy = [class org.apache.kafka.clients.consumer.RangeAssignor, class org.apache.kafka.clients.consumer.CooperativeStickyAssignor]
	receive.buffer.bytes = 65536
	reconnect.backoff.max.ms = 1000
	reconnect.backoff.ms = 50
	request.timeout.ms = 30000
	retry.backoff.max.ms = 1000
	retry.backoff.ms = 100
	sasl.client.callback.handler.class = null
	sasl.jaas.config = null
	sasl.kerberos.kinit.cmd = /usr/bin/kinit
	sasl.kerberos.min.time.before.relogin = 60000
	sasl.kerberos.service.name = null
	sasl.kerberos.ticket.renew.jitter = 0.05
	sasl.kerberos.ticket.renew.window.factor = 0.8
	sasl.login.callback.handler.class = null
	sasl.login.class = null
	sasl.login.connect.timeout.ms = null
	sasl.login.read.timeout.ms = null
	sasl.login.refresh.buffer.seconds = 300
	sasl.login.refresh.min.period.seconds = 60
	sasl.login.refresh.window.factor = 0.8
	sasl.login.refresh.window.jitter = 0.05
	sasl.login.retry.backoff.max.ms = 10000
	sasl.login.retry.backoff.ms = 100
	sasl.mechanism = GSSAPI
	sasl.oauthbearer.clock.skew.seconds = 30
	sasl.oauthbearer.expected.audience = null
	sasl.oauthbearer.expected.issuer = null
	sasl.oauthbearer.jwks.endpoint.refresh.ms = 3600000
	sasl.oauthbearer.jwks.endpoint.retry.backoff.max.ms = 10000
	sasl.oauthbearer.jwks.endpoint.retry.backoff.ms = 100
	sasl.oauthbearer.jwks.endpoint.url = null
	sasl.oauthbearer.scope.claim.name = scope
	sasl.oauthbearer.sub.claim.name = sub
	sasl.oauthbearer.token.endpoint.url = null
	security.protocol = PLAINTEXT
	security.providers = null
	send.buffer.bytes = 131072
	session.timeout.ms = 45000
	socket.connection.setup.timeout.max.ms = 30000
	socket.connection.setup.timeout.ms = 10000
	ssl.cipher.suites = null
	ssl.enabled.protocols = [TLSv1.2, TLSv1.3]
	ssl.endpoint.identification.algorithm = https
	ssl.engine.factory.class = null
	ssl.key.password = null
	ssl.keymanager.algorithm = SunX509
	ssl.keystore.certificate.chain = null
	ssl.keystore.key = null
	ssl.keystore.location = null
	ssl.keystore.password = null
	ssl.keystore.type = JKS
	ssl.protocol = TLSv1.3
	ssl.provider = null
	ssl.secure.random.implementation = null
	ssl.trustmanager.algorithm = PKIX
	ssl.truststore.certificates = null
	ssl.truststore.location = null
	ssl.truststore.password = null
	ssl.truststore.type = JKS
	value.deserializer = class org.apache.kafka.common.serialization.StringDeserializer

2024-12-15 13:53:25 INFO  o.a.k.c.t.i.KafkaMetricsCollector - initializing Kafka metrics collector
2024-12-15 13:53:25 INFO  o.a.kafka.common.utils.AppInfoParser - Kafka version: 3.7.1
2024-12-15 13:53:25 INFO  o.a.kafka.common.utils.AppInfoParser - Kafka commitId: e2494e6ffb89f828
2024-12-15 13:53:25 INFO  o.a.kafka.common.utils.AppInfoParser - Kafka startTimeMs: 1734245605638
2024-12-15 13:53:25 INFO  o.a.k.c.c.i.LegacyKafkaConsumer - [Consumer clientId=consumer-auth_service-2, groupId=auth_service] Subscribed to topic(s): profile
2024-12-15 13:53:25 INFO  o.a.k.c.consumer.ConsumerConfig - ConsumerConfig values: 
	allow.auto.create.topics = true
	auto.commit.interval.ms = 5000
	auto.include.jmx.reporter = true
	auto.offset.reset = latest
	bootstrap.servers = [37.194.168.90:9092]
	check.crcs = true
	client.dns.lookup = use_all_dns_ips
	client.id = consumer-auth_service-3
	client.rack = 
	connections.max.idle.ms = 540000
	default.api.timeout.ms = 60000
	enable.auto.commit = false
	enable.metrics.push = true
	exclude.internal.topics = true
	fetch.max.bytes = 52428800
	fetch.max.wait.ms = 500
	fetch.min.bytes = 1
	group.id = auth_service
	group.instance.id = null
	group.protocol = classic
	group.remote.assignor = null
	heartbeat.interval.ms = 3000
	interceptor.classes = []
	internal.leave.group.on.close = true
	internal.throw.on.fetch.stable.offset.unsupported = false
	isolation.level = read_uncommitted
	key.deserializer = class org.apache.kafka.common.serialization.StringDeserializer
	max.partition.fetch.bytes = 1048576
	max.poll.interval.ms = 300000
	max.poll.records = 500
	metadata.max.age.ms = 300000
	metric.reporters = []
	metrics.num.samples = 2
	metrics.recording.level = INFO
	metrics.sample.window.ms = 30000
	partition.assignment.strategy = [class org.apache.kafka.clients.consumer.RangeAssignor, class org.apache.kafka.clients.consumer.CooperativeStickyAssignor]
	receive.buffer.bytes = 65536
	reconnect.backoff.max.ms = 1000
	reconnect.backoff.ms = 50
	request.timeout.ms = 30000
	retry.backoff.max.ms = 1000
	retry.backoff.ms = 100
	sasl.client.callback.handler.class = null
	sasl.jaas.config = null
	sasl.kerberos.kinit.cmd = /usr/bin/kinit
	sasl.kerberos.min.time.before.relogin = 60000
	sasl.kerberos.service.name = null
	sasl.kerberos.ticket.renew.jitter = 0.05
	sasl.kerberos.ticket.renew.window.factor = 0.8
	sasl.login.callback.handler.class = null
	sasl.login.class = null
	sasl.login.connect.timeout.ms = null
	sasl.login.read.timeout.ms = null
	sasl.login.refresh.buffer.seconds = 300
	sasl.login.refresh.min.period.seconds = 60
	sasl.login.refresh.window.factor = 0.8
	sasl.login.refresh.window.jitter = 0.05
	sasl.login.retry.backoff.max.ms = 10000
	sasl.login.retry.backoff.ms = 100
	sasl.mechanism = GSSAPI
	sasl.oauthbearer.clock.skew.seconds = 30
	sasl.oauthbearer.expected.audience = null
	sasl.oauthbearer.expected.issuer = null
	sasl.oauthbearer.jwks.endpoint.refresh.ms = 3600000
	sasl.oauthbearer.jwks.endpoint.retry.backoff.max.ms = 10000
	sasl.oauthbearer.jwks.endpoint.retry.backoff.ms = 100
	sasl.oauthbearer.jwks.endpoint.url = null
	sasl.oauthbearer.scope.claim.name = scope
	sasl.oauthbearer.sub.claim.name = sub
	sasl.oauthbearer.token.endpoint.url = null
	security.protocol = PLAINTEXT
	security.providers = null
	send.buffer.bytes = 131072
	session.timeout.ms = 45000
	socket.connection.setup.timeout.max.ms = 30000
	socket.connection.setup.timeout.ms = 10000
	ssl.cipher.suites = null
	ssl.enabled.protocols = [TLSv1.2, TLSv1.3]
	ssl.endpoint.identification.algorithm = https
	ssl.engine.factory.class = null
	ssl.key.password = null
	ssl.keymanager.algorithm = SunX509
	ssl.keystore.certificate.chain = null
	ssl.keystore.key = null
	ssl.keystore.location = null
	ssl.keystore.password = null
	ssl.keystore.type = JKS
	ssl.protocol = TLSv1.3
	ssl.provider = null
	ssl.secure.random.implementation = null
	ssl.trustmanager.algorithm = PKIX
	ssl.truststore.certificates = null
	ssl.truststore.location = null
	ssl.truststore.password = null
	ssl.truststore.type = JKS
	value.deserializer = class org.apache.kafka.common.serialization.StringDeserializer

2024-12-15 13:53:25 INFO  o.a.k.c.t.i.KafkaMetricsCollector - initializing Kafka metrics collector
2024-12-15 13:53:25 INFO  o.a.kafka.common.utils.AppInfoParser - Kafka version: 3.7.1
2024-12-15 13:53:25 INFO  o.a.kafka.common.utils.AppInfoParser - Kafka commitId: e2494e6ffb89f828
2024-12-15 13:53:25 INFO  o.a.kafka.common.utils.AppInfoParser - Kafka startTimeMs: 1734245605644
2024-12-15 13:53:25 INFO  o.a.k.c.c.i.LegacyKafkaConsumer - [Consumer clientId=consumer-auth_service-3, groupId=auth_service] Subscribed to topic(s): stop
2024-12-15 13:53:25 INFO  o.a.k.c.consumer.ConsumerConfig - ConsumerConfig values: 
	allow.auto.create.topics = true
	auto.commit.interval.ms = 5000
	auto.include.jmx.reporter = true
	auto.offset.reset = latest
	bootstrap.servers = [37.194.168.90:9092]
	check.crcs = true
	client.dns.lookup = use_all_dns_ips
	client.id = consumer-auth_service-4
	client.rack = 
	connections.max.idle.ms = 540000
	default.api.timeout.ms = 60000
	enable.auto.commit = false
	enable.metrics.push = true
	exclude.internal.topics = true
	fetch.max.bytes = 52428800
	fetch.max.wait.ms = 500
	fetch.min.bytes = 1
	group.id = auth_service
	group.instance.id = null
	group.protocol = classic
	group.remote.assignor = null
	heartbeat.interval.ms = 3000
	interceptor.classes = []
	internal.leave.group.on.close = true
	internal.throw.on.fetch.stable.offset.unsupported = false
	isolation.level = read_uncommitted
	key.deserializer = class org.apache.kafka.common.serialization.StringDeserializer
	max.partition.fetch.bytes = 1048576
	max.poll.interval.ms = 300000
	max.poll.records = 500
	metadata.max.age.ms = 300000
	metric.reporters = []
	metrics.num.samples = 2
	metrics.recording.level = INFO
	metrics.sample.window.ms = 30000
	partition.assignment.strategy = [class org.apache.kafka.clients.consumer.RangeAssignor, class org.apache.kafka.clients.consumer.CooperativeStickyAssignor]
	receive.buffer.bytes = 65536
	reconnect.backoff.max.ms = 1000
	reconnect.backoff.ms = 50
	request.timeout.ms = 30000
	retry.backoff.max.ms = 1000
	retry.backoff.ms = 100
	sasl.client.callback.handler.class = null
	sasl.jaas.config = null
	sasl.kerberos.kinit.cmd = /usr/bin/kinit
	sasl.kerberos.min.time.before.relogin = 60000
	sasl.kerberos.service.name = null
	sasl.kerberos.ticket.renew.jitter = 0.05
	sasl.kerberos.ticket.renew.window.factor = 0.8
	sasl.login.callback.handler.class = null
	sasl.login.class = null
	sasl.login.connect.timeout.ms = null
	sasl.login.read.timeout.ms = null
	sasl.login.refresh.buffer.seconds = 300
	sasl.login.refresh.min.period.seconds = 60
	sasl.login.refresh.window.factor = 0.8
	sasl.login.refresh.window.jitter = 0.05
	sasl.login.retry.backoff.max.ms = 10000
	sasl.login.retry.backoff.ms = 100
	sasl.mechanism = GSSAPI
	sasl.oauthbearer.clock.skew.seconds = 30
	sasl.oauthbearer.expected.audience = null
	sasl.oauthbearer.expected.issuer = null
	sasl.oauthbearer.jwks.endpoint.refresh.ms = 3600000
	sasl.oauthbearer.jwks.endpoint.retry.backoff.max.ms = 10000
	sasl.oauthbearer.jwks.endpoint.retry.backoff.ms = 100
	sasl.oauthbearer.jwks.endpoint.url = null
	sasl.oauthbearer.scope.claim.name = scope
	sasl.oauthbearer.sub.claim.name = sub
	sasl.oauthbearer.token.endpoint.url = null
	security.protocol = PLAINTEXT
	security.providers = null
	send.buffer.bytes = 131072
	session.timeout.ms = 45000
	socket.connection.setup.timeout.max.ms = 30000
	socket.connection.setup.timeout.ms = 10000
	ssl.cipher.suites = null
	ssl.enabled.protocols = [TLSv1.2, TLSv1.3]
	ssl.endpoint.identification.algorithm = https
	ssl.engine.factory.class = null
	ssl.key.password = null
	ssl.keymanager.algorithm = SunX509
	ssl.keystore.certificate.chain = null
	ssl.keystore.key = null
	ssl.keystore.location = null
	ssl.keystore.password = null
	ssl.keystore.type = JKS
	ssl.protocol = TLSv1.3
	ssl.provider = null
	ssl.secure.random.implementation = null
	ssl.trustmanager.algorithm = PKIX
	ssl.truststore.certificates = null
	ssl.truststore.location = null
	ssl.truststore.password = null
	ssl.truststore.type = JKS
	value.deserializer = class org.apache.kafka.common.serialization.StringDeserializer

2024-12-15 13:53:25 INFO  o.a.k.c.t.i.KafkaMetricsCollector - initializing Kafka metrics collector
2024-12-15 13:53:25 INFO  o.a.kafka.common.utils.AppInfoParser - Kafka version: 3.7.1
2024-12-15 13:53:25 INFO  o.a.kafka.common.utils.AppInfoParser - Kafka commitId: e2494e6ffb89f828
2024-12-15 13:53:25 INFO  o.a.kafka.common.utils.AppInfoParser - Kafka startTimeMs: 1734245605650
2024-12-15 13:53:25 INFO  o.a.k.c.c.i.LegacyKafkaConsumer - [Consumer clientId=consumer-auth_service-4, groupId=auth_service] Subscribed to topic(s): status
2024-12-15 13:53:25 INFO  o.a.k.c.consumer.ConsumerConfig - ConsumerConfig values: 
	allow.auto.create.topics = true
	auto.commit.interval.ms = 5000
	auto.include.jmx.reporter = true
	auto.offset.reset = latest
	bootstrap.servers = [37.194.168.90:9092]
	check.crcs = true
	client.dns.lookup = use_all_dns_ips
	client.id = consumer-auth_service-5
	client.rack = 
	connections.max.idle.ms = 540000
	default.api.timeout.ms = 60000
	enable.auto.commit = false
	enable.metrics.push = true
	exclude.internal.topics = true
	fetch.max.bytes = 52428800
	fetch.max.wait.ms = 500
	fetch.min.bytes = 1
	group.id = auth_service
	group.instance.id = null
	group.protocol = classic
	group.remote.assignor = null
	heartbeat.interval.ms = 3000
	interceptor.classes = []
	internal.leave.group.on.close = true
	internal.throw.on.fetch.stable.offset.unsupported = false
	isolation.level = read_uncommitted
	key.deserializer = class org.apache.kafka.common.serialization.StringDeserializer
	max.partition.fetch.bytes = 1048576
	max.poll.interval.ms = 300000
	max.poll.records = 500
	metadata.max.age.ms = 300000
	metric.reporters = []
	metrics.num.samples = 2
	metrics.recording.level = INFO
	metrics.sample.window.ms = 30000
	partition.assignment.strategy = [class org.apache.kafka.clients.consumer.RangeAssignor, class org.apache.kafka.clients.consumer.CooperativeStickyAssignor]
	receive.buffer.bytes = 65536
	reconnect.backoff.max.ms = 1000
	reconnect.backoff.ms = 50
	request.timeout.ms = 30000
	retry.backoff.max.ms = 1000
	retry.backoff.ms = 100
	sasl.client.callback.handler.class = null
	sasl.jaas.config = null
	sasl.kerberos.kinit.cmd = /usr/bin/kinit
	sasl.kerberos.min.time.before.relogin = 60000
	sasl.kerberos.service.name = null
	sasl.kerberos.ticket.renew.jitter = 0.05
	sasl.kerberos.ticket.renew.window.factor = 0.8
	sasl.login.callback.handler.class = null
	sasl.login.class = null
	sasl.login.connect.timeout.ms = null
	sasl.login.read.timeout.ms = null
	sasl.login.refresh.buffer.seconds = 300
	sasl.login.refresh.min.period.seconds = 60
	sasl.login.refresh.window.factor = 0.8
	sasl.login.refresh.window.jitter = 0.05
	sasl.login.retry.backoff.max.ms = 10000
	sasl.login.retry.backoff.ms = 100
	sasl.mechanism = GSSAPI
	sasl.oauthbearer.clock.skew.seconds = 30
	sasl.oauthbearer.expected.audience = null
	sasl.oauthbearer.expected.issuer = null
	sasl.oauthbearer.jwks.endpoint.refresh.ms = 3600000
	sasl.oauthbearer.jwks.endpoint.retry.backoff.max.ms = 10000
	sasl.oauthbearer.jwks.endpoint.retry.backoff.ms = 100
	sasl.oauthbearer.jwks.endpoint.url = null
	sasl.oauthbearer.scope.claim.name = scope
	sasl.oauthbearer.sub.claim.name = sub
	sasl.oauthbearer.token.endpoint.url = null
	security.protocol = PLAINTEXT
	security.providers = null
	send.buffer.bytes = 131072
	session.timeout.ms = 45000
	socket.connection.setup.timeout.max.ms = 30000
	socket.connection.setup.timeout.ms = 10000
	ssl.cipher.suites = null
	ssl.enabled.protocols = [TLSv1.2, TLSv1.3]
	ssl.endpoint.identification.algorithm = https
	ssl.engine.factory.class = null
	ssl.key.password = null
	ssl.keymanager.algorithm = SunX509
	ssl.keystore.certificate.chain = null
	ssl.keystore.key = null
	ssl.keystore.location = null
	ssl.keystore.password = null
	ssl.keystore.type = JKS
	ssl.protocol = TLSv1.3
	ssl.provider = null
	ssl.secure.random.implementation = null
	ssl.trustmanager.algorithm = PKIX
	ssl.truststore.certificates = null
	ssl.truststore.location = null
	ssl.truststore.password = null
	ssl.truststore.type = JKS
	value.deserializer = class org.apache.kafka.common.serialization.StringDeserializer

2024-12-15 13:53:25 INFO  o.a.k.c.t.i.KafkaMetricsCollector - initializing Kafka metrics collector
2024-12-15 13:53:25 INFO  o.a.kafka.common.utils.AppInfoParser - Kafka version: 3.7.1
2024-12-15 13:53:25 INFO  o.a.kafka.common.utils.AppInfoParser - Kafka commitId: e2494e6ffb89f828
2024-12-15 13:53:25 INFO  o.a.kafka.common.utils.AppInfoParser - Kafka startTimeMs: 1734245605654
2024-12-15 13:53:25 INFO  o.a.k.c.c.i.LegacyKafkaConsumer - [Consumer clientId=consumer-auth_service-5, groupId=auth_service] Subscribed to topic(s): getLink
2024-12-15 13:53:25 INFO  o.a.k.c.consumer.ConsumerConfig - ConsumerConfig values: 
	allow.auto.create.topics = true
	auto.commit.interval.ms = 5000
	auto.include.jmx.reporter = true
	auto.offset.reset = latest
	bootstrap.servers = [37.194.168.90:9092]
	check.crcs = true
	client.dns.lookup = use_all_dns_ips
	client.id = consumer-auth_service-6
	client.rack = 
	connections.max.idle.ms = 540000
	default.api.timeout.ms = 60000
	enable.auto.commit = false
	enable.metrics.push = true
	exclude.internal.topics = true
	fetch.max.bytes = 52428800
	fetch.max.wait.ms = 500
	fetch.min.bytes = 1
	group.id = auth_service
	group.instance.id = null
	group.protocol = classic
	group.remote.assignor = null
	heartbeat.interval.ms = 3000
	interceptor.classes = []
	internal.leave.group.on.close = true
	internal.throw.on.fetch.stable.offset.unsupported = false
	isolation.level = read_uncommitted
	key.deserializer = class org.apache.kafka.common.serialization.StringDeserializer
	max.partition.fetch.bytes = 1048576
	max.poll.interval.ms = 300000
	max.poll.records = 500
	metadata.max.age.ms = 300000
	metric.reporters = []
	metrics.num.samples = 2
	metrics.recording.level = INFO
	metrics.sample.window.ms = 30000
	partition.assignment.strategy = [class org.apache.kafka.clients.consumer.RangeAssignor, class org.apache.kafka.clients.consumer.CooperativeStickyAssignor]
	receive.buffer.bytes = 65536
	reconnect.backoff.max.ms = 1000
	reconnect.backoff.ms = 50
	request.timeout.ms = 30000
	retry.backoff.max.ms = 1000
	retry.backoff.ms = 100
	sasl.client.callback.handler.class = null
	sasl.jaas.config = null
	sasl.kerberos.kinit.cmd = /usr/bin/kinit
	sasl.kerberos.min.time.before.relogin = 60000
	sasl.kerberos.service.name = null
	sasl.kerberos.ticket.renew.jitter = 0.05
	sasl.kerberos.ticket.renew.window.factor = 0.8
	sasl.login.callback.handler.class = null
	sasl.login.class = null
	sasl.login.connect.timeout.ms = null
	sasl.login.read.timeout.ms = null
	sasl.login.refresh.buffer.seconds = 300
	sasl.login.refresh.min.period.seconds = 60
	sasl.login.refresh.window.factor = 0.8
	sasl.login.refresh.window.jitter = 0.05
	sasl.login.retry.backoff.max.ms = 10000
	sasl.login.retry.backoff.ms = 100
	sasl.mechanism = GSSAPI
	sasl.oauthbearer.clock.skew.seconds = 30
	sasl.oauthbearer.expected.audience = null
	sasl.oauthbearer.expected.issuer = null
	sasl.oauthbearer.jwks.endpoint.refresh.ms = 3600000
	sasl.oauthbearer.jwks.endpoint.retry.backoff.max.ms = 10000
	sasl.oauthbearer.jwks.endpoint.retry.backoff.ms = 100
	sasl.oauthbearer.jwks.endpoint.url = null
	sasl.oauthbearer.scope.claim.name = scope
	sasl.oauthbearer.sub.claim.name = sub
	sasl.oauthbearer.token.endpoint.url = null
	security.protocol = PLAINTEXT
	security.providers = null
	send.buffer.bytes = 131072
	session.timeout.ms = 45000
	socket.connection.setup.timeout.max.ms = 30000
	socket.connection.setup.timeout.ms = 10000
	ssl.cipher.suites = null
	ssl.enabled.protocols = [TLSv1.2, TLSv1.3]
	ssl.endpoint.identification.algorithm = https
	ssl.engine.factory.class = null
	ssl.key.password = null
	ssl.keymanager.algorithm = SunX509
	ssl.keystore.certificate.chain = null
	ssl.keystore.key = null
	ssl.keystore.location = null
	ssl.keystore.password = null
	ssl.keystore.type = JKS
	ssl.protocol = TLSv1.3
	ssl.provider = null
	ssl.secure.random.implementation = null
	ssl.trustmanager.algorithm = PKIX
	ssl.truststore.certificates = null
	ssl.truststore.location = null
	ssl.truststore.password = null
	ssl.truststore.type = JKS
	value.deserializer = class org.apache.kafka.common.serialization.StringDeserializer

2024-12-15 13:53:25 INFO  o.a.k.c.t.i.KafkaMetricsCollector - initializing Kafka metrics collector
2024-12-15 13:53:25 INFO  o.a.kafka.common.utils.AppInfoParser - Kafka version: 3.7.1
2024-12-15 13:53:25 INFO  o.a.kafka.common.utils.AppInfoParser - Kafka commitId: e2494e6ffb89f828
2024-12-15 13:53:25 INFO  o.a.kafka.common.utils.AppInfoParser - Kafka startTimeMs: 1734245605658
2024-12-15 13:53:25 INFO  o.a.k.c.c.i.LegacyKafkaConsumer - [Consumer clientId=consumer-auth_service-6, groupId=auth_service] Subscribed to topic(s): registry
2024-12-15 13:53:25 INFO  o.a.k.c.consumer.ConsumerConfig - ConsumerConfig values: 
	allow.auto.create.topics = true
	auto.commit.interval.ms = 5000
	auto.include.jmx.reporter = true
	auto.offset.reset = latest
	bootstrap.servers = [37.194.168.90:9092]
	check.crcs = true
	client.dns.lookup = use_all_dns_ips
	client.id = consumer-auth_service-7
	client.rack = 
	connections.max.idle.ms = 540000
	default.api.timeout.ms = 60000
	enable.auto.commit = false
	enable.metrics.push = true
	exclude.internal.topics = true
	fetch.max.bytes = 52428800
	fetch.max.wait.ms = 500
	fetch.min.bytes = 1
	group.id = auth_service
	group.instance.id = null
	group.protocol = classic
	group.remote.assignor = null
	heartbeat.interval.ms = 3000
	interceptor.classes = []
	internal.leave.group.on.close = true
	internal.throw.on.fetch.stable.offset.unsupported = false
	isolation.level = read_uncommitted
	key.deserializer = class org.apache.kafka.common.serialization.StringDeserializer
	max.partition.fetch.bytes = 1048576
	max.poll.interval.ms = 300000
	max.poll.records = 500
	metadata.max.age.ms = 300000
	metric.reporters = []
	metrics.num.samples = 2
	metrics.recording.level = INFO
	metrics.sample.window.ms = 30000
	partition.assignment.strategy = [class org.apache.kafka.clients.consumer.RangeAssignor, class org.apache.kafka.clients.consumer.CooperativeStickyAssignor]
	receive.buffer.bytes = 65536
	reconnect.backoff.max.ms = 1000
	reconnect.backoff.ms = 50
	request.timeout.ms = 30000
	retry.backoff.max.ms = 1000
	retry.backoff.ms = 100
	sasl.client.callback.handler.class = null
	sasl.jaas.config = null
	sasl.kerberos.kinit.cmd = /usr/bin/kinit
	sasl.kerberos.min.time.before.relogin = 60000
	sasl.kerberos.service.name = null
	sasl.kerberos.ticket.renew.jitter = 0.05
	sasl.kerberos.ticket.renew.window.factor = 0.8
	sasl.login.callback.handler.class = null
	sasl.login.class = null
	sasl.login.connect.timeout.ms = null
	sasl.login.read.timeout.ms = null
	sasl.login.refresh.buffer.seconds = 300
	sasl.login.refresh.min.period.seconds = 60
	sasl.login.refresh.window.factor = 0.8
	sasl.login.refresh.window.jitter = 0.05
	sasl.login.retry.backoff.max.ms = 10000
	sasl.login.retry.backoff.ms = 100
	sasl.mechanism = GSSAPI
	sasl.oauthbearer.clock.skew.seconds = 30
	sasl.oauthbearer.expected.audience = null
	sasl.oauthbearer.expected.issuer = null
	sasl.oauthbearer.jwks.endpoint.refresh.ms = 3600000
	sasl.oauthbearer.jwks.endpoint.retry.backoff.max.ms = 10000
	sasl.oauthbearer.jwks.endpoint.retry.backoff.ms = 100
	sasl.oauthbearer.jwks.endpoint.url = null
	sasl.oauthbearer.scope.claim.name = scope
	sasl.oauthbearer.sub.claim.name = sub
	sasl.oauthbearer.token.endpoint.url = null
	security.protocol = PLAINTEXT
	security.providers = null
	send.buffer.bytes = 131072
	session.timeout.ms = 45000
	socket.connection.setup.timeout.max.ms = 30000
	socket.connection.setup.timeout.ms = 10000
	ssl.cipher.suites = null
	ssl.enabled.protocols = [TLSv1.2, TLSv1.3]
	ssl.endpoint.identification.algorithm = https
	ssl.engine.factory.class = null
	ssl.key.password = null
	ssl.keymanager.algorithm = SunX509
	ssl.keystore.certificate.chain = null
	ssl.keystore.key = null
	ssl.keystore.location = null
	ssl.keystore.password = null
	ssl.keystore.type = JKS
	ssl.protocol = TLSv1.3
	ssl.provider = null
	ssl.secure.random.implementation = null
	ssl.trustmanager.algorithm = PKIX
	ssl.truststore.certificates = null
	ssl.truststore.location = null
	ssl.truststore.password = null
	ssl.truststore.type = JKS
	value.deserializer = class org.apache.kafka.common.serialization.StringDeserializer

2024-12-15 13:53:25 INFO  o.a.k.c.t.i.KafkaMetricsCollector - initializing Kafka metrics collector
2024-12-15 13:53:25 INFO  o.a.kafka.common.utils.AppInfoParser - Kafka version: 3.7.1
2024-12-15 13:53:25 INFO  o.a.kafka.common.utils.AppInfoParser - Kafka commitId: e2494e6ffb89f828
2024-12-15 13:53:25 INFO  o.a.kafka.common.utils.AppInfoParser - Kafka startTimeMs: 1734245605661
2024-12-15 13:53:25 INFO  o.a.k.c.c.i.LegacyKafkaConsumer - [Consumer clientId=consumer-auth_service-7, groupId=auth_service] Subscribed to topic(s): filter
2024-12-15 13:53:25 INFO  o.a.k.c.consumer.ConsumerConfig - ConsumerConfig values: 
	allow.auto.create.topics = true
	auto.commit.interval.ms = 5000
	auto.include.jmx.reporter = true
	auto.offset.reset = latest
	bootstrap.servers = [37.194.168.90:9092]
	check.crcs = true
	client.dns.lookup = use_all_dns_ips
	client.id = consumer-auth_service-8
	client.rack = 
	connections.max.idle.ms = 540000
	default.api.timeout.ms = 60000
	enable.auto.commit = false
	enable.metrics.push = true
	exclude.internal.topics = true
	fetch.max.bytes = 52428800
	fetch.max.wait.ms = 500
	fetch.min.bytes = 1
	group.id = auth_service
	group.instance.id = null
	group.protocol = classic
	group.remote.assignor = null
	heartbeat.interval.ms = 3000
	interceptor.classes = []
	internal.leave.group.on.close = true
	internal.throw.on.fetch.stable.offset.unsupported = false
	isolation.level = read_uncommitted
	key.deserializer = class org.apache.kafka.common.serialization.StringDeserializer
	max.partition.fetch.bytes = 1048576
	max.poll.interval.ms = 300000
	max.poll.records = 500
	metadata.max.age.ms = 300000
	metric.reporters = []
	metrics.num.samples = 2
	metrics.recording.level = INFO
	metrics.sample.window.ms = 30000
	partition.assignment.strategy = [class org.apache.kafka.clients.consumer.RangeAssignor, class org.apache.kafka.clients.consumer.CooperativeStickyAssignor]
	receive.buffer.bytes = 65536
	reconnect.backoff.max.ms = 1000
	reconnect.backoff.ms = 50
	request.timeout.ms = 30000
	retry.backoff.max.ms = 1000
	retry.backoff.ms = 100
	sasl.client.callback.handler.class = null
	sasl.jaas.config = null
	sasl.kerberos.kinit.cmd = /usr/bin/kinit
	sasl.kerberos.min.time.before.relogin = 60000
	sasl.kerberos.service.name = null
	sasl.kerberos.ticket.renew.jitter = 0.05
	sasl.kerberos.ticket.renew.window.factor = 0.8
	sasl.login.callback.handler.class = null
	sasl.login.class = null
	sasl.login.connect.timeout.ms = null
	sasl.login.read.timeout.ms = null
	sasl.login.refresh.buffer.seconds = 300
	sasl.login.refresh.min.period.seconds = 60
	sasl.login.refresh.window.factor = 0.8
	sasl.login.refresh.window.jitter = 0.05
	sasl.login.retry.backoff.max.ms = 10000
	sasl.login.retry.backoff.ms = 100
	sasl.mechanism = GSSAPI
	sasl.oauthbearer.clock.skew.seconds = 30
	sasl.oauthbearer.expected.audience = null
	sasl.oauthbearer.expected.issuer = null
	sasl.oauthbearer.jwks.endpoint.refresh.ms = 3600000
	sasl.oauthbearer.jwks.endpoint.retry.backoff.max.ms = 10000
	sasl.oauthbearer.jwks.endpoint.retry.backoff.ms = 100
	sasl.oauthbearer.jwks.endpoint.url = null
	sasl.oauthbearer.scope.claim.name = scope
	sasl.oauthbearer.sub.claim.name = sub
	sasl.oauthbearer.token.endpoint.url = null
	security.protocol = PLAINTEXT
	security.providers = null
	send.buffer.bytes = 131072
	session.timeout.ms = 45000
	socket.connection.setup.timeout.max.ms = 30000
	socket.connection.setup.timeout.ms = 10000
	ssl.cipher.suites = null
	ssl.enabled.protocols = [TLSv1.2, TLSv1.3]
	ssl.endpoint.identification.algorithm = https
	ssl.engine.factory.class = null
	ssl.key.password = null
	ssl.keymanager.algorithm = SunX509
	ssl.keystore.certificate.chain = null
	ssl.keystore.key = null
	ssl.keystore.location = null
	ssl.keystore.password = null
	ssl.keystore.type = JKS
	ssl.protocol = TLSv1.3
	ssl.provider = null
	ssl.secure.random.implementation = null
	ssl.trustmanager.algorithm = PKIX
	ssl.truststore.certificates = null
	ssl.truststore.location = null
	ssl.truststore.password = null
	ssl.truststore.type = JKS
	value.deserializer = class org.apache.kafka.common.serialization.StringDeserializer

2024-12-15 13:53:25 INFO  o.a.k.c.t.i.KafkaMetricsCollector - initializing Kafka metrics collector
2024-12-15 13:53:25 INFO  o.a.kafka.common.utils.AppInfoParser - Kafka version: 3.7.1
2024-12-15 13:53:25 INFO  o.a.kafka.common.utils.AppInfoParser - Kafka commitId: e2494e6ffb89f828
2024-12-15 13:53:25 INFO  o.a.kafka.common.utils.AppInfoParser - Kafka startTimeMs: 1734245605666
2024-12-15 13:53:25 INFO  o.a.k.c.c.i.LegacyKafkaConsumer - [Consumer clientId=consumer-auth_service-8, groupId=auth_service] Subscribed to topic(s): start
2024-12-15 13:53:25 INFO  c.e.demo.HhRecruiterApplicationKt - Started HhRecruiterApplicationKt in 9.326 seconds (process running for 9.767)
2024-12-15 13:53:25 INFO  c.e.demo.service.NotificationService - Запуск нотификации
2024-12-15 13:53:26 INFO  org.apache.kafka.clients.Metadata - [Consumer clientId=consumer-auth_service-4, groupId=auth_service] Cluster ID: rs0KtrdkQsGY2gwAHle7dQ
2024-12-15 13:53:26 INFO  org.apache.kafka.clients.Metadata - [Consumer clientId=consumer-auth_service-8, groupId=auth_service] Cluster ID: rs0KtrdkQsGY2gwAHle7dQ
2024-12-15 13:53:26 INFO  o.a.k.c.c.i.ConsumerCoordinator - [Consumer clientId=consumer-auth_service-4, groupId=auth_service] Discovered group coordinator 37.194.168.90:9092 (id: 2147483646 rack: null)
2024-12-15 13:53:26 INFO  org.apache.kafka.clients.Metadata - [Consumer clientId=consumer-auth_service-1, groupId=auth_service] Cluster ID: rs0KtrdkQsGY2gwAHle7dQ
2024-12-15 13:53:26 INFO  o.a.k.c.c.i.ConsumerCoordinator - [Consumer clientId=consumer-auth_service-8, groupId=auth_service] Discovered group coordinator 37.194.168.90:9092 (id: 2147483646 rack: null)
2024-12-15 13:53:26 INFO  org.apache.kafka.clients.Metadata - [Consumer clientId=consumer-auth_service-5, groupId=auth_service] Cluster ID: rs0KtrdkQsGY2gwAHle7dQ
2024-12-15 13:53:26 INFO  o.a.k.c.c.i.ConsumerCoordinator - [Consumer clientId=consumer-auth_service-5, groupId=auth_service] Discovered group coordinator 37.194.168.90:9092 (id: 2147483646 rack: null)
2024-12-15 13:53:26 INFO  o.a.k.c.c.i.ConsumerCoordinator - [Consumer clientId=consumer-auth_service-1, groupId=auth_service] Discovered group coordinator 37.194.168.90:9092 (id: 2147483646 rack: null)
2024-12-15 13:53:26 INFO  o.a.k.c.c.i.ConsumerCoordinator - [Consumer clientId=consumer-auth_service-8, groupId=auth_service] (Re-)joining group
2024-12-15 13:53:26 INFO  o.a.k.c.c.i.ConsumerCoordinator - [Consumer clientId=consumer-auth_service-4, groupId=auth_service] (Re-)joining group
2024-12-15 13:53:26 INFO  o.a.k.c.c.i.ConsumerCoordinator - [Consumer clientId=consumer-auth_service-5, groupId=auth_service] (Re-)joining group
2024-12-15 13:53:26 INFO  o.a.k.c.c.i.ConsumerCoordinator - [Consumer clientId=consumer-auth_service-1, groupId=auth_service] (Re-)joining group
2024-12-15 13:53:26 INFO  org.apache.kafka.clients.Metadata - [Consumer clientId=consumer-auth_service-6, groupId=auth_service] Cluster ID: rs0KtrdkQsGY2gwAHle7dQ
2024-12-15 13:53:26 INFO  org.apache.kafka.clients.Metadata - [Consumer clientId=consumer-auth_service-3, groupId=auth_service] Cluster ID: rs0KtrdkQsGY2gwAHle7dQ
2024-12-15 13:53:26 INFO  org.apache.kafka.clients.Metadata - [Consumer clientId=consumer-auth_service-7, groupId=auth_service] Cluster ID: rs0KtrdkQsGY2gwAHle7dQ
2024-12-15 13:53:26 INFO  o.a.k.c.c.i.ConsumerCoordinator - [Consumer clientId=consumer-auth_service-6, groupId=auth_service] Discovered group coordinator 37.194.168.90:9092 (id: 2147483646 rack: null)
2024-12-15 13:53:26 INFO  o.a.k.c.c.i.ConsumerCoordinator - [Consumer clientId=consumer-auth_service-6, groupId=auth_service] (Re-)joining group
2024-12-15 13:53:26 INFO  org.apache.kafka.clients.Metadata - [Consumer clientId=consumer-auth_service-2, groupId=auth_service] Cluster ID: rs0KtrdkQsGY2gwAHle7dQ
2024-12-15 13:53:26 INFO  o.a.k.c.c.i.ConsumerCoordinator - [Consumer clientId=consumer-auth_service-7, groupId=auth_service] Discovered group coordinator 37.194.168.90:9092 (id: 2147483646 rack: null)
2024-12-15 13:53:26 INFO  o.a.k.c.c.i.ConsumerCoordinator - [Consumer clientId=consumer-auth_service-3, groupId=auth_service] Discovered group coordinator 37.194.168.90:9092 (id: 2147483646 rack: null)
2024-12-15 13:53:26 INFO  o.a.k.c.c.i.ConsumerCoordinator - [Consumer clientId=consumer-auth_service-7, groupId=auth_service] (Re-)joining group
2024-12-15 13:53:26 INFO  o.a.k.c.c.i.ConsumerCoordinator - [Consumer clientId=consumer-auth_service-2, groupId=auth_service] Discovered group coordinator 37.194.168.90:9092 (id: 2147483646 rack: null)
2024-12-15 13:53:26 INFO  o.a.k.c.c.i.ConsumerCoordinator - [Consumer clientId=consumer-auth_service-3, groupId=auth_service] (Re-)joining group
2024-12-15 13:53:26 INFO  o.a.k.c.c.i.ConsumerCoordinator - [Consumer clientId=consumer-auth_service-2, groupId=auth_service] (Re-)joining group
2024-12-15 13:53:26 INFO  o.a.k.c.c.i.ConsumerCoordinator - [Consumer clientId=consumer-auth_service-2, groupId=auth_service] Request joining group due to: need to re-join with the given member-id: consumer-auth_service-2-636c8055-37e8-4418-b906-2defe57efcba
2024-12-15 13:53:26 INFO  o.a.k.c.c.i.ConsumerCoordinator - [Consumer clientId=consumer-auth_service-2, groupId=auth_service] (Re-)joining group
2024-12-15 13:53:26 INFO  o.a.k.c.c.i.ConsumerCoordinator - [Consumer clientId=consumer-auth_service-8, groupId=auth_service] Request joining group due to: need to re-join with the given member-id: consumer-auth_service-8-b3ac41ef-0f84-45c3-8e5a-cf039a15dc31
2024-12-15 13:53:26 INFO  o.a.k.c.c.i.ConsumerCoordinator - [Consumer clientId=consumer-auth_service-8, groupId=auth_service] (Re-)joining group
2024-12-15 13:53:26 INFO  o.a.k.c.c.i.ConsumerCoordinator - [Consumer clientId=consumer-auth_service-3, groupId=auth_service] Request joining group due to: need to re-join with the given member-id: consumer-auth_service-3-f8655498-8dd5-4a67-9e84-20cd9ec18e16
2024-12-15 13:53:26 INFO  o.a.k.c.c.i.ConsumerCoordinator - [Consumer clientId=consumer-auth_service-3, groupId=auth_service] (Re-)joining group
2024-12-15 13:53:26 INFO  o.a.k.c.c.i.ConsumerCoordinator - [Consumer clientId=consumer-auth_service-4, groupId=auth_service] Request joining group due to: need to re-join with the given member-id: consumer-auth_service-4-15b5e6d3-70e7-4d63-abb9-8dbf338ce6a5
2024-12-15 13:53:26 INFO  o.a.k.c.c.i.ConsumerCoordinator - [Consumer clientId=consumer-auth_service-7, groupId=auth_service] Request joining group due to: need to re-join with the given member-id: consumer-auth_service-7-88e48f8c-cc45-4e61-bd32-befa47b07b4d
2024-12-15 13:53:26 INFO  o.a.k.c.c.i.ConsumerCoordinator - [Consumer clientId=consumer-auth_service-5, groupId=auth_service] Request joining group due to: need to re-join with the given member-id: consumer-auth_service-5-39b811a2-ccf2-461e-bae9-bb967d9dcae6
2024-12-15 13:53:26 INFO  o.a.k.c.c.i.ConsumerCoordinator - [Consumer clientId=consumer-auth_service-4, groupId=auth_service] (Re-)joining group
2024-12-15 13:53:26 INFO  o.a.k.c.c.i.ConsumerCoordinator - [Consumer clientId=consumer-auth_service-7, groupId=auth_service] (Re-)joining group
2024-12-15 13:53:26 INFO  o.a.k.c.c.i.ConsumerCoordinator - [Consumer clientId=consumer-auth_service-5, groupId=auth_service] (Re-)joining group
2024-12-15 13:53:26 INFO  o.a.k.c.c.i.ConsumerCoordinator - [Consumer clientId=consumer-auth_service-6, groupId=auth_service] Request joining group due to: need to re-join with the given member-id: consumer-auth_service-6-0495a137-b3de-4433-a763-152e0a71bcac
2024-12-15 13:53:26 INFO  o.a.k.c.c.i.ConsumerCoordinator - [Consumer clientId=consumer-auth_service-6, groupId=auth_service] (Re-)joining group
2024-12-15 13:53:26 INFO  o.a.k.c.c.i.ConsumerCoordinator - [Consumer clientId=consumer-auth_service-1, groupId=auth_service] Request joining group due to: need to re-join with the given member-id: consumer-auth_service-1-3725b423-8b78-4727-b1da-ed6ee9de2ae2
2024-12-15 13:53:26 INFO  o.a.k.c.c.i.ConsumerCoordinator - [Consumer clientId=consumer-auth_service-1, groupId=auth_service] (Re-)joining group
2024-12-15 13:53:27 INFO  c.e.demo.service.NotificationService - Всего пользователей: 1
2024-12-15 13:53:27 INFO  c.e.demo.service.VacancyService - https://api.hh.ru/negotiations?status=active
2024-12-15 13:53:27 DEBUG c.e.demo.service.NotificationService - Отправка уведомления в Telegram: []
2024-12-15 13:53:29 INFO  o.a.k.c.c.i.ConsumerCoordinator - [Consumer clientId=consumer-auth_service-8, groupId=auth_service] Successfully joined group with generation Generation{generationId=1245, memberId='consumer-auth_service-8-b3ac41ef-0f84-45c3-8e5a-cf039a15dc31', protocol='range'}
2024-12-15 13:53:29 INFO  o.a.k.c.c.i.ConsumerCoordinator - [Consumer clientId=consumer-auth_service-2, groupId=auth_service] Successfully joined group with generation Generation{generationId=1245, memberId='consumer-auth_service-2-636c8055-37e8-4418-b906-2defe57efcba', protocol='range'}
2024-12-15 13:53:29 INFO  o.a.k.c.c.i.ConsumerCoordinator - [Consumer clientId=consumer-auth_service-3, groupId=auth_service] Successfully joined group with generation Generation{generationId=1245, memberId='consumer-auth_service-3-f8655498-8dd5-4a67-9e84-20cd9ec18e16', protocol='range'}
2024-12-15 13:53:29 INFO  o.a.k.c.c.i.ConsumerCoordinator - [Consumer clientId=consumer-auth_service-6, groupId=auth_service] Successfully joined group with generation Generation{generationId=1245, memberId='consumer-auth_service-6-0495a137-b3de-4433-a763-152e0a71bcac', protocol='range'}
2024-12-15 13:53:29 INFO  o.a.k.c.c.i.ConsumerCoordinator - [Consumer clientId=consumer-auth_service-4, groupId=auth_service] Successfully joined group with generation Generation{generationId=1245, memberId='consumer-auth_service-4-15b5e6d3-70e7-4d63-abb9-8dbf338ce6a5', protocol='range'}
2024-12-15 13:53:29 INFO  o.a.k.c.c.i.ConsumerCoordinator - [Consumer clientId=consumer-auth_service-5, groupId=auth_service] Successfully joined group with generation Generation{generationId=1245, memberId='consumer-auth_service-5-39b811a2-ccf2-461e-bae9-bb967d9dcae6', protocol='range'}
2024-12-15 13:53:29 INFO  o.a.k.c.c.i.ConsumerCoordinator - [Consumer clientId=consumer-auth_service-7, groupId=auth_service] Successfully joined group with generation Generation{generationId=1245, memberId='consumer-auth_service-7-88e48f8c-cc45-4e61-bd32-befa47b07b4d', protocol='range'}
2024-12-15 13:53:29 INFO  o.a.k.c.c.i.ConsumerCoordinator - [Consumer clientId=consumer-auth_service-1, groupId=auth_service] Successfully joined group with generation Generation{generationId=1245, memberId='consumer-auth_service-1-3725b423-8b78-4727-b1da-ed6ee9de2ae2', protocol='range'}
2024-12-15 13:53:29 INFO  o.a.k.c.c.i.ConsumerCoordinator - [Consumer clientId=consumer-auth_service-2, groupId=auth_service] Finished assignment for group at generation 1245: {consumer-auth_service-6-0495a137-b3de-4433-a763-152e0a71bcac=Assignment(partitions=[registry-0]), consumer-auth_service-2-636c8055-37e8-4418-b906-2defe57efcba=Assignment(partitions=[profile-0]), consumer-auth_service-1-3725b423-8b78-4727-b1da-ed6ee9de2ae2=Assignment(partitions=[ping-0]), consumer-auth_service-3-f8655498-8dd5-4a67-9e84-20cd9ec18e16=Assignment(partitions=[stop-0]), consumer-auth_service-8-b3ac41ef-0f84-45c3-8e5a-cf039a15dc31=Assignment(partitions=[start-0]), consumer-auth_service-4-15b5e6d3-70e7-4d63-abb9-8dbf338ce6a5=Assignment(partitions=[status-0]), consumer-auth_service-7-88e48f8c-cc45-4e61-bd32-befa47b07b4d=Assignment(partitions=[filter-0]), consumer-auth_service-5-39b811a2-ccf2-461e-bae9-bb967d9dcae6=Assignment(partitions=[getLink-0])}
2024-12-15 13:53:29 INFO  o.a.k.c.c.i.ConsumerCoordinator - [Consumer clientId=consumer-auth_service-8, groupId=auth_service] Successfully synced group in generation Generation{generationId=1245, memberId='consumer-auth_service-8-b3ac41ef-0f84-45c3-8e5a-cf039a15dc31', protocol='range'}
2024-12-15 13:53:29 INFO  o.a.k.c.c.i.ConsumerCoordinator - [Consumer clientId=consumer-auth_service-8, groupId=auth_service] Notifying assignor about the new Assignment(partitions=[start-0])
2024-12-15 13:53:29 INFO  o.a.k.c.c.i.ConsumerCoordinator - [Consumer clientId=consumer-auth_service-2, groupId=auth_service] Successfully synced group in generation Generation{generationId=1245, memberId='consumer-auth_service-2-636c8055-37e8-4418-b906-2defe57efcba', protocol='range'}
2024-12-15 13:53:29 INFO  o.a.k.c.c.i.ConsumerCoordinator - [Consumer clientId=consumer-auth_service-2, groupId=auth_service] Notifying assignor about the new Assignment(partitions=[profile-0])
2024-12-15 13:53:29 INFO  o.a.k.c.c.i.ConsumerRebalanceListenerInvoker - [Consumer clientId=consumer-auth_service-2, groupId=auth_service] Adding newly assigned partitions: profile-0
2024-12-15 13:53:29 INFO  o.a.k.c.c.i.ConsumerRebalanceListenerInvoker - [Consumer clientId=consumer-auth_service-8, groupId=auth_service] Adding newly assigned partitions: start-0
2024-12-15 13:53:29 INFO  o.a.k.c.c.i.ConsumerCoordinator - [Consumer clientId=consumer-auth_service-3, groupId=auth_service] Successfully synced group in generation Generation{generationId=1245, memberId='consumer-auth_service-3-f8655498-8dd5-4a67-9e84-20cd9ec18e16', protocol='range'}
2024-12-15 13:53:29 INFO  o.a.k.c.c.i.ConsumerCoordinator - [Consumer clientId=consumer-auth_service-3, groupId=auth_service] Notifying assignor about the new Assignment(partitions=[stop-0])
2024-12-15 13:53:29 INFO  o.a.k.c.c.i.ConsumerRebalanceListenerInvoker - [Consumer clientId=consumer-auth_service-3, groupId=auth_service] Adding newly assigned partitions: stop-0
2024-12-15 13:53:29 INFO  o.a.k.c.c.i.ConsumerCoordinator - [Consumer clientId=consumer-auth_service-5, groupId=auth_service] Successfully synced group in generation Generation{generationId=1245, memberId='consumer-auth_service-5-39b811a2-ccf2-461e-bae9-bb967d9dcae6', protocol='range'}
2024-12-15 13:53:29 INFO  o.a.k.c.c.i.ConsumerCoordinator - [Consumer clientId=consumer-auth_service-5, groupId=auth_service] Notifying assignor about the new Assignment(partitions=[getLink-0])
2024-12-15 13:53:29 INFO  o.a.k.c.c.i.ConsumerRebalanceListenerInvoker - [Consumer clientId=consumer-auth_service-5, groupId=auth_service] Adding newly assigned partitions: getLink-0
2024-12-15 13:53:29 INFO  o.a.k.c.c.i.ConsumerCoordinator - [Consumer clientId=consumer-auth_service-6, groupId=auth_service] Successfully synced group in generation Generation{generationId=1245, memberId='consumer-auth_service-6-0495a137-b3de-4433-a763-152e0a71bcac', protocol='range'}
2024-12-15 13:53:29 INFO  o.a.k.c.c.i.ConsumerCoordinator - [Consumer clientId=consumer-auth_service-7, groupId=auth_service] Successfully synced group in generation Generation{generationId=1245, memberId='consumer-auth_service-7-88e48f8c-cc45-4e61-bd32-befa47b07b4d', protocol='range'}
2024-12-15 13:53:29 INFO  o.a.k.c.c.i.ConsumerCoordinator - [Consumer clientId=consumer-auth_service-6, groupId=auth_service] Notifying assignor about the new Assignment(partitions=[registry-0])
2024-12-15 13:53:29 INFO  o.a.k.c.c.i.ConsumerRebalanceListenerInvoker - [Consumer clientId=consumer-auth_service-6, groupId=auth_service] Adding newly assigned partitions: registry-0
2024-12-15 13:53:29 INFO  o.a.k.c.c.i.ConsumerCoordinator - [Consumer clientId=consumer-auth_service-7, groupId=auth_service] Notifying assignor about the new Assignment(partitions=[filter-0])
2024-12-15 13:53:29 INFO  o.a.k.c.c.i.ConsumerRebalanceListenerInvoker - [Consumer clientId=consumer-auth_service-7, groupId=auth_service] Adding newly assigned partitions: filter-0
2024-12-15 13:53:29 INFO  o.a.k.c.c.i.ConsumerCoordinator - [Consumer clientId=consumer-auth_service-4, groupId=auth_service] Successfully synced group in generation Generation{generationId=1245, memberId='consumer-auth_service-4-15b5e6d3-70e7-4d63-abb9-8dbf338ce6a5', protocol='range'}
2024-12-15 13:53:29 INFO  o.a.k.c.c.i.ConsumerCoordinator - [Consumer clientId=consumer-auth_service-4, groupId=auth_service] Notifying assignor about the new Assignment(partitions=[status-0])
2024-12-15 13:53:29 INFO  o.a.k.c.c.i.ConsumerRebalanceListenerInvoker - [Consumer clientId=consumer-auth_service-4, groupId=auth_service] Adding newly assigned partitions: status-0
2024-12-15 13:53:29 INFO  o.a.k.c.c.i.ConsumerCoordinator - [Consumer clientId=consumer-auth_service-1, groupId=auth_service] Successfully synced group in generation Generation{generationId=1245, memberId='consumer-auth_service-1-3725b423-8b78-4727-b1da-ed6ee9de2ae2', protocol='range'}
2024-12-15 13:53:29 INFO  o.a.k.c.c.i.ConsumerCoordinator - [Consumer clientId=consumer-auth_service-1, groupId=auth_service] Notifying assignor about the new Assignment(partitions=[ping-0])
2024-12-15 13:53:29 INFO  o.a.k.c.c.i.ConsumerRebalanceListenerInvoker - [Consumer clientId=consumer-auth_service-1, groupId=auth_service] Adding newly assigned partitions: ping-0
2024-12-15 13:53:30 INFO  o.a.k.c.c.internals.ConsumerUtils - Setting offset for partition profile-0 to the committed offset FetchPosition{offset=60, offsetEpoch=Optional.empty, currentLeader=LeaderAndEpoch{leader=Optional[37.194.168.90:9092 (id: 1 rack: null)], epoch=0}}
2024-12-15 13:53:30 INFO  o.a.k.c.c.internals.ConsumerUtils - Setting offset for partition start-0 to the committed offset FetchPosition{offset=243, offsetEpoch=Optional.empty, currentLeader=LeaderAndEpoch{leader=Optional[37.194.168.90:9092 (id: 1 rack: null)], epoch=0}}
2024-12-15 13:53:30 INFO  o.s.k.l.KafkaMessageListenerContainer - auth_service: partitions assigned: [profile-0]
2024-12-15 13:53:30 INFO  o.a.k.c.c.internals.ConsumerUtils - Setting offset for partition stop-0 to the committed offset FetchPosition{offset=20, offsetEpoch=Optional.empty, currentLeader=LeaderAndEpoch{leader=Optional[37.194.168.90:9092 (id: 1 rack: null)], epoch=0}}
2024-12-15 13:53:30 INFO  o.a.k.c.c.internals.ConsumerUtils - Setting offset for partition getLink-0 to the committed offset FetchPosition{offset=86, offsetEpoch=Optional.empty, currentLeader=LeaderAndEpoch{leader=Optional[37.194.168.90:9092 (id: 1 rack: null)], epoch=0}}
2024-12-15 13:53:30 INFO  o.a.k.c.c.internals.ConsumerUtils - Setting offset for partition status-0 to the committed offset FetchPosition{offset=85, offsetEpoch=Optional.empty, currentLeader=LeaderAndEpoch{leader=Optional[37.194.168.90:9092 (id: 1 rack: null)], epoch=0}}
2024-12-15 13:53:30 INFO  o.a.k.c.c.internals.ConsumerUtils - Setting offset for partition filter-0 to the committed offset FetchPosition{offset=62, offsetEpoch=Optional.empty, currentLeader=LeaderAndEpoch{leader=Optional[37.194.168.90:9092 (id: 1 rack: null)], epoch=0}}
2024-12-15 13:53:30 INFO  o.s.k.l.KafkaMessageListenerContainer - auth_service: partitions assigned: [getLink-0]
2024-12-15 13:53:30 INFO  o.a.k.c.c.internals.ConsumerUtils - Setting offset for partition registry-0 to the committed offset FetchPosition{offset=143, offsetEpoch=Optional.empty, currentLeader=LeaderAndEpoch{leader=Optional[37.194.168.90:9092 (id: 1 rack: null)], epoch=0}}
2024-12-15 13:53:30 INFO  o.a.k.c.c.internals.ConsumerUtils - Setting offset for partition ping-0 to the committed offset FetchPosition{offset=1142, offsetEpoch=Optional.empty, currentLeader=LeaderAndEpoch{leader=Optional[37.194.168.90:9092 (id: 1 rack: null)], epoch=0}}
2024-12-15 13:53:30 INFO  o.s.k.l.KafkaMessageListenerContainer - auth_service: partitions assigned: [ping-0]
2024-12-15 13:53:30 INFO  o.s.k.l.KafkaMessageListenerContainer - auth_service: partitions assigned: [start-0]
2024-12-15 13:53:30 INFO  o.s.k.l.KafkaMessageListenerContainer - auth_service: partitions assigned: [stop-0]
2024-12-15 13:53:30 INFO  o.s.k.l.KafkaMessageListenerContainer - auth_service: partitions assigned: [status-0]
2024-12-15 13:53:30 INFO  o.s.k.l.KafkaMessageListenerContainer - auth_service: partitions assigned: [filter-0]
2024-12-15 13:53:30 INFO  o.s.k.l.KafkaMessageListenerContainer - auth_service: partitions assigned: [registry-0]
2024-12-15 13:54:21 INFO  o.a.k.c.c.i.ConsumerRebalanceListenerInvoker - [Consumer clientId=consumer-auth_service-1, groupId=auth_service] Revoke previously assigned partitions ping-0
2024-12-15 13:54:21 INFO  o.a.k.c.c.i.ConsumerRebalanceListenerInvoker - [Consumer clientId=consumer-auth_service-3, groupId=auth_service] Revoke previously assigned partitions stop-0
2024-12-15 13:54:21 INFO  o.a.k.c.c.i.ConsumerRebalanceListenerInvoker - [Consumer clientId=consumer-auth_service-2, groupId=auth_service] Revoke previously assigned partitions profile-0
2024-12-15 13:54:21 INFO  o.a.k.c.c.i.ConsumerRebalanceListenerInvoker - [Consumer clientId=consumer-auth_service-5, groupId=auth_service] Revoke previously assigned partitions getLink-0
2024-12-15 13:54:21 INFO  o.a.k.c.c.i.ConsumerRebalanceListenerInvoker - [Consumer clientId=consumer-auth_service-4, groupId=auth_service] Revoke previously assigned partitions status-0
2024-12-15 13:54:21 INFO  o.a.k.c.c.i.ConsumerRebalanceListenerInvoker - [Consumer clientId=consumer-auth_service-7, groupId=auth_service] Revoke previously assigned partitions filter-0
2024-12-15 13:54:21 INFO  o.a.k.c.c.i.ConsumerRebalanceListenerInvoker - [Consumer clientId=consumer-auth_service-6, groupId=auth_service] Revoke previously assigned partitions registry-0
2024-12-15 13:54:21 INFO  o.a.k.c.c.i.ConsumerRebalanceListenerInvoker - [Consumer clientId=consumer-auth_service-8, groupId=auth_service] Revoke previously assigned partitions start-0
2024-12-15 13:54:21 INFO  o.s.k.l.KafkaMessageListenerContainer - auth_service: partitions revoked: [ping-0]
2024-12-15 13:54:21 INFO  o.s.k.l.KafkaMessageListenerContainer - auth_service: partitions revoked: [start-0]
2024-12-15 13:54:21 INFO  o.s.k.l.KafkaMessageListenerContainer - auth_service: partitions revoked: [profile-0]
2024-12-15 13:54:21 INFO  o.s.k.l.KafkaMessageListenerContainer - auth_service: partitions revoked: [filter-0]
2024-12-15 13:54:21 INFO  o.s.k.l.KafkaMessageListenerContainer - auth_service: partitions revoked: [stop-0]
2024-12-15 13:54:21 INFO  o.s.k.l.KafkaMessageListenerContainer - auth_service: partitions revoked: [status-0]
2024-12-15 13:54:21 INFO  o.s.k.l.KafkaMessageListenerContainer - auth_service: partitions revoked: [getLink-0]
2024-12-15 13:54:21 INFO  o.s.k.l.KafkaMessageListenerContainer - auth_service: partitions revoked: [registry-0]
2024-12-15 13:54:21 INFO  o.a.k.c.c.i.ConsumerCoordinator - [Consumer clientId=consumer-auth_service-8, groupId=auth_service] Member consumer-auth_service-8-b3ac41ef-0f84-45c3-8e5a-cf039a15dc31 sending LeaveGroup request to coordinator 37.194.168.90:9092 (id: 2147483646 rack: null) due to the consumer unsubscribed from all topics
2024-12-15 13:54:21 INFO  o.a.k.c.c.i.ConsumerCoordinator - [Consumer clientId=consumer-auth_service-4, groupId=auth_service] Member consumer-auth_service-4-15b5e6d3-70e7-4d63-abb9-8dbf338ce6a5 sending LeaveGroup request to coordinator 37.194.168.90:9092 (id: 2147483646 rack: null) due to the consumer unsubscribed from all topics
2024-12-15 13:54:21 INFO  o.a.k.c.c.i.ConsumerCoordinator - [Consumer clientId=consumer-auth_service-5, groupId=auth_service] Member consumer-auth_service-5-39b811a2-ccf2-461e-bae9-bb967d9dcae6 sending LeaveGroup request to coordinator 37.194.168.90:9092 (id: 2147483646 rack: null) due to the consumer unsubscribed from all topics
2024-12-15 13:54:21 INFO  o.a.k.c.c.i.ConsumerCoordinator - [Consumer clientId=consumer-auth_service-2, groupId=auth_service] Member consumer-auth_service-2-636c8055-37e8-4418-b906-2defe57efcba sending LeaveGroup request to coordinator 37.194.168.90:9092 (id: 2147483646 rack: null) due to the consumer unsubscribed from all topics
2024-12-15 13:54:21 INFO  o.a.k.c.c.i.ConsumerCoordinator - [Consumer clientId=consumer-auth_service-7, groupId=auth_service] Member consumer-auth_service-7-88e48f8c-cc45-4e61-bd32-befa47b07b4d sending LeaveGroup request to coordinator 37.194.168.90:9092 (id: 2147483646 rack: null) due to the consumer unsubscribed from all topics
2024-12-15 13:54:21 INFO  o.a.k.c.c.i.ConsumerCoordinator - [Consumer clientId=consumer-auth_service-1, groupId=auth_service] Member consumer-auth_service-1-3725b423-8b78-4727-b1da-ed6ee9de2ae2 sending LeaveGroup request to coordinator 37.194.168.90:9092 (id: 2147483646 rack: null) due to the consumer unsubscribed from all topics
2024-12-15 13:54:21 INFO  o.a.k.c.c.i.ConsumerCoordinator - [Consumer clientId=consumer-auth_service-6, groupId=auth_service] Member consumer-auth_service-6-0495a137-b3de-4433-a763-152e0a71bcac sending LeaveGroup request to coordinator 37.194.168.90:9092 (id: 2147483646 rack: null) due to the consumer unsubscribed from all topics
2024-12-15 13:54:21 INFO  o.a.k.c.c.i.ConsumerCoordinator - [Consumer clientId=consumer-auth_service-3, groupId=auth_service] Member consumer-auth_service-3-f8655498-8dd5-4a67-9e84-20cd9ec18e16 sending LeaveGroup request to coordinator 37.194.168.90:9092 (id: 2147483646 rack: null) due to the consumer unsubscribed from all topics
2024-12-15 13:54:21 INFO  o.a.k.c.c.i.ConsumerCoordinator - [Consumer clientId=consumer-auth_service-4, groupId=auth_service] Resetting generation and member id due to: consumer pro-actively leaving the group
2024-12-15 13:54:21 INFO  o.a.k.c.c.i.ConsumerCoordinator - [Consumer clientId=consumer-auth_service-5, groupId=auth_service] Resetting generation and member id due to: consumer pro-actively leaving the group
2024-12-15 13:54:21 INFO  o.a.k.c.c.i.ConsumerCoordinator - [Consumer clientId=consumer-auth_service-3, groupId=auth_service] Resetting generation and member id due to: consumer pro-actively leaving the group
2024-12-15 13:54:21 INFO  o.a.k.c.c.i.ConsumerCoordinator - [Consumer clientId=consumer-auth_service-8, groupId=auth_service] Resetting generation and member id due to: consumer pro-actively leaving the group
2024-12-15 13:54:21 INFO  o.a.k.c.c.i.ConsumerCoordinator - [Consumer clientId=consumer-auth_service-1, groupId=auth_service] Resetting generation and member id due to: consumer pro-actively leaving the group
2024-12-15 13:54:21 INFO  o.a.k.c.c.i.ConsumerCoordinator - [Consumer clientId=consumer-auth_service-6, groupId=auth_service] Resetting generation and member id due to: consumer pro-actively leaving the group
2024-12-15 13:54:21 INFO  o.a.k.c.c.i.ConsumerCoordinator - [Consumer clientId=consumer-auth_service-7, groupId=auth_service] Resetting generation and member id due to: consumer pro-actively leaving the group
2024-12-15 13:54:21 INFO  o.a.k.c.c.i.ConsumerCoordinator - [Consumer clientId=consumer-auth_service-1, groupId=auth_service] Request joining group due to: consumer pro-actively leaving the group
2024-12-15 13:54:21 INFO  o.a.k.c.c.i.ConsumerCoordinator - [Consumer clientId=consumer-auth_service-2, groupId=auth_service] Resetting generation and member id due to: consumer pro-actively leaving the group
2024-12-15 13:54:21 INFO  o.a.k.c.c.i.ConsumerCoordinator - [Consumer clientId=consumer-auth_service-4, groupId=auth_service] Request joining group due to: consumer pro-actively leaving the group
2024-12-15 13:54:21 INFO  o.a.k.c.c.i.ConsumerCoordinator - [Consumer clientId=consumer-auth_service-2, groupId=auth_service] Request joining group due to: consumer pro-actively leaving the group
2024-12-15 13:54:21 INFO  o.a.k.c.c.i.ConsumerCoordinator - [Consumer clientId=consumer-auth_service-5, groupId=auth_service] Request joining group due to: consumer pro-actively leaving the group
2024-12-15 13:54:21 INFO  o.a.k.c.c.i.ConsumerCoordinator - [Consumer clientId=consumer-auth_service-3, groupId=auth_service] Request joining group due to: consumer pro-actively leaving the group
2024-12-15 13:54:21 INFO  o.a.k.c.c.i.ConsumerCoordinator - [Consumer clientId=consumer-auth_service-8, groupId=auth_service] Request joining group due to: consumer pro-actively leaving the group
2024-12-15 13:54:21 INFO  o.a.k.c.c.i.LegacyKafkaConsumer - [Consumer clientId=consumer-auth_service-3, groupId=auth_service] Unsubscribed all topics or patterns and assigned partitions
2024-12-15 13:54:21 INFO  o.a.k.c.c.i.ConsumerCoordinator - [Consumer clientId=consumer-auth_service-6, groupId=auth_service] Request joining group due to: consumer pro-actively leaving the group
2024-12-15 13:54:21 INFO  o.a.k.c.c.i.ConsumerCoordinator - [Consumer clientId=consumer-auth_service-7, groupId=auth_service] Request joining group due to: consumer pro-actively leaving the group
2024-12-15 13:54:21 INFO  o.a.k.c.c.i.LegacyKafkaConsumer - [Consumer clientId=consumer-auth_service-1, groupId=auth_service] Unsubscribed all topics or patterns and assigned partitions
2024-12-15 13:54:21 INFO  o.a.k.c.c.i.LegacyKafkaConsumer - [Consumer clientId=consumer-auth_service-6, groupId=auth_service] Unsubscribed all topics or patterns and assigned partitions
2024-12-15 13:54:21 INFO  o.a.k.c.c.i.LegacyKafkaConsumer - [Consumer clientId=consumer-auth_service-4, groupId=auth_service] Unsubscribed all topics or patterns and assigned partitions
2024-12-15 13:54:21 INFO  o.a.k.c.c.i.LegacyKafkaConsumer - [Consumer clientId=consumer-auth_service-2, groupId=auth_service] Unsubscribed all topics or patterns and assigned partitions
2024-12-15 13:54:21 INFO  o.a.k.c.c.i.LegacyKafkaConsumer - [Consumer clientId=consumer-auth_service-5, groupId=auth_service] Unsubscribed all topics or patterns and assigned partitions
2024-12-15 13:54:21 INFO  o.a.k.c.c.i.LegacyKafkaConsumer - [Consumer clientId=consumer-auth_service-8, groupId=auth_service] Unsubscribed all topics or patterns and assigned partitions
2024-12-15 13:54:21 INFO  o.a.k.c.c.i.LegacyKafkaConsumer - [Consumer clientId=consumer-auth_service-7, groupId=auth_service] Unsubscribed all topics or patterns and assigned partitions
2024-12-15 13:54:21 INFO  o.a.k.c.c.i.ConsumerCoordinator - [Consumer clientId=consumer-auth_service-4, groupId=auth_service] Resetting generation and member id due to: consumer pro-actively leaving the group
2024-12-15 13:54:21 INFO  o.a.k.c.c.i.ConsumerCoordinator - [Consumer clientId=consumer-auth_service-3, groupId=auth_service] Resetting generation and member id due to: consumer pro-actively leaving the group
2024-12-15 13:54:21 INFO  o.a.k.c.c.i.ConsumerCoordinator - [Consumer clientId=consumer-auth_service-6, groupId=auth_service] Resetting generation and member id due to: consumer pro-actively leaving the group
2024-12-15 13:54:21 INFO  o.a.k.c.c.i.ConsumerCoordinator - [Consumer clientId=consumer-auth_service-3, groupId=auth_service] Request joining group due to: consumer pro-actively leaving the group
2024-12-15 13:54:21 INFO  o.a.k.c.c.i.ConsumerCoordinator - [Consumer clientId=consumer-auth_service-8, groupId=auth_service] Resetting generation and member id due to: consumer pro-actively leaving the group
2024-12-15 13:54:21 INFO  o.a.k.c.c.i.ConsumerCoordinator - [Consumer clientId=consumer-auth_service-6, groupId=auth_service] Request joining group due to: consumer pro-actively leaving the group
2024-12-15 13:54:21 INFO  o.a.k.c.c.i.ConsumerCoordinator - [Consumer clientId=consumer-auth_service-8, groupId=auth_service] Request joining group due to: consumer pro-actively leaving the group
2024-12-15 13:54:21 INFO  o.a.k.c.c.i.ConsumerCoordinator - [Consumer clientId=consumer-auth_service-5, groupId=auth_service] Resetting generation and member id due to: consumer pro-actively leaving the group
2024-12-15 13:54:21 INFO  o.a.k.c.c.i.ConsumerCoordinator - [Consumer clientId=consumer-auth_service-1, groupId=auth_service] Resetting generation and member id due to: consumer pro-actively leaving the group
2024-12-15 13:54:21 INFO  o.a.k.c.c.i.ConsumerCoordinator - [Consumer clientId=consumer-auth_service-7, groupId=auth_service] Resetting generation and member id due to: consumer pro-actively leaving the group
2024-12-15 13:54:21 INFO  o.a.k.c.c.i.ConsumerCoordinator - [Consumer clientId=consumer-auth_service-1, groupId=auth_service] Request joining group due to: consumer pro-actively leaving the group
2024-12-15 13:54:21 INFO  o.a.k.c.c.i.ConsumerCoordinator - [Consumer clientId=consumer-auth_service-2, groupId=auth_service] Resetting generation and member id due to: consumer pro-actively leaving the group
2024-12-15 13:54:21 INFO  o.a.k.c.c.i.ConsumerCoordinator - [Consumer clientId=consumer-auth_service-4, groupId=auth_service] Request joining group due to: consumer pro-actively leaving the group
2024-12-15 13:54:21 INFO  o.a.k.c.c.i.ConsumerCoordinator - [Consumer clientId=consumer-auth_service-2, groupId=auth_service] Request joining group due to: consumer pro-actively leaving the group
2024-12-15 13:54:21 INFO  o.a.k.c.c.i.ConsumerCoordinator - [Consumer clientId=consumer-auth_service-5, groupId=auth_service] Request joining group due to: consumer pro-actively leaving the group
2024-12-15 13:54:21 INFO  o.a.k.c.c.i.ConsumerCoordinator - [Consumer clientId=consumer-auth_service-7, groupId=auth_service] Request joining group due to: consumer pro-actively leaving the group
2024-12-15 13:54:21 INFO  o.a.kafka.common.metrics.Metrics - Metrics scheduler closed
2024-12-15 13:54:21 INFO  o.a.kafka.common.metrics.Metrics - Metrics scheduler closed
2024-12-15 13:54:21 INFO  o.a.kafka.common.metrics.Metrics - Closing reporter org.apache.kafka.common.metrics.JmxReporter
2024-12-15 13:54:21 INFO  o.a.kafka.common.metrics.Metrics - Closing reporter org.apache.kafka.common.metrics.JmxReporter
2024-12-15 13:54:21 INFO  o.a.kafka.common.metrics.Metrics - Closing reporter org.apache.kafka.common.telemetry.internals.ClientTelemetryReporter
2024-12-15 13:54:21 INFO  o.a.kafka.common.metrics.Metrics - Closing reporter org.apache.kafka.common.telemetry.internals.ClientTelemetryReporter
2024-12-15 13:54:21 INFO  o.a.kafka.common.metrics.Metrics - Metrics reporters closed
2024-12-15 13:54:21 INFO  o.a.kafka.common.metrics.Metrics - Metrics reporters closed
2024-12-15 13:54:21 INFO  o.a.kafka.common.utils.AppInfoParser - App info kafka.consumer for consumer-auth_service-6 unregistered
2024-12-15 13:54:21 INFO  o.a.kafka.common.utils.AppInfoParser - App info kafka.consumer for consumer-auth_service-7 unregistered
2024-12-15 13:54:21 INFO  o.s.k.l.KafkaMessageListenerContainer - auth_service: Consumer stopped
2024-12-15 13:54:21 INFO  o.s.k.l.KafkaMessageListenerContainer - auth_service: Consumer stopped
2024-12-15 13:54:21 INFO  o.a.kafka.common.metrics.Metrics - Metrics scheduler closed
2024-12-15 13:54:21 INFO  o.a.kafka.common.metrics.Metrics - Closing reporter org.apache.kafka.common.metrics.JmxReporter
2024-12-15 13:54:21 INFO  o.a.kafka.common.metrics.Metrics - Closing reporter org.apache.kafka.common.telemetry.internals.ClientTelemetryReporter
2024-12-15 13:54:21 INFO  o.a.kafka.common.metrics.Metrics - Metrics reporters closed
2024-12-15 13:54:21 INFO  o.a.kafka.common.utils.AppInfoParser - App info kafka.consumer for consumer-auth_service-2 unregistered
2024-12-15 13:54:21 INFO  o.s.k.l.KafkaMessageListenerContainer - auth_service: Consumer stopped
2024-12-15 13:54:21 INFO  o.a.kafka.common.metrics.Metrics - Metrics scheduler closed
2024-12-15 13:54:21 INFO  o.a.kafka.common.metrics.Metrics - Closing reporter org.apache.kafka.common.metrics.JmxReporter
2024-12-15 13:54:21 INFO  o.a.kafka.common.metrics.Metrics - Closing reporter org.apache.kafka.common.telemetry.internals.ClientTelemetryReporter
2024-12-15 13:54:21 INFO  o.a.kafka.common.metrics.Metrics - Metrics reporters closed
2024-12-15 13:54:21 INFO  o.a.kafka.common.utils.AppInfoParser - App info kafka.consumer for consumer-auth_service-8 unregistered
2024-12-15 13:54:21 INFO  o.s.k.l.KafkaMessageListenerContainer - auth_service: Consumer stopped
2024-12-15 13:54:21 INFO  o.a.kafka.common.metrics.Metrics - Metrics scheduler closed
2024-12-15 13:54:21 INFO  o.a.kafka.common.metrics.Metrics - Closing reporter org.apache.kafka.common.metrics.JmxReporter
2024-12-15 13:54:21 INFO  o.a.kafka.common.metrics.Metrics - Closing reporter org.apache.kafka.common.telemetry.internals.ClientTelemetryReporter
2024-12-15 13:54:21 INFO  o.a.kafka.common.metrics.Metrics - Metrics reporters closed
2024-12-15 13:54:21 INFO  o.a.kafka.common.utils.AppInfoParser - App info kafka.consumer for consumer-auth_service-4 unregistered
2024-12-15 13:54:21 INFO  o.s.k.l.KafkaMessageListenerContainer - auth_service: Consumer stopped
2024-12-15 13:54:21 INFO  o.a.kafka.common.metrics.Metrics - Metrics scheduler closed
2024-12-15 13:54:21 INFO  o.a.kafka.common.metrics.Metrics - Closing reporter org.apache.kafka.common.metrics.JmxReporter
2024-12-15 13:54:21 INFO  o.a.kafka.common.metrics.Metrics - Closing reporter org.apache.kafka.common.telemetry.internals.ClientTelemetryReporter
2024-12-15 13:54:21 INFO  o.a.kafka.common.metrics.Metrics - Metrics reporters closed
2024-12-15 13:54:21 INFO  o.a.kafka.common.metrics.Metrics - Metrics scheduler closed
2024-12-15 13:54:21 INFO  o.a.kafka.common.metrics.Metrics - Closing reporter org.apache.kafka.common.metrics.JmxReporter
2024-12-15 13:54:21 INFO  o.a.kafka.common.metrics.Metrics - Closing reporter org.apache.kafka.common.telemetry.internals.ClientTelemetryReporter
2024-12-15 13:54:21 INFO  o.a.kafka.common.metrics.Metrics - Metrics reporters closed
2024-12-15 13:54:21 INFO  o.a.kafka.common.metrics.Metrics - Metrics scheduler closed
2024-12-15 13:54:21 INFO  o.a.kafka.common.metrics.Metrics - Closing reporter org.apache.kafka.common.metrics.JmxReporter
2024-12-15 13:54:21 INFO  o.a.kafka.common.metrics.Metrics - Closing reporter org.apache.kafka.common.telemetry.internals.ClientTelemetryReporter
2024-12-15 13:54:21 INFO  o.a.kafka.common.metrics.Metrics - Metrics reporters closed
2024-12-15 13:54:21 INFO  o.a.kafka.common.utils.AppInfoParser - App info kafka.consumer for consumer-auth_service-5 unregistered
2024-12-15 13:54:21 INFO  o.s.k.l.KafkaMessageListenerContainer - auth_service: Consumer stopped
2024-12-15 13:54:21 INFO  o.a.kafka.common.utils.AppInfoParser - App info kafka.consumer for consumer-auth_service-1 unregistered
2024-12-15 13:54:21 INFO  o.s.k.l.KafkaMessageListenerContainer - auth_service: Consumer stopped
2024-12-15 13:54:21 INFO  o.a.kafka.common.utils.AppInfoParser - App info kafka.consumer for consumer-auth_service-3 unregistered
2024-12-15 13:54:21 INFO  o.s.k.l.KafkaMessageListenerContainer - auth_service: Consumer stopped
2024-12-15 13:54:24 INFO  o.s.o.j.LocalContainerEntityManagerFactoryBean - Closing JPA EntityManagerFactory for persistence unit 'default'
2024-12-15 13:54:24 INFO  com.zaxxer.hikari.HikariDataSource - HikariPool-1 - Shutdown initiated...
2024-12-15 13:54:26 INFO  com.zaxxer.hikari.HikariDataSource - HikariPool-1 - Shutdown completed.
2024-12-15 13:54:34 INFO  c.e.demo.HhRecruiterApplicationKt - Starting HhRecruiterApplicationKt using Java 17.0.13 with PID 74229 (/Users/macygabr/Projects/hhRecruiter/build/classes/kotlin/main started by macygabr in /Users/macygabr/Projects/hhRecruiter)
2024-12-15 13:54:34 DEBUG c.e.demo.HhRecruiterApplicationKt - Running with Spring Boot v3.3.4, Spring v6.1.13
2024-12-15 13:54:34 INFO  c.e.demo.HhRecruiterApplicationKt - No active profile set, falling back to 1 default profile: "default"
2024-12-15 13:54:34 INFO  o.s.d.r.c.RepositoryConfigurationDelegate - Bootstrapping Spring Data JPA repositories in DEFAULT mode.
2024-12-15 13:54:34 INFO  o.s.d.r.c.RepositoryConfigurationDelegate - Finished Spring Data repository scanning in 107 ms. Found 4 JPA repository interfaces.
2024-12-15 13:54:35 INFO  o.s.b.w.e.tomcat.TomcatWebServer - Tomcat initialized with port 8080 (http)
2024-12-15 13:54:35 INFO  o.a.coyote.http11.Http11NioProtocol - Initializing ProtocolHandler ["http-nio-8080"]
2024-12-15 13:54:35 INFO  o.a.catalina.core.StandardService - Starting service [Tomcat]
2024-12-15 13:54:35 INFO  o.a.catalina.core.StandardEngine - Starting Servlet engine: [Apache Tomcat/10.1.30]
2024-12-15 13:54:35 INFO  o.a.c.c.C.[Tomcat].[localhost].[/] - Initializing Spring embedded WebApplicationContext
2024-12-15 13:54:35 INFO  o.s.b.w.s.c.ServletWebServerApplicationContext - Root WebApplicationContext: initialization completed in 1119 ms
2024-12-15 13:54:35 INFO  o.h.jpa.internal.util.LogHelper - HHH000204: Processing PersistenceUnitInfo [name: default]
2024-12-15 13:54:35 INFO  org.hibernate.Version - HHH000412: Hibernate ORM core version 6.5.3.Final
2024-12-15 13:54:35 INFO  o.h.c.i.RegionFactoryInitiator - HHH000026: Second-level cache disabled
2024-12-15 13:54:35 INFO  o.s.o.j.p.SpringPersistenceUnitInfo - No LoadTimeWeaver setup: ignoring JPA class transformer
2024-12-15 13:54:35 INFO  com.zaxxer.hikari.HikariDataSource - HikariPool-1 - Starting...
2024-12-15 13:54:37 INFO  com.zaxxer.hikari.pool.HikariPool - HikariPool-1 - Added connection org.postgresql.jdbc.PgConnection@470f0637
2024-12-15 13:54:37 INFO  com.zaxxer.hikari.HikariDataSource - HikariPool-1 - Start completed.
2024-12-15 13:54:38 INFO  o.h.e.t.j.p.i.JtaPlatformInitiator - HHH000489: No JTA platform available (set 'hibernate.transaction.jta.platform' to enable JTA platform integration)
2024-12-15 13:54:41 INFO  o.s.o.j.LocalContainerEntityManagerFactoryBean - Initialized JPA EntityManagerFactory for persistence unit 'default'
2024-12-15 13:54:42 WARN  o.s.b.a.o.j.JpaBaseConfiguration$JpaWebConfiguration - spring.jpa.open-in-view is enabled by default. Therefore, database queries may be performed during view rendering. Explicitly configure spring.jpa.open-in-view to disable this warning
2024-12-15 13:54:42 INFO  o.a.coyote.http11.Http11NioProtocol - Starting ProtocolHandler ["http-nio-8080"]
2024-12-15 13:54:42 INFO  o.s.b.w.e.tomcat.TomcatWebServer - Tomcat started on port 8080 (http) with context path '/'
2024-12-15 13:54:42 INFO  o.a.k.c.consumer.ConsumerConfig - ConsumerConfig values: 
	allow.auto.create.topics = true
	auto.commit.interval.ms = 5000
	auto.include.jmx.reporter = true
	auto.offset.reset = latest
	bootstrap.servers = [37.194.168.90:9092]
	check.crcs = true
	client.dns.lookup = use_all_dns_ips
	client.id = consumer-auth_service-1
	client.rack = 
	connections.max.idle.ms = 540000
	default.api.timeout.ms = 60000
	enable.auto.commit = false
	enable.metrics.push = true
	exclude.internal.topics = true
	fetch.max.bytes = 52428800
	fetch.max.wait.ms = 500
	fetch.min.bytes = 1
	group.id = auth_service
	group.instance.id = null
	group.protocol = classic
	group.remote.assignor = null
	heartbeat.interval.ms = 3000
	interceptor.classes = []
	internal.leave.group.on.close = true
	internal.throw.on.fetch.stable.offset.unsupported = false
	isolation.level = read_uncommitted
	key.deserializer = class org.apache.kafka.common.serialization.StringDeserializer
	max.partition.fetch.bytes = 1048576
	max.poll.interval.ms = 300000
	max.poll.records = 500
	metadata.max.age.ms = 300000
	metric.reporters = []
	metrics.num.samples = 2
	metrics.recording.level = INFO
	metrics.sample.window.ms = 30000
	partition.assignment.strategy = [class org.apache.kafka.clients.consumer.RangeAssignor, class org.apache.kafka.clients.consumer.CooperativeStickyAssignor]
	receive.buffer.bytes = 65536
	reconnect.backoff.max.ms = 1000
	reconnect.backoff.ms = 50
	request.timeout.ms = 30000
	retry.backoff.max.ms = 1000
	retry.backoff.ms = 100
	sasl.client.callback.handler.class = null
	sasl.jaas.config = null
	sasl.kerberos.kinit.cmd = /usr/bin/kinit
	sasl.kerberos.min.time.before.relogin = 60000
	sasl.kerberos.service.name = null
	sasl.kerberos.ticket.renew.jitter = 0.05
	sasl.kerberos.ticket.renew.window.factor = 0.8
	sasl.login.callback.handler.class = null
	sasl.login.class = null
	sasl.login.connect.timeout.ms = null
	sasl.login.read.timeout.ms = null
	sasl.login.refresh.buffer.seconds = 300
	sasl.login.refresh.min.period.seconds = 60
	sasl.login.refresh.window.factor = 0.8
	sasl.login.refresh.window.jitter = 0.05
	sasl.login.retry.backoff.max.ms = 10000
	sasl.login.retry.backoff.ms = 100
	sasl.mechanism = GSSAPI
	sasl.oauthbearer.clock.skew.seconds = 30
	sasl.oauthbearer.expected.audience = null
	sasl.oauthbearer.expected.issuer = null
	sasl.oauthbearer.jwks.endpoint.refresh.ms = 3600000
	sasl.oauthbearer.jwks.endpoint.retry.backoff.max.ms = 10000
	sasl.oauthbearer.jwks.endpoint.retry.backoff.ms = 100
	sasl.oauthbearer.jwks.endpoint.url = null
	sasl.oauthbearer.scope.claim.name = scope
	sasl.oauthbearer.sub.claim.name = sub
	sasl.oauthbearer.token.endpoint.url = null
	security.protocol = PLAINTEXT
	security.providers = null
	send.buffer.bytes = 131072
	session.timeout.ms = 45000
	socket.connection.setup.timeout.max.ms = 30000
	socket.connection.setup.timeout.ms = 10000
	ssl.cipher.suites = null
	ssl.enabled.protocols = [TLSv1.2, TLSv1.3]
	ssl.endpoint.identification.algorithm = https
	ssl.engine.factory.class = null
	ssl.key.password = null
	ssl.keymanager.algorithm = SunX509
	ssl.keystore.certificate.chain = null
	ssl.keystore.key = null
	ssl.keystore.location = null
	ssl.keystore.password = null
	ssl.keystore.type = JKS
	ssl.protocol = TLSv1.3
	ssl.provider = null
	ssl.secure.random.implementation = null
	ssl.trustmanager.algorithm = PKIX
	ssl.truststore.certificates = null
	ssl.truststore.location = null
	ssl.truststore.password = null
	ssl.truststore.type = JKS
	value.deserializer = class org.apache.kafka.common.serialization.StringDeserializer

2024-12-15 13:54:42 INFO  o.a.k.c.t.i.KafkaMetricsCollector - initializing Kafka metrics collector
2024-12-15 13:54:42 INFO  o.a.kafka.common.utils.AppInfoParser - Kafka version: 3.7.1
2024-12-15 13:54:42 INFO  o.a.kafka.common.utils.AppInfoParser - Kafka commitId: e2494e6ffb89f828
2024-12-15 13:54:42 INFO  o.a.kafka.common.utils.AppInfoParser - Kafka startTimeMs: 1734245682706
2024-12-15 13:54:42 INFO  o.a.k.c.c.i.LegacyKafkaConsumer - [Consumer clientId=consumer-auth_service-1, groupId=auth_service] Subscribed to topic(s): ping
2024-12-15 13:54:42 INFO  o.a.k.c.consumer.ConsumerConfig - ConsumerConfig values: 
	allow.auto.create.topics = true
	auto.commit.interval.ms = 5000
	auto.include.jmx.reporter = true
	auto.offset.reset = latest
	bootstrap.servers = [37.194.168.90:9092]
	check.crcs = true
	client.dns.lookup = use_all_dns_ips
	client.id = consumer-auth_service-2
	client.rack = 
	connections.max.idle.ms = 540000
	default.api.timeout.ms = 60000
	enable.auto.commit = false
	enable.metrics.push = true
	exclude.internal.topics = true
	fetch.max.bytes = 52428800
	fetch.max.wait.ms = 500
	fetch.min.bytes = 1
	group.id = auth_service
	group.instance.id = null
	group.protocol = classic
	group.remote.assignor = null
	heartbeat.interval.ms = 3000
	interceptor.classes = []
	internal.leave.group.on.close = true
	internal.throw.on.fetch.stable.offset.unsupported = false
	isolation.level = read_uncommitted
	key.deserializer = class org.apache.kafka.common.serialization.StringDeserializer
	max.partition.fetch.bytes = 1048576
	max.poll.interval.ms = 300000
	max.poll.records = 500
	metadata.max.age.ms = 300000
	metric.reporters = []
	metrics.num.samples = 2
	metrics.recording.level = INFO
	metrics.sample.window.ms = 30000
	partition.assignment.strategy = [class org.apache.kafka.clients.consumer.RangeAssignor, class org.apache.kafka.clients.consumer.CooperativeStickyAssignor]
	receive.buffer.bytes = 65536
	reconnect.backoff.max.ms = 1000
	reconnect.backoff.ms = 50
	request.timeout.ms = 30000
	retry.backoff.max.ms = 1000
	retry.backoff.ms = 100
	sasl.client.callback.handler.class = null
	sasl.jaas.config = null
	sasl.kerberos.kinit.cmd = /usr/bin/kinit
	sasl.kerberos.min.time.before.relogin = 60000
	sasl.kerberos.service.name = null
	sasl.kerberos.ticket.renew.jitter = 0.05
	sasl.kerberos.ticket.renew.window.factor = 0.8
	sasl.login.callback.handler.class = null
	sasl.login.class = null
	sasl.login.connect.timeout.ms = null
	sasl.login.read.timeout.ms = null
	sasl.login.refresh.buffer.seconds = 300
	sasl.login.refresh.min.period.seconds = 60
	sasl.login.refresh.window.factor = 0.8
	sasl.login.refresh.window.jitter = 0.05
	sasl.login.retry.backoff.max.ms = 10000
	sasl.login.retry.backoff.ms = 100
	sasl.mechanism = GSSAPI
	sasl.oauthbearer.clock.skew.seconds = 30
	sasl.oauthbearer.expected.audience = null
	sasl.oauthbearer.expected.issuer = null
	sasl.oauthbearer.jwks.endpoint.refresh.ms = 3600000
	sasl.oauthbearer.jwks.endpoint.retry.backoff.max.ms = 10000
	sasl.oauthbearer.jwks.endpoint.retry.backoff.ms = 100
	sasl.oauthbearer.jwks.endpoint.url = null
	sasl.oauthbearer.scope.claim.name = scope
	sasl.oauthbearer.sub.claim.name = sub
	sasl.oauthbearer.token.endpoint.url = null
	security.protocol = PLAINTEXT
	security.providers = null
	send.buffer.bytes = 131072
	session.timeout.ms = 45000
	socket.connection.setup.timeout.max.ms = 30000
	socket.connection.setup.timeout.ms = 10000
	ssl.cipher.suites = null
	ssl.enabled.protocols = [TLSv1.2, TLSv1.3]
	ssl.endpoint.identification.algorithm = https
	ssl.engine.factory.class = null
	ssl.key.password = null
	ssl.keymanager.algorithm = SunX509
	ssl.keystore.certificate.chain = null
	ssl.keystore.key = null
	ssl.keystore.location = null
	ssl.keystore.password = null
	ssl.keystore.type = JKS
	ssl.protocol = TLSv1.3
	ssl.provider = null
	ssl.secure.random.implementation = null
	ssl.trustmanager.algorithm = PKIX
	ssl.truststore.certificates = null
	ssl.truststore.location = null
	ssl.truststore.password = null
	ssl.truststore.type = JKS
	value.deserializer = class org.apache.kafka.common.serialization.StringDeserializer

2024-12-15 13:54:42 INFO  o.a.k.c.t.i.KafkaMetricsCollector - initializing Kafka metrics collector
2024-12-15 13:54:42 INFO  o.a.kafka.common.utils.AppInfoParser - Kafka version: 3.7.1
2024-12-15 13:54:42 INFO  o.a.kafka.common.utils.AppInfoParser - Kafka commitId: e2494e6ffb89f828
2024-12-15 13:54:42 INFO  o.a.kafka.common.utils.AppInfoParser - Kafka startTimeMs: 1734245682720
2024-12-15 13:54:42 INFO  o.a.k.c.c.i.LegacyKafkaConsumer - [Consumer clientId=consumer-auth_service-2, groupId=auth_service] Subscribed to topic(s): profile
2024-12-15 13:54:42 INFO  o.a.k.c.consumer.ConsumerConfig - ConsumerConfig values: 
	allow.auto.create.topics = true
	auto.commit.interval.ms = 5000
	auto.include.jmx.reporter = true
	auto.offset.reset = latest
	bootstrap.servers = [37.194.168.90:9092]
	check.crcs = true
	client.dns.lookup = use_all_dns_ips
	client.id = consumer-auth_service-3
	client.rack = 
	connections.max.idle.ms = 540000
	default.api.timeout.ms = 60000
	enable.auto.commit = false
	enable.metrics.push = true
	exclude.internal.topics = true
	fetch.max.bytes = 52428800
	fetch.max.wait.ms = 500
	fetch.min.bytes = 1
	group.id = auth_service
	group.instance.id = null
	group.protocol = classic
	group.remote.assignor = null
	heartbeat.interval.ms = 3000
	interceptor.classes = []
	internal.leave.group.on.close = true
	internal.throw.on.fetch.stable.offset.unsupported = false
	isolation.level = read_uncommitted
	key.deserializer = class org.apache.kafka.common.serialization.StringDeserializer
	max.partition.fetch.bytes = 1048576
	max.poll.interval.ms = 300000
	max.poll.records = 500
	metadata.max.age.ms = 300000
	metric.reporters = []
	metrics.num.samples = 2
	metrics.recording.level = INFO
	metrics.sample.window.ms = 30000
	partition.assignment.strategy = [class org.apache.kafka.clients.consumer.RangeAssignor, class org.apache.kafka.clients.consumer.CooperativeStickyAssignor]
	receive.buffer.bytes = 65536
	reconnect.backoff.max.ms = 1000
	reconnect.backoff.ms = 50
	request.timeout.ms = 30000
	retry.backoff.max.ms = 1000
	retry.backoff.ms = 100
	sasl.client.callback.handler.class = null
	sasl.jaas.config = null
	sasl.kerberos.kinit.cmd = /usr/bin/kinit
	sasl.kerberos.min.time.before.relogin = 60000
	sasl.kerberos.service.name = null
	sasl.kerberos.ticket.renew.jitter = 0.05
	sasl.kerberos.ticket.renew.window.factor = 0.8
	sasl.login.callback.handler.class = null
	sasl.login.class = null
	sasl.login.connect.timeout.ms = null
	sasl.login.read.timeout.ms = null
	sasl.login.refresh.buffer.seconds = 300
	sasl.login.refresh.min.period.seconds = 60
	sasl.login.refresh.window.factor = 0.8
	sasl.login.refresh.window.jitter = 0.05
	sasl.login.retry.backoff.max.ms = 10000
	sasl.login.retry.backoff.ms = 100
	sasl.mechanism = GSSAPI
	sasl.oauthbearer.clock.skew.seconds = 30
	sasl.oauthbearer.expected.audience = null
	sasl.oauthbearer.expected.issuer = null
	sasl.oauthbearer.jwks.endpoint.refresh.ms = 3600000
	sasl.oauthbearer.jwks.endpoint.retry.backoff.max.ms = 10000
	sasl.oauthbearer.jwks.endpoint.retry.backoff.ms = 100
	sasl.oauthbearer.jwks.endpoint.url = null
	sasl.oauthbearer.scope.claim.name = scope
	sasl.oauthbearer.sub.claim.name = sub
	sasl.oauthbearer.token.endpoint.url = null
	security.protocol = PLAINTEXT
	security.providers = null
	send.buffer.bytes = 131072
	session.timeout.ms = 45000
	socket.connection.setup.timeout.max.ms = 30000
	socket.connection.setup.timeout.ms = 10000
	ssl.cipher.suites = null
	ssl.enabled.protocols = [TLSv1.2, TLSv1.3]
	ssl.endpoint.identification.algorithm = https
	ssl.engine.factory.class = null
	ssl.key.password = null
	ssl.keymanager.algorithm = SunX509
	ssl.keystore.certificate.chain = null
	ssl.keystore.key = null
	ssl.keystore.location = null
	ssl.keystore.password = null
	ssl.keystore.type = JKS
	ssl.protocol = TLSv1.3
	ssl.provider = null
	ssl.secure.random.implementation = null
	ssl.trustmanager.algorithm = PKIX
	ssl.truststore.certificates = null
	ssl.truststore.location = null
	ssl.truststore.password = null
	ssl.truststore.type = JKS
	value.deserializer = class org.apache.kafka.common.serialization.StringDeserializer

2024-12-15 13:54:42 INFO  o.a.k.c.t.i.KafkaMetricsCollector - initializing Kafka metrics collector
2024-12-15 13:54:42 INFO  o.a.kafka.common.utils.AppInfoParser - Kafka version: 3.7.1
2024-12-15 13:54:42 INFO  o.a.kafka.common.utils.AppInfoParser - Kafka commitId: e2494e6ffb89f828
2024-12-15 13:54:42 INFO  o.a.kafka.common.utils.AppInfoParser - Kafka startTimeMs: 1734245682729
2024-12-15 13:54:42 INFO  o.a.k.c.c.i.LegacyKafkaConsumer - [Consumer clientId=consumer-auth_service-3, groupId=auth_service] Subscribed to topic(s): stop
2024-12-15 13:54:42 INFO  o.a.k.c.consumer.ConsumerConfig - ConsumerConfig values: 
	allow.auto.create.topics = true
	auto.commit.interval.ms = 5000
	auto.include.jmx.reporter = true
	auto.offset.reset = latest
	bootstrap.servers = [37.194.168.90:9092]
	check.crcs = true
	client.dns.lookup = use_all_dns_ips
	client.id = consumer-auth_service-4
	client.rack = 
	connections.max.idle.ms = 540000
	default.api.timeout.ms = 60000
	enable.auto.commit = false
	enable.metrics.push = true
	exclude.internal.topics = true
	fetch.max.bytes = 52428800
	fetch.max.wait.ms = 500
	fetch.min.bytes = 1
	group.id = auth_service
	group.instance.id = null
	group.protocol = classic
	group.remote.assignor = null
	heartbeat.interval.ms = 3000
	interceptor.classes = []
	internal.leave.group.on.close = true
	internal.throw.on.fetch.stable.offset.unsupported = false
	isolation.level = read_uncommitted
	key.deserializer = class org.apache.kafka.common.serialization.StringDeserializer
	max.partition.fetch.bytes = 1048576
	max.poll.interval.ms = 300000
	max.poll.records = 500
	metadata.max.age.ms = 300000
	metric.reporters = []
	metrics.num.samples = 2
	metrics.recording.level = INFO
	metrics.sample.window.ms = 30000
	partition.assignment.strategy = [class org.apache.kafka.clients.consumer.RangeAssignor, class org.apache.kafka.clients.consumer.CooperativeStickyAssignor]
	receive.buffer.bytes = 65536
	reconnect.backoff.max.ms = 1000
	reconnect.backoff.ms = 50
	request.timeout.ms = 30000
	retry.backoff.max.ms = 1000
	retry.backoff.ms = 100
	sasl.client.callback.handler.class = null
	sasl.jaas.config = null
	sasl.kerberos.kinit.cmd = /usr/bin/kinit
	sasl.kerberos.min.time.before.relogin = 60000
	sasl.kerberos.service.name = null
	sasl.kerberos.ticket.renew.jitter = 0.05
	sasl.kerberos.ticket.renew.window.factor = 0.8
	sasl.login.callback.handler.class = null
	sasl.login.class = null
	sasl.login.connect.timeout.ms = null
	sasl.login.read.timeout.ms = null
	sasl.login.refresh.buffer.seconds = 300
	sasl.login.refresh.min.period.seconds = 60
	sasl.login.refresh.window.factor = 0.8
	sasl.login.refresh.window.jitter = 0.05
	sasl.login.retry.backoff.max.ms = 10000
	sasl.login.retry.backoff.ms = 100
	sasl.mechanism = GSSAPI
	sasl.oauthbearer.clock.skew.seconds = 30
	sasl.oauthbearer.expected.audience = null
	sasl.oauthbearer.expected.issuer = null
	sasl.oauthbearer.jwks.endpoint.refresh.ms = 3600000
	sasl.oauthbearer.jwks.endpoint.retry.backoff.max.ms = 10000
	sasl.oauthbearer.jwks.endpoint.retry.backoff.ms = 100
	sasl.oauthbearer.jwks.endpoint.url = null
	sasl.oauthbearer.scope.claim.name = scope
	sasl.oauthbearer.sub.claim.name = sub
	sasl.oauthbearer.token.endpoint.url = null
	security.protocol = PLAINTEXT
	security.providers = null
	send.buffer.bytes = 131072
	session.timeout.ms = 45000
	socket.connection.setup.timeout.max.ms = 30000
	socket.connection.setup.timeout.ms = 10000
	ssl.cipher.suites = null
	ssl.enabled.protocols = [TLSv1.2, TLSv1.3]
	ssl.endpoint.identification.algorithm = https
	ssl.engine.factory.class = null
	ssl.key.password = null
	ssl.keymanager.algorithm = SunX509
	ssl.keystore.certificate.chain = null
	ssl.keystore.key = null
	ssl.keystore.location = null
	ssl.keystore.password = null
	ssl.keystore.type = JKS
	ssl.protocol = TLSv1.3
	ssl.provider = null
	ssl.secure.random.implementation = null
	ssl.trustmanager.algorithm = PKIX
	ssl.truststore.certificates = null
	ssl.truststore.location = null
	ssl.truststore.password = null
	ssl.truststore.type = JKS
	value.deserializer = class org.apache.kafka.common.serialization.StringDeserializer

2024-12-15 13:54:42 INFO  o.a.k.c.t.i.KafkaMetricsCollector - initializing Kafka metrics collector
2024-12-15 13:54:42 INFO  o.a.kafka.common.utils.AppInfoParser - Kafka version: 3.7.1
2024-12-15 13:54:42 INFO  o.a.kafka.common.utils.AppInfoParser - Kafka commitId: e2494e6ffb89f828
2024-12-15 13:54:42 INFO  o.a.kafka.common.utils.AppInfoParser - Kafka startTimeMs: 1734245682737
2024-12-15 13:54:42 INFO  o.a.k.c.c.i.LegacyKafkaConsumer - [Consumer clientId=consumer-auth_service-4, groupId=auth_service] Subscribed to topic(s): status
2024-12-15 13:54:42 INFO  o.a.k.c.consumer.ConsumerConfig - ConsumerConfig values: 
	allow.auto.create.topics = true
	auto.commit.interval.ms = 5000
	auto.include.jmx.reporter = true
	auto.offset.reset = latest
	bootstrap.servers = [37.194.168.90:9092]
	check.crcs = true
	client.dns.lookup = use_all_dns_ips
	client.id = consumer-auth_service-5
	client.rack = 
	connections.max.idle.ms = 540000
	default.api.timeout.ms = 60000
	enable.auto.commit = false
	enable.metrics.push = true
	exclude.internal.topics = true
	fetch.max.bytes = 52428800
	fetch.max.wait.ms = 500
	fetch.min.bytes = 1
	group.id = auth_service
	group.instance.id = null
	group.protocol = classic
	group.remote.assignor = null
	heartbeat.interval.ms = 3000
	interceptor.classes = []
	internal.leave.group.on.close = true
	internal.throw.on.fetch.stable.offset.unsupported = false
	isolation.level = read_uncommitted
	key.deserializer = class org.apache.kafka.common.serialization.StringDeserializer
	max.partition.fetch.bytes = 1048576
	max.poll.interval.ms = 300000
	max.poll.records = 500
	metadata.max.age.ms = 300000
	metric.reporters = []
	metrics.num.samples = 2
	metrics.recording.level = INFO
	metrics.sample.window.ms = 30000
	partition.assignment.strategy = [class org.apache.kafka.clients.consumer.RangeAssignor, class org.apache.kafka.clients.consumer.CooperativeStickyAssignor]
	receive.buffer.bytes = 65536
	reconnect.backoff.max.ms = 1000
	reconnect.backoff.ms = 50
	request.timeout.ms = 30000
	retry.backoff.max.ms = 1000
	retry.backoff.ms = 100
	sasl.client.callback.handler.class = null
	sasl.jaas.config = null
	sasl.kerberos.kinit.cmd = /usr/bin/kinit
	sasl.kerberos.min.time.before.relogin = 60000
	sasl.kerberos.service.name = null
	sasl.kerberos.ticket.renew.jitter = 0.05
	sasl.kerberos.ticket.renew.window.factor = 0.8
	sasl.login.callback.handler.class = null
	sasl.login.class = null
	sasl.login.connect.timeout.ms = null
	sasl.login.read.timeout.ms = null
	sasl.login.refresh.buffer.seconds = 300
	sasl.login.refresh.min.period.seconds = 60
	sasl.login.refresh.window.factor = 0.8
	sasl.login.refresh.window.jitter = 0.05
	sasl.login.retry.backoff.max.ms = 10000
	sasl.login.retry.backoff.ms = 100
	sasl.mechanism = GSSAPI
	sasl.oauthbearer.clock.skew.seconds = 30
	sasl.oauthbearer.expected.audience = null
	sasl.oauthbearer.expected.issuer = null
	sasl.oauthbearer.jwks.endpoint.refresh.ms = 3600000
	sasl.oauthbearer.jwks.endpoint.retry.backoff.max.ms = 10000
	sasl.oauthbearer.jwks.endpoint.retry.backoff.ms = 100
	sasl.oauthbearer.jwks.endpoint.url = null
	sasl.oauthbearer.scope.claim.name = scope
	sasl.oauthbearer.sub.claim.name = sub
	sasl.oauthbearer.token.endpoint.url = null
	security.protocol = PLAINTEXT
	security.providers = null
	send.buffer.bytes = 131072
	session.timeout.ms = 45000
	socket.connection.setup.timeout.max.ms = 30000
	socket.connection.setup.timeout.ms = 10000
	ssl.cipher.suites = null
	ssl.enabled.protocols = [TLSv1.2, TLSv1.3]
	ssl.endpoint.identification.algorithm = https
	ssl.engine.factory.class = null
	ssl.key.password = null
	ssl.keymanager.algorithm = SunX509
	ssl.keystore.certificate.chain = null
	ssl.keystore.key = null
	ssl.keystore.location = null
	ssl.keystore.password = null
	ssl.keystore.type = JKS
	ssl.protocol = TLSv1.3
	ssl.provider = null
	ssl.secure.random.implementation = null
	ssl.trustmanager.algorithm = PKIX
	ssl.truststore.certificates = null
	ssl.truststore.location = null
	ssl.truststore.password = null
	ssl.truststore.type = JKS
	value.deserializer = class org.apache.kafka.common.serialization.StringDeserializer

2024-12-15 13:54:42 INFO  o.a.k.c.t.i.KafkaMetricsCollector - initializing Kafka metrics collector
2024-12-15 13:54:42 INFO  o.a.kafka.common.utils.AppInfoParser - Kafka version: 3.7.1
2024-12-15 13:54:42 INFO  o.a.kafka.common.utils.AppInfoParser - Kafka commitId: e2494e6ffb89f828
2024-12-15 13:54:42 INFO  o.a.kafka.common.utils.AppInfoParser - Kafka startTimeMs: 1734245682744
2024-12-15 13:54:42 INFO  o.a.k.c.c.i.LegacyKafkaConsumer - [Consumer clientId=consumer-auth_service-5, groupId=auth_service] Subscribed to topic(s): registry
2024-12-15 13:54:42 INFO  o.a.k.c.consumer.ConsumerConfig - ConsumerConfig values: 
	allow.auto.create.topics = true
	auto.commit.interval.ms = 5000
	auto.include.jmx.reporter = true
	auto.offset.reset = latest
	bootstrap.servers = [37.194.168.90:9092]
	check.crcs = true
	client.dns.lookup = use_all_dns_ips
	client.id = consumer-auth_service-6
	client.rack = 
	connections.max.idle.ms = 540000
	default.api.timeout.ms = 60000
	enable.auto.commit = false
	enable.metrics.push = true
	exclude.internal.topics = true
	fetch.max.bytes = 52428800
	fetch.max.wait.ms = 500
	fetch.min.bytes = 1
	group.id = auth_service
	group.instance.id = null
	group.protocol = classic
	group.remote.assignor = null
	heartbeat.interval.ms = 3000
	interceptor.classes = []
	internal.leave.group.on.close = true
	internal.throw.on.fetch.stable.offset.unsupported = false
	isolation.level = read_uncommitted
	key.deserializer = class org.apache.kafka.common.serialization.StringDeserializer
	max.partition.fetch.bytes = 1048576
	max.poll.interval.ms = 300000
	max.poll.records = 500
	metadata.max.age.ms = 300000
	metric.reporters = []
	metrics.num.samples = 2
	metrics.recording.level = INFO
	metrics.sample.window.ms = 30000
	partition.assignment.strategy = [class org.apache.kafka.clients.consumer.RangeAssignor, class org.apache.kafka.clients.consumer.CooperativeStickyAssignor]
	receive.buffer.bytes = 65536
	reconnect.backoff.max.ms = 1000
	reconnect.backoff.ms = 50
	request.timeout.ms = 30000
	retry.backoff.max.ms = 1000
	retry.backoff.ms = 100
	sasl.client.callback.handler.class = null
	sasl.jaas.config = null
	sasl.kerberos.kinit.cmd = /usr/bin/kinit
	sasl.kerberos.min.time.before.relogin = 60000
	sasl.kerberos.service.name = null
	sasl.kerberos.ticket.renew.jitter = 0.05
	sasl.kerberos.ticket.renew.window.factor = 0.8
	sasl.login.callback.handler.class = null
	sasl.login.class = null
	sasl.login.connect.timeout.ms = null
	sasl.login.read.timeout.ms = null
	sasl.login.refresh.buffer.seconds = 300
	sasl.login.refresh.min.period.seconds = 60
	sasl.login.refresh.window.factor = 0.8
	sasl.login.refresh.window.jitter = 0.05
	sasl.login.retry.backoff.max.ms = 10000
	sasl.login.retry.backoff.ms = 100
	sasl.mechanism = GSSAPI
	sasl.oauthbearer.clock.skew.seconds = 30
	sasl.oauthbearer.expected.audience = null
	sasl.oauthbearer.expected.issuer = null
	sasl.oauthbearer.jwks.endpoint.refresh.ms = 3600000
	sasl.oauthbearer.jwks.endpoint.retry.backoff.max.ms = 10000
	sasl.oauthbearer.jwks.endpoint.retry.backoff.ms = 100
	sasl.oauthbearer.jwks.endpoint.url = null
	sasl.oauthbearer.scope.claim.name = scope
	sasl.oauthbearer.sub.claim.name = sub
	sasl.oauthbearer.token.endpoint.url = null
	security.protocol = PLAINTEXT
	security.providers = null
	send.buffer.bytes = 131072
	session.timeout.ms = 45000
	socket.connection.setup.timeout.max.ms = 30000
	socket.connection.setup.timeout.ms = 10000
	ssl.cipher.suites = null
	ssl.enabled.protocols = [TLSv1.2, TLSv1.3]
	ssl.endpoint.identification.algorithm = https
	ssl.engine.factory.class = null
	ssl.key.password = null
	ssl.keymanager.algorithm = SunX509
	ssl.keystore.certificate.chain = null
	ssl.keystore.key = null
	ssl.keystore.location = null
	ssl.keystore.password = null
	ssl.keystore.type = JKS
	ssl.protocol = TLSv1.3
	ssl.provider = null
	ssl.secure.random.implementation = null
	ssl.trustmanager.algorithm = PKIX
	ssl.truststore.certificates = null
	ssl.truststore.location = null
	ssl.truststore.password = null
	ssl.truststore.type = JKS
	value.deserializer = class org.apache.kafka.common.serialization.StringDeserializer

2024-12-15 13:54:42 INFO  o.a.k.c.t.i.KafkaMetricsCollector - initializing Kafka metrics collector
2024-12-15 13:54:42 INFO  o.a.kafka.common.utils.AppInfoParser - Kafka version: 3.7.1
2024-12-15 13:54:42 INFO  o.a.kafka.common.utils.AppInfoParser - Kafka commitId: e2494e6ffb89f828
2024-12-15 13:54:42 INFO  o.a.kafka.common.utils.AppInfoParser - Kafka startTimeMs: 1734245682748
2024-12-15 13:54:42 INFO  o.a.k.c.c.i.LegacyKafkaConsumer - [Consumer clientId=consumer-auth_service-6, groupId=auth_service] Subscribed to topic(s): getLink
2024-12-15 13:54:42 INFO  o.a.k.c.consumer.ConsumerConfig - ConsumerConfig values: 
	allow.auto.create.topics = true
	auto.commit.interval.ms = 5000
	auto.include.jmx.reporter = true
	auto.offset.reset = latest
	bootstrap.servers = [37.194.168.90:9092]
	check.crcs = true
	client.dns.lookup = use_all_dns_ips
	client.id = consumer-auth_service-7
	client.rack = 
	connections.max.idle.ms = 540000
	default.api.timeout.ms = 60000
	enable.auto.commit = false
	enable.metrics.push = true
	exclude.internal.topics = true
	fetch.max.bytes = 52428800
	fetch.max.wait.ms = 500
	fetch.min.bytes = 1
	group.id = auth_service
	group.instance.id = null
	group.protocol = classic
	group.remote.assignor = null
	heartbeat.interval.ms = 3000
	interceptor.classes = []
	internal.leave.group.on.close = true
	internal.throw.on.fetch.stable.offset.unsupported = false
	isolation.level = read_uncommitted
	key.deserializer = class org.apache.kafka.common.serialization.StringDeserializer
	max.partition.fetch.bytes = 1048576
	max.poll.interval.ms = 300000
	max.poll.records = 500
	metadata.max.age.ms = 300000
	metric.reporters = []
	metrics.num.samples = 2
	metrics.recording.level = INFO
	metrics.sample.window.ms = 30000
	partition.assignment.strategy = [class org.apache.kafka.clients.consumer.RangeAssignor, class org.apache.kafka.clients.consumer.CooperativeStickyAssignor]
	receive.buffer.bytes = 65536
	reconnect.backoff.max.ms = 1000
	reconnect.backoff.ms = 50
	request.timeout.ms = 30000
	retry.backoff.max.ms = 1000
	retry.backoff.ms = 100
	sasl.client.callback.handler.class = null
	sasl.jaas.config = null
	sasl.kerberos.kinit.cmd = /usr/bin/kinit
	sasl.kerberos.min.time.before.relogin = 60000
	sasl.kerberos.service.name = null
	sasl.kerberos.ticket.renew.jitter = 0.05
	sasl.kerberos.ticket.renew.window.factor = 0.8
	sasl.login.callback.handler.class = null
	sasl.login.class = null
	sasl.login.connect.timeout.ms = null
	sasl.login.read.timeout.ms = null
	sasl.login.refresh.buffer.seconds = 300
	sasl.login.refresh.min.period.seconds = 60
	sasl.login.refresh.window.factor = 0.8
	sasl.login.refresh.window.jitter = 0.05
	sasl.login.retry.backoff.max.ms = 10000
	sasl.login.retry.backoff.ms = 100
	sasl.mechanism = GSSAPI
	sasl.oauthbearer.clock.skew.seconds = 30
	sasl.oauthbearer.expected.audience = null
	sasl.oauthbearer.expected.issuer = null
	sasl.oauthbearer.jwks.endpoint.refresh.ms = 3600000
	sasl.oauthbearer.jwks.endpoint.retry.backoff.max.ms = 10000
	sasl.oauthbearer.jwks.endpoint.retry.backoff.ms = 100
	sasl.oauthbearer.jwks.endpoint.url = null
	sasl.oauthbearer.scope.claim.name = scope
	sasl.oauthbearer.sub.claim.name = sub
	sasl.oauthbearer.token.endpoint.url = null
	security.protocol = PLAINTEXT
	security.providers = null
	send.buffer.bytes = 131072
	session.timeout.ms = 45000
	socket.connection.setup.timeout.max.ms = 30000
	socket.connection.setup.timeout.ms = 10000
	ssl.cipher.suites = null
	ssl.enabled.protocols = [TLSv1.2, TLSv1.3]
	ssl.endpoint.identification.algorithm = https
	ssl.engine.factory.class = null
	ssl.key.password = null
	ssl.keymanager.algorithm = SunX509
	ssl.keystore.certificate.chain = null
	ssl.keystore.key = null
	ssl.keystore.location = null
	ssl.keystore.password = null
	ssl.keystore.type = JKS
	ssl.protocol = TLSv1.3
	ssl.provider = null
	ssl.secure.random.implementation = null
	ssl.trustmanager.algorithm = PKIX
	ssl.truststore.certificates = null
	ssl.truststore.location = null
	ssl.truststore.password = null
	ssl.truststore.type = JKS
	value.deserializer = class org.apache.kafka.common.serialization.StringDeserializer

2024-12-15 13:54:42 INFO  o.a.k.c.t.i.KafkaMetricsCollector - initializing Kafka metrics collector
2024-12-15 13:54:42 INFO  o.a.kafka.common.utils.AppInfoParser - Kafka version: 3.7.1
2024-12-15 13:54:42 INFO  o.a.kafka.common.utils.AppInfoParser - Kafka commitId: e2494e6ffb89f828
2024-12-15 13:54:42 INFO  o.a.kafka.common.utils.AppInfoParser - Kafka startTimeMs: 1734245682754
2024-12-15 13:54:42 INFO  o.a.k.c.c.i.LegacyKafkaConsumer - [Consumer clientId=consumer-auth_service-7, groupId=auth_service] Subscribed to topic(s): filter
2024-12-15 13:54:42 INFO  o.a.k.c.consumer.ConsumerConfig - ConsumerConfig values: 
	allow.auto.create.topics = true
	auto.commit.interval.ms = 5000
	auto.include.jmx.reporter = true
	auto.offset.reset = latest
	bootstrap.servers = [37.194.168.90:9092]
	check.crcs = true
	client.dns.lookup = use_all_dns_ips
	client.id = consumer-auth_service-8
	client.rack = 
	connections.max.idle.ms = 540000
	default.api.timeout.ms = 60000
	enable.auto.commit = false
	enable.metrics.push = true
	exclude.internal.topics = true
	fetch.max.bytes = 52428800
	fetch.max.wait.ms = 500
	fetch.min.bytes = 1
	group.id = auth_service
	group.instance.id = null
	group.protocol = classic
	group.remote.assignor = null
	heartbeat.interval.ms = 3000
	interceptor.classes = []
	internal.leave.group.on.close = true
	internal.throw.on.fetch.stable.offset.unsupported = false
	isolation.level = read_uncommitted
	key.deserializer = class org.apache.kafka.common.serialization.StringDeserializer
	max.partition.fetch.bytes = 1048576
	max.poll.interval.ms = 300000
	max.poll.records = 500
	metadata.max.age.ms = 300000
	metric.reporters = []
	metrics.num.samples = 2
	metrics.recording.level = INFO
	metrics.sample.window.ms = 30000
	partition.assignment.strategy = [class org.apache.kafka.clients.consumer.RangeAssignor, class org.apache.kafka.clients.consumer.CooperativeStickyAssignor]
	receive.buffer.bytes = 65536
	reconnect.backoff.max.ms = 1000
	reconnect.backoff.ms = 50
	request.timeout.ms = 30000
	retry.backoff.max.ms = 1000
	retry.backoff.ms = 100
	sasl.client.callback.handler.class = null
	sasl.jaas.config = null
	sasl.kerberos.kinit.cmd = /usr/bin/kinit
	sasl.kerberos.min.time.before.relogin = 60000
	sasl.kerberos.service.name = null
	sasl.kerberos.ticket.renew.jitter = 0.05
	sasl.kerberos.ticket.renew.window.factor = 0.8
	sasl.login.callback.handler.class = null
	sasl.login.class = null
	sasl.login.connect.timeout.ms = null
	sasl.login.read.timeout.ms = null
	sasl.login.refresh.buffer.seconds = 300
	sasl.login.refresh.min.period.seconds = 60
	sasl.login.refresh.window.factor = 0.8
	sasl.login.refresh.window.jitter = 0.05
	sasl.login.retry.backoff.max.ms = 10000
	sasl.login.retry.backoff.ms = 100
	sasl.mechanism = GSSAPI
	sasl.oauthbearer.clock.skew.seconds = 30
	sasl.oauthbearer.expected.audience = null
	sasl.oauthbearer.expected.issuer = null
	sasl.oauthbearer.jwks.endpoint.refresh.ms = 3600000
	sasl.oauthbearer.jwks.endpoint.retry.backoff.max.ms = 10000
	sasl.oauthbearer.jwks.endpoint.retry.backoff.ms = 100
	sasl.oauthbearer.jwks.endpoint.url = null
	sasl.oauthbearer.scope.claim.name = scope
	sasl.oauthbearer.sub.claim.name = sub
	sasl.oauthbearer.token.endpoint.url = null
	security.protocol = PLAINTEXT
	security.providers = null
	send.buffer.bytes = 131072
	session.timeout.ms = 45000
	socket.connection.setup.timeout.max.ms = 30000
	socket.connection.setup.timeout.ms = 10000
	ssl.cipher.suites = null
	ssl.enabled.protocols = [TLSv1.2, TLSv1.3]
	ssl.endpoint.identification.algorithm = https
	ssl.engine.factory.class = null
	ssl.key.password = null
	ssl.keymanager.algorithm = SunX509
	ssl.keystore.certificate.chain = null
	ssl.keystore.key = null
	ssl.keystore.location = null
	ssl.keystore.password = null
	ssl.keystore.type = JKS
	ssl.protocol = TLSv1.3
	ssl.provider = null
	ssl.secure.random.implementation = null
	ssl.trustmanager.algorithm = PKIX
	ssl.truststore.certificates = null
	ssl.truststore.location = null
	ssl.truststore.password = null
	ssl.truststore.type = JKS
	value.deserializer = class org.apache.kafka.common.serialization.StringDeserializer

2024-12-15 13:54:42 INFO  o.a.k.c.t.i.KafkaMetricsCollector - initializing Kafka metrics collector
2024-12-15 13:54:42 INFO  o.a.kafka.common.utils.AppInfoParser - Kafka version: 3.7.1
2024-12-15 13:54:42 INFO  o.a.kafka.common.utils.AppInfoParser - Kafka commitId: e2494e6ffb89f828
2024-12-15 13:54:42 INFO  o.a.kafka.common.utils.AppInfoParser - Kafka startTimeMs: 1734245682760
2024-12-15 13:54:42 INFO  o.a.k.c.c.i.LegacyKafkaConsumer - [Consumer clientId=consumer-auth_service-8, groupId=auth_service] Subscribed to topic(s): start
2024-12-15 13:54:42 INFO  c.e.demo.HhRecruiterApplicationKt - Started HhRecruiterApplicationKt in 8.899 seconds (process running for 9.243)
2024-12-15 13:54:42 INFO  c.e.demo.service.NotificationService - Запуск нотификации
2024-12-15 13:54:43 INFO  org.apache.kafka.clients.Metadata - [Consumer clientId=consumer-auth_service-6, groupId=auth_service] Cluster ID: rs0KtrdkQsGY2gwAHle7dQ
2024-12-15 13:54:43 INFO  org.apache.kafka.clients.Metadata - [Consumer clientId=consumer-auth_service-1, groupId=auth_service] Cluster ID: rs0KtrdkQsGY2gwAHle7dQ
2024-12-15 13:54:43 INFO  org.apache.kafka.clients.Metadata - [Consumer clientId=consumer-auth_service-3, groupId=auth_service] Cluster ID: rs0KtrdkQsGY2gwAHle7dQ
2024-12-15 13:54:43 INFO  org.apache.kafka.clients.Metadata - [Consumer clientId=consumer-auth_service-7, groupId=auth_service] Cluster ID: rs0KtrdkQsGY2gwAHle7dQ
2024-12-15 13:54:43 INFO  o.a.k.c.c.i.ConsumerCoordinator - [Consumer clientId=consumer-auth_service-1, groupId=auth_service] Discovered group coordinator 37.194.168.90:9092 (id: 2147483646 rack: null)
2024-12-15 13:54:43 INFO  org.apache.kafka.clients.Metadata - [Consumer clientId=consumer-auth_service-4, groupId=auth_service] Cluster ID: rs0KtrdkQsGY2gwAHle7dQ
2024-12-15 13:54:43 INFO  o.a.k.c.c.i.ConsumerCoordinator - [Consumer clientId=consumer-auth_service-4, groupId=auth_service] Discovered group coordinator 37.194.168.90:9092 (id: 2147483646 rack: null)
2024-12-15 13:54:43 INFO  o.a.k.c.c.i.ConsumerCoordinator - [Consumer clientId=consumer-auth_service-7, groupId=auth_service] Discovered group coordinator 37.194.168.90:9092 (id: 2147483646 rack: null)
2024-12-15 13:54:43 INFO  org.apache.kafka.clients.Metadata - [Consumer clientId=consumer-auth_service-5, groupId=auth_service] Cluster ID: rs0KtrdkQsGY2gwAHle7dQ
2024-12-15 13:54:43 INFO  org.apache.kafka.clients.Metadata - [Consumer clientId=consumer-auth_service-2, groupId=auth_service] Cluster ID: rs0KtrdkQsGY2gwAHle7dQ
2024-12-15 13:54:43 INFO  o.a.k.c.c.i.ConsumerCoordinator - [Consumer clientId=consumer-auth_service-6, groupId=auth_service] Discovered group coordinator 37.194.168.90:9092 (id: 2147483646 rack: null)
2024-12-15 13:54:43 INFO  o.a.k.c.c.i.ConsumerCoordinator - [Consumer clientId=consumer-auth_service-5, groupId=auth_service] Discovered group coordinator 37.194.168.90:9092 (id: 2147483646 rack: null)
2024-12-15 13:54:43 INFO  org.apache.kafka.clients.Metadata - [Consumer clientId=consumer-auth_service-8, groupId=auth_service] Cluster ID: rs0KtrdkQsGY2gwAHle7dQ
2024-12-15 13:54:43 INFO  o.a.k.c.c.i.ConsumerCoordinator - [Consumer clientId=consumer-auth_service-2, groupId=auth_service] Discovered group coordinator 37.194.168.90:9092 (id: 2147483646 rack: null)
2024-12-15 13:54:43 INFO  o.a.k.c.c.i.ConsumerCoordinator - [Consumer clientId=consumer-auth_service-8, groupId=auth_service] Discovered group coordinator 37.194.168.90:9092 (id: 2147483646 rack: null)
2024-12-15 13:54:43 INFO  o.a.k.c.c.i.ConsumerCoordinator - [Consumer clientId=consumer-auth_service-3, groupId=auth_service] Discovered group coordinator 37.194.168.90:9092 (id: 2147483646 rack: null)
2024-12-15 13:54:43 INFO  o.a.k.c.c.i.ConsumerCoordinator - [Consumer clientId=consumer-auth_service-1, groupId=auth_service] (Re-)joining group
2024-12-15 13:54:43 INFO  o.a.k.c.c.i.ConsumerCoordinator - [Consumer clientId=consumer-auth_service-7, groupId=auth_service] (Re-)joining group
2024-12-15 13:54:43 INFO  o.a.k.c.c.i.ConsumerCoordinator - [Consumer clientId=consumer-auth_service-6, groupId=auth_service] (Re-)joining group
2024-12-15 13:54:43 INFO  o.a.k.c.c.i.ConsumerCoordinator - [Consumer clientId=consumer-auth_service-8, groupId=auth_service] (Re-)joining group
2024-12-15 13:54:43 INFO  o.a.k.c.c.i.ConsumerCoordinator - [Consumer clientId=consumer-auth_service-5, groupId=auth_service] (Re-)joining group
2024-12-15 13:54:43 INFO  o.a.k.c.c.i.ConsumerCoordinator - [Consumer clientId=consumer-auth_service-4, groupId=auth_service] (Re-)joining group
2024-12-15 13:54:43 INFO  o.a.k.c.c.i.ConsumerCoordinator - [Consumer clientId=consumer-auth_service-2, groupId=auth_service] (Re-)joining group
2024-12-15 13:54:43 INFO  o.a.k.c.c.i.ConsumerCoordinator - [Consumer clientId=consumer-auth_service-3, groupId=auth_service] (Re-)joining group
2024-12-15 13:54:43 INFO  o.a.k.c.c.i.ConsumerCoordinator - [Consumer clientId=consumer-auth_service-7, groupId=auth_service] Request joining group due to: need to re-join with the given member-id: consumer-auth_service-7-c567cbb5-dad2-4c19-be2a-85a9537a0b20
2024-12-15 13:54:43 INFO  o.a.k.c.c.i.ConsumerCoordinator - [Consumer clientId=consumer-auth_service-2, groupId=auth_service] Request joining group due to: need to re-join with the given member-id: consumer-auth_service-2-277ff00e-99f4-46af-9b09-ee4c796040a1
2024-12-15 13:54:43 INFO  o.a.k.c.c.i.ConsumerCoordinator - [Consumer clientId=consumer-auth_service-2, groupId=auth_service] (Re-)joining group
2024-12-15 13:54:43 INFO  o.a.k.c.c.i.ConsumerCoordinator - [Consumer clientId=consumer-auth_service-7, groupId=auth_service] (Re-)joining group
2024-12-15 13:54:43 INFO  o.a.k.c.c.i.ConsumerCoordinator - [Consumer clientId=consumer-auth_service-8, groupId=auth_service] Request joining group due to: need to re-join with the given member-id: consumer-auth_service-8-2c1b8c11-9e2b-4033-b433-ba70a167ee41
2024-12-15 13:54:43 INFO  o.a.k.c.c.i.ConsumerCoordinator - [Consumer clientId=consumer-auth_service-3, groupId=auth_service] Request joining group due to: need to re-join with the given member-id: consumer-auth_service-3-d976a85d-8489-4bde-9a8d-1fee1d94e4d0
2024-12-15 13:54:43 INFO  o.a.k.c.c.i.ConsumerCoordinator - [Consumer clientId=consumer-auth_service-1, groupId=auth_service] Request joining group due to: need to re-join with the given member-id: consumer-auth_service-1-4aad9cee-36af-40ff-9213-542fffdb54ad
2024-12-15 13:54:43 INFO  o.a.k.c.c.i.ConsumerCoordinator - [Consumer clientId=consumer-auth_service-5, groupId=auth_service] Request joining group due to: need to re-join with the given member-id: consumer-auth_service-5-1e356798-b40f-4bdd-98b1-f99b388acb35
2024-12-15 13:54:43 INFO  o.a.k.c.c.i.ConsumerCoordinator - [Consumer clientId=consumer-auth_service-8, groupId=auth_service] (Re-)joining group
2024-12-15 13:54:43 INFO  o.a.k.c.c.i.ConsumerCoordinator - [Consumer clientId=consumer-auth_service-5, groupId=auth_service] (Re-)joining group
2024-12-15 13:54:43 INFO  o.a.k.c.c.i.ConsumerCoordinator - [Consumer clientId=consumer-auth_service-3, groupId=auth_service] (Re-)joining group
2024-12-15 13:54:43 INFO  o.a.k.c.c.i.ConsumerCoordinator - [Consumer clientId=consumer-auth_service-6, groupId=auth_service] Request joining group due to: need to re-join with the given member-id: consumer-auth_service-6-a7d2d98c-ba0e-40eb-9b58-dc28e5580ea0
2024-12-15 13:54:43 INFO  o.a.k.c.c.i.ConsumerCoordinator - [Consumer clientId=consumer-auth_service-1, groupId=auth_service] (Re-)joining group
2024-12-15 13:54:43 INFO  o.a.k.c.c.i.ConsumerCoordinator - [Consumer clientId=consumer-auth_service-6, groupId=auth_service] (Re-)joining group
2024-12-15 13:54:43 INFO  o.a.k.c.c.i.ConsumerCoordinator - [Consumer clientId=consumer-auth_service-4, groupId=auth_service] Request joining group due to: need to re-join with the given member-id: consumer-auth_service-4-29a8e8e2-651c-413f-a3c3-f85393904f5e
2024-12-15 13:54:43 INFO  o.a.k.c.c.i.ConsumerCoordinator - [Consumer clientId=consumer-auth_service-4, groupId=auth_service] (Re-)joining group
2024-12-15 13:54:44 INFO  c.e.demo.service.NotificationService - Всего пользователей: 1
2024-12-15 13:54:44 INFO  c.e.demo.service.VacancyService - https://api.hh.ru/negotiations?status=active
2024-12-15 13:54:44 ERROR c.e.demo.service.VacancyService - {id=4208452197, state={id=discard, name=Отказ}, created_at=2024-12-14T13:33:18+0300, updated_at=2024-12-15T07:11:06+0300, resume={id=999442fcff094a83d90039ed1f6c794d4e6436, title=Java-разработчик, url=https://api.hh.ru/resumes/999442fcff094a83d90039ed1f6c794d4e6436, alternate_url=https://hh.ru/resume/999442fcff094a83d90039ed1f6c794d4e6436}, viewed_by_opponent=true, has_updates=true, messages_url=https://api.hh.ru/negotiations/4208452197/messages, url=https://api.hh.ru/negotiations/4208452197, counters={messages=1, unread_messages=0}, chat_states={response_reminder_state={allowed=false}}, source=NEGOTIATION, chat_id=4217539512, messaging_status=no_invitation, decline_allowed=false, read=true, has_new_messages=true, applicant_question_state=false, hidden=false, vacancy={id=113121623, premium=false, name=Middle Java-разработчик, department=null, has_test=false, response_letter_required=false, area={id=2759, name=Ташкент, url=https://api.hh.ru/areas/2759}, salary=null, type={id=open, name=Открытая}, address={city=Ташкент, street=улица Аккурган, building=31А, lat=41.330567, lng=69.30515, description=null, raw=Ташкент, улица Аккурган, 31А, metro=null, metro_stations=[], id=15904087}, response_url=null, sort_point_distance=null, published_at=2024-12-12T10:32:07+0300, created_at=2024-12-12T10:32:07+0300, archived=false, apply_alternate_url=https://hh.ru/applicant/vacancy_response?vacancyId=113121623, insider_interview=null, url=https://api.hh.ru/vacancies/113121623?host=hh.ru, alternate_url=https://hh.ru/vacancy/113121623, employer={id=11134730, name=NOMADIAN, url=https://api.hh.ru/employers/11134730, alternate_url=https://hh.ru/employer/11134730, logo_urls=null, vacancies_url=https://api.hh.ru/vacancies?employer_id=11134730, accredited_it_employer=false, trusted=true}, professional_roles=[{id=96, name=Программист, разработчик}]}}
2024-12-15 13:54:44 ERROR c.e.demo.service.VacancyService - {id=4207544657, state={id=discard, name=Отказ}, created_at=2024-12-13T16:58:50+0300, updated_at=2024-12-14T21:36:18+0300, resume={id=999442fcff094a83d90039ed1f6c794d4e6436, title=Java-разработчик, url=https://api.hh.ru/resumes/999442fcff094a83d90039ed1f6c794d4e6436, alternate_url=https://hh.ru/resume/999442fcff094a83d90039ed1f6c794d4e6436}, viewed_by_opponent=true, has_updates=true, messages_url=https://api.hh.ru/negotiations/4207544657/messages, url=https://api.hh.ru/negotiations/4207544657, counters={messages=1, unread_messages=0}, chat_states={response_reminder_state={allowed=false}}, source=NEGOTIATION, chat_id=4216604722, messaging_status=no_invitation, decline_allowed=false, read=true, has_new_messages=true, applicant_question_state=false, hidden=false, vacancy={id=112550547, premium=false, name=Java-разработчик (Modeus), department=null, has_test=false, response_letter_required=false, area={id=1, name=Москва, url=https://api.hh.ru/areas/1}, salary=null, type={id=open, name=Открытая}, address={city=Москва, street=Лесная улица, building=43, lat=55.780583, lng=37.590677, description=null, raw=Москва, Лесная улица, 43, metro={station_name=Белорусская, line_name=Замоскворецкая, station_id=2.19, line_id=2, lat=55.777439, lng=37.582107}, metro_stations=[{station_name=Белорусская, line_name=Замоскворецкая, station_id=2.19, line_id=2, lat=55.777439, lng=37.582107}], id=130273}, response_url=null, sort_point_distance=null, published_at=2024-12-04T21:35:42+0300, created_at=2024-12-04T21:35:42+0300, archived=false, apply_alternate_url=https://hh.ru/applicant/vacancy_response?vacancyId=112550547, show_logo_in_search=null, insider_interview=null, url=https://api.hh.ru/vacancies/112550547?host=hh.ru, alternate_url=https://hh.ru/vacancy/112550547, employer={id=2537, name=CUSTIS, url=https://api.hh.ru/employers/2537, alternate_url=https://hh.ru/employer/2537, logo_urls={90=https://img.hhcdn.ru/employer-logo/3388917.png, 240=https://img.hhcdn.ru/employer-logo/3388918.png, original=https://img.hhcdn.ru/employer-logo-original/736985.png}, vacancies_url=https://api.hh.ru/vacancies?employer_id=2537, accredited_it_employer=false, trusted=true}, professional_roles=[{id=96, name=Программист, разработчик}]}}
2024-12-15 13:54:44 ERROR c.e.demo.service.VacancyService - {id=4208453093, state={id=discard, name=Отказ}, created_at=2024-12-14T13:34:14+0300, updated_at=2024-12-14T16:14:11+0300, resume={id=999442fcff094a83d90039ed1f6c794d4e6436, title=Java-разработчик, url=https://api.hh.ru/resumes/999442fcff094a83d90039ed1f6c794d4e6436, alternate_url=https://hh.ru/resume/999442fcff094a83d90039ed1f6c794d4e6436}, viewed_by_opponent=true, has_updates=true, messages_url=https://api.hh.ru/negotiations/4208453093/messages, url=https://api.hh.ru/negotiations/4208453093, counters={messages=1, unread_messages=0}, chat_states={response_reminder_state={allowed=false}}, source=NEGOTIATION, chat_id=4217540427, messaging_status=no_invitation, decline_allowed=false, read=true, has_new_messages=true, applicant_question_state=false, hidden=false, vacancy={id=112966487, premium=false, name=Java Developer со знанием немецкого языка, department=null, has_test=false, response_letter_required=false, area={id=1002, name=Минск, url=https://api.hh.ru/areas/1002}, salary=null, type={id=open, name=Открытая}, address=null, response_url=null, sort_point_distance=null, published_at=2024-12-11T09:59:54+0300, created_at=2024-12-11T09:59:54+0300, archived=false, apply_alternate_url=https://hh.ru/applicant/vacancy_response?vacancyId=112966487, show_logo_in_search=null, insider_interview=null, url=https://api.hh.ru/vacancies/112966487?host=hh.ru, alternate_url=https://hh.ru/vacancy/112966487, employer={id=1858119, name=Innowise Group / Фабрика инноваций и решений, url=https://api.hh.ru/employers/1858119, alternate_url=https://hh.ru/employer/1858119, logo_urls={90=https://img.hhcdn.ru/employer-logo/3339492.png, 240=https://img.hhcdn.ru/employer-logo/3339493.png, original=https://img.hhcdn.ru/employer-logo-original/724601.png}, vacancies_url=https://api.hh.ru/vacancies?employer_id=1858119, accredited_it_employer=false, trusted=true}, professional_roles=[{id=96, name=Программист, разработчик}]}}
2024-12-15 13:54:44 ERROR c.e.demo.service.VacancyService - {id=4208534571, state={id=discard, name=Отказ}, created_at=2024-12-14T14:55:44+0300, updated_at=2024-12-14T15:11:42+0300, resume={id=999442fcff094a83d90039ed1f6c794d4e6436, title=Java-разработчик, url=https://api.hh.ru/resumes/999442fcff094a83d90039ed1f6c794d4e6436, alternate_url=https://hh.ru/resume/999442fcff094a83d90039ed1f6c794d4e6436}, viewed_by_opponent=true, has_updates=true, messages_url=https://api.hh.ru/negotiations/4208534571/messages, url=https://api.hh.ru/negotiations/4208534571, counters={messages=1, unread_messages=0}, chat_states={response_reminder_state={allowed=false}}, source=NEGOTIATION, chat_id=4217623741, messaging_status=no_invitation, decline_allowed=false, read=true, has_new_messages=true, applicant_question_state=false, hidden=false, vacancy={id=109767065, premium=false, name=Trainee Java developer, department=null, has_test=false, response_letter_required=false, area={id=1002, name=Минск, url=https://api.hh.ru/areas/1002}, salary=null, type={id=open, name=Открытая}, address={city=Минск, street=Интернациональная улица, building=25А, lat=53.904384, lng=27.558489, description=null, raw=Минск, Интернациональная улица, 25А, metro=null, metro_stations=[], id=13459438}, response_url=null, sort_point_distance=null, published_at=2024-11-30T16:01:40+0300, created_at=2024-11-30T16:01:40+0300, archived=false, apply_alternate_url=https://hh.ru/applicant/vacancy_response?vacancyId=109767065, show_logo_in_search=null, insider_interview=null, url=https://api.hh.ru/vacancies/109767065?host=hh.ru, alternate_url=https://hh.ru/vacancy/109767065, employer={id=9903768, name=Айфортекс, url=https://api.hh.ru/employers/9903768, alternate_url=https://hh.ru/employer/9903768, logo_urls={240=https://img.hhcdn.ru/employer-logo/7020407.png, 90=https://img.hhcdn.ru/employer-logo/7020406.png, original=https://img.hhcdn.ru/employer-logo-original/1350116.png}, vacancies_url=https://api.hh.ru/vacancies?employer_id=9903768, accredited_it_employer=false, trusted=true}, professional_roles=[{id=96, name=Программист, разработчик}]}}
2024-12-15 13:54:44 ERROR c.e.demo.service.VacancyService - {id=4208534766, state={id=discard, name=Отказ}, created_at=2024-12-14T14:55:55+0300, updated_at=2024-12-14T15:11:42+0300, resume={id=999442fcff094a83d90039ed1f6c794d4e6436, title=Java-разработчик, url=https://api.hh.ru/resumes/999442fcff094a83d90039ed1f6c794d4e6436, alternate_url=https://hh.ru/resume/999442fcff094a83d90039ed1f6c794d4e6436}, viewed_by_opponent=true, has_updates=true, messages_url=https://api.hh.ru/negotiations/4208534766/messages, url=https://api.hh.ru/negotiations/4208534766, counters={messages=1, unread_messages=0}, chat_states={response_reminder_state={allowed=false}}, source=NEGOTIATION, chat_id=4217623945, messaging_status=no_invitation, decline_allowed=false, read=true, has_new_messages=true, applicant_question_state=false, hidden=false, vacancy={id=113151771, premium=false, name=Automated Testing in Java Trainee, department=null, has_test=false, response_letter_required=false, area={id=2784, name=Коканд, url=https://api.hh.ru/areas/2784}, salary=null, type={id=open, name=Открытая}, address=null, response_url=null, sort_point_distance=null, published_at=2024-12-12T15:19:23+0300, created_at=2024-12-12T15:19:23+0300, archived=false, apply_alternate_url=https://hh.ru/applicant/vacancy_response?vacancyId=113151771, show_logo_in_search=null, insider_interview=null, url=https://api.hh.ru/vacancies/113151771?host=hh.ru, alternate_url=https://hh.ru/vacancy/113151771, employer={id=6085050, name=EPAM Uzbekistan, url=https://api.hh.ru/employers/6085050, alternate_url=https://hh.ru/employer/6085050, logo_urls={240=https://img.hhcdn.ru/employer-logo/6900367.jpeg, original=https://img.hhcdn.ru/employer-logo-original/1320077.jpeg, 90=https://img.hhcdn.ru/employer-logo/6900366.jpeg}, vacancies_url=https://api.hh.ru/vacancies?employer_id=6085050, accredited_it_employer=false, trusted=true}, professional_roles=[{id=124, name=Тестировщик}]}}
2024-12-15 13:54:44 ERROR c.e.demo.service.VacancyService - {id=4208534806, state={id=discard, name=Отказ}, created_at=2024-12-14T14:55:58+0300, updated_at=2024-12-14T15:11:41+0300, resume={id=999442fcff094a83d90039ed1f6c794d4e6436, title=Java-разработчик, url=https://api.hh.ru/resumes/999442fcff094a83d90039ed1f6c794d4e6436, alternate_url=https://hh.ru/resume/999442fcff094a83d90039ed1f6c794d4e6436}, viewed_by_opponent=true, has_updates=true, messages_url=https://api.hh.ru/negotiations/4208534806/messages, url=https://api.hh.ru/negotiations/4208534806, counters={messages=1, unread_messages=0}, chat_states={response_reminder_state={allowed=false}}, source=NEGOTIATION, chat_id=4217623988, messaging_status=no_invitation, decline_allowed=false, read=true, has_new_messages=true, applicant_question_state=false, hidden=false, vacancy={id=113151772, premium=false, name=Automated Testing in Java Trainee, department=null, has_test=false, response_letter_required=false, area={id=2889, name=Кува, url=https://api.hh.ru/areas/2889}, salary=null, type={id=open, name=Открытая}, address=null, response_url=null, sort_point_distance=null, published_at=2024-12-12T15:19:23+0300, created_at=2024-12-12T15:19:23+0300, archived=false, apply_alternate_url=https://hh.ru/applicant/vacancy_response?vacancyId=113151772, show_logo_in_search=null, insider_interview=null, url=https://api.hh.ru/vacancies/113151772?host=hh.ru, alternate_url=https://hh.ru/vacancy/113151772, employer={id=6085050, name=EPAM Uzbekistan, url=https://api.hh.ru/employers/6085050, alternate_url=https://hh.ru/employer/6085050, logo_urls={240=https://img.hhcdn.ru/employer-logo/6900367.jpeg, original=https://img.hhcdn.ru/employer-logo-original/1320077.jpeg, 90=https://img.hhcdn.ru/employer-logo/6900366.jpeg}, vacancies_url=https://api.hh.ru/vacancies?employer_id=6085050, accredited_it_employer=false, trusted=true}, professional_roles=[{id=124, name=Тестировщик}]}}
2024-12-15 13:54:44 ERROR c.e.demo.service.VacancyService - {id=4208534820, state={id=discard, name=Отказ}, created_at=2024-12-14T14:55:59+0300, updated_at=2024-12-14T15:11:41+0300, resume={id=999442fcff094a83d90039ed1f6c794d4e6436, title=Java-разработчик, url=https://api.hh.ru/resumes/999442fcff094a83d90039ed1f6c794d4e6436, alternate_url=https://hh.ru/resume/999442fcff094a83d90039ed1f6c794d4e6436}, viewed_by_opponent=true, has_updates=true, messages_url=https://api.hh.ru/negotiations/4208534820/messages, url=https://api.hh.ru/negotiations/4208534820, counters={messages=1, unread_messages=0}, chat_states={response_reminder_state={allowed=false}}, source=NEGOTIATION, chat_id=4217624003, messaging_status=no_invitation, decline_allowed=false, read=true, has_new_messages=true, applicant_question_state=false, hidden=false, vacancy={id=113151773, premium=false, name=Automated Testing in Java Trainee, department=null, has_test=false, response_letter_required=false, area={id=2785, name=Маргилан, url=https://api.hh.ru/areas/2785}, salary=null, type={id=open, name=Открытая}, address=null, response_url=null, sort_point_distance=null, published_at=2024-12-12T15:19:23+0300, created_at=2024-12-12T15:19:23+0300, archived=false, apply_alternate_url=https://hh.ru/applicant/vacancy_response?vacancyId=113151773, show_logo_in_search=null, insider_interview=null, url=https://api.hh.ru/vacancies/113151773?host=hh.ru, alternate_url=https://hh.ru/vacancy/113151773, employer={id=6085050, name=EPAM Uzbekistan, url=https://api.hh.ru/employers/6085050, alternate_url=https://hh.ru/employer/6085050, logo_urls={240=https://img.hhcdn.ru/employer-logo/6900367.jpeg, original=https://img.hhcdn.ru/employer-logo-original/1320077.jpeg, 90=https://img.hhcdn.ru/employer-logo/6900366.jpeg}, vacancies_url=https://api.hh.ru/vacancies?employer_id=6085050, accredited_it_employer=false, trusted=true}, professional_roles=[{id=124, name=Тестировщик}]}}
2024-12-15 13:54:44 ERROR c.e.demo.service.VacancyService - {id=4208534510, state={id=discard, name=Отказ}, created_at=2024-12-14T14:55:40+0300, updated_at=2024-12-14T15:11:41+0300, resume={id=999442fcff094a83d90039ed1f6c794d4e6436, title=Java-разработчик, url=https://api.hh.ru/resumes/999442fcff094a83d90039ed1f6c794d4e6436, alternate_url=https://hh.ru/resume/999442fcff094a83d90039ed1f6c794d4e6436}, viewed_by_opponent=true, has_updates=true, messages_url=https://api.hh.ru/negotiations/4208534510/messages, url=https://api.hh.ru/negotiations/4208534510, counters={messages=1, unread_messages=0}, chat_states={response_reminder_state={allowed=false}}, source=NEGOTIATION, chat_id=4217623677, messaging_status=no_invitation, decline_allowed=false, read=true, has_new_messages=true, applicant_question_state=false, hidden=false, vacancy={id=113151785, premium=false, name=Automated Testing in Java Trainee, department=null, has_test=false, response_letter_required=false, area={id=2781, name=Бухара, url=https://api.hh.ru/areas/2781}, salary=null, type={id=open, name=Открытая}, address=null, response_url=null, sort_point_distance=null, published_at=2024-12-12T15:19:23+0300, created_at=2024-12-12T15:19:23+0300, archived=false, apply_alternate_url=https://hh.ru/applicant/vacancy_response?vacancyId=113151785, show_logo_in_search=null, insider_interview=null, url=https://api.hh.ru/vacancies/113151785?host=hh.ru, alternate_url=https://hh.ru/vacancy/113151785, employer={id=6085050, name=EPAM Uzbekistan, url=https://api.hh.ru/employers/6085050, alternate_url=https://hh.ru/employer/6085050, logo_urls={240=https://img.hhcdn.ru/employer-logo/6900367.jpeg, original=https://img.hhcdn.ru/employer-logo-original/1320077.jpeg, 90=https://img.hhcdn.ru/employer-logo/6900366.jpeg}, vacancies_url=https://api.hh.ru/vacancies?employer_id=6085050, accredited_it_employer=false, trusted=true}, professional_roles=[{id=124, name=Тестировщик}]}}
2024-12-15 13:54:44 ERROR c.e.demo.service.VacancyService - {id=4208534724, state={id=discard, name=Отказ}, created_at=2024-12-14T14:55:53+0300, updated_at=2024-12-14T15:11:40+0300, resume={id=999442fcff094a83d90039ed1f6c794d4e6436, title=Java-разработчик, url=https://api.hh.ru/resumes/999442fcff094a83d90039ed1f6c794d4e6436, alternate_url=https://hh.ru/resume/999442fcff094a83d90039ed1f6c794d4e6436}, viewed_by_opponent=true, has_updates=true, messages_url=https://api.hh.ru/negotiations/4208534724/messages, url=https://api.hh.ru/negotiations/4208534724, counters={messages=1, unread_messages=0}, chat_states={response_reminder_state={allowed=false}}, source=NEGOTIATION, chat_id=4217623902, messaging_status=no_invitation, decline_allowed=false, read=true, has_new_messages=true, applicant_question_state=false, hidden=false, vacancy={id=113151770, premium=false, name=Automated Testing in Java Trainee, department=null, has_test=false, response_letter_required=false, area={id=2888, name=Китаб, url=https://api.hh.ru/areas/2888}, salary=null, type={id=open, name=Открытая}, address=null, response_url=null, sort_point_distance=null, published_at=2024-12-12T15:19:23+0300, created_at=2024-12-12T15:19:23+0300, archived=false, apply_alternate_url=https://hh.ru/applicant/vacancy_response?vacancyId=113151770, show_logo_in_search=null, insider_interview=null, url=https://api.hh.ru/vacancies/113151770?host=hh.ru, alternate_url=https://hh.ru/vacancy/113151770, employer={id=6085050, name=EPAM Uzbekistan, url=https://api.hh.ru/employers/6085050, alternate_url=https://hh.ru/employer/6085050, logo_urls={240=https://img.hhcdn.ru/employer-logo/6900367.jpeg, original=https://img.hhcdn.ru/employer-logo-original/1320077.jpeg, 90=https://img.hhcdn.ru/employer-logo/6900366.jpeg}, vacancies_url=https://api.hh.ru/vacancies?employer_id=6085050, accredited_it_employer=false, trusted=true}, professional_roles=[{id=124, name=Тестировщик}]}}
2024-12-15 13:54:44 ERROR c.e.demo.service.VacancyService - {id=4208534355, state={id=discard, name=Отказ}, created_at=2024-12-14T14:55:30+0300, updated_at=2024-12-14T15:10:42+0300, resume={id=999442fcff094a83d90039ed1f6c794d4e6436, title=Java-разработчик, url=https://api.hh.ru/resumes/999442fcff094a83d90039ed1f6c794d4e6436, alternate_url=https://hh.ru/resume/999442fcff094a83d90039ed1f6c794d4e6436}, viewed_by_opponent=true, has_updates=true, messages_url=https://api.hh.ru/negotiations/4208534355/messages, url=https://api.hh.ru/negotiations/4208534355, counters={messages=1, unread_messages=0}, chat_states={response_reminder_state={allowed=false}}, source=NEGOTIATION, chat_id=4217623518, messaging_status=no_invitation, decline_allowed=false, read=true, has_new_messages=true, applicant_question_state=false, hidden=false, vacancy={id=113151780, premium=false, name=Automated Testing in Java Trainee, department=null, has_test=false, response_letter_required=false, area={id=2788, name=Ургенч, url=https://api.hh.ru/areas/2788}, salary=null, type={id=open, name=Открытая}, address=null, response_url=null, sort_point_distance=null, published_at=2024-12-12T15:19:23+0300, created_at=2024-12-12T15:19:23+0300, archived=false, apply_alternate_url=https://hh.ru/applicant/vacancy_response?vacancyId=113151780, show_logo_in_search=null, insider_interview=null, url=https://api.hh.ru/vacancies/113151780?host=hh.ru, alternate_url=https://hh.ru/vacancy/113151780, employer={id=6085050, name=EPAM Uzbekistan, url=https://api.hh.ru/employers/6085050, alternate_url=https://hh.ru/employer/6085050, logo_urls={240=https://img.hhcdn.ru/employer-logo/6900367.jpeg, original=https://img.hhcdn.ru/employer-logo-original/1320077.jpeg, 90=https://img.hhcdn.ru/employer-logo/6900366.jpeg}, vacancies_url=https://api.hh.ru/vacancies?employer_id=6085050, accredited_it_employer=false, trusted=true}, professional_roles=[{id=124, name=Тестировщик}]}}
2024-12-15 13:54:44 ERROR c.e.demo.service.VacancyService - {id=4208534444, state={id=discard, name=Отказ}, created_at=2024-12-14T14:55:36+0300, updated_at=2024-12-14T15:10:41+0300, resume={id=999442fcff094a83d90039ed1f6c794d4e6436, title=Java-разработчик, url=https://api.hh.ru/resumes/999442fcff094a83d90039ed1f6c794d4e6436, alternate_url=https://hh.ru/resume/999442fcff094a83d90039ed1f6c794d4e6436}, viewed_by_opponent=true, has_updates=true, messages_url=https://api.hh.ru/negotiations/4208534444/messages, url=https://api.hh.ru/negotiations/4208534444, counters={messages=1, unread_messages=0}, chat_states={response_reminder_state={allowed=false}}, source=NEGOTIATION, chat_id=4217623609, messaging_status=no_invitation, decline_allowed=false, read=true, has_new_messages=true, applicant_question_state=false, hidden=false, vacancy={id=113151783, premium=false, name=Automated Testing in Java Trainee, department=null, has_test=false, response_letter_required=false, area={id=2923, name=Ходжаабад, url=https://api.hh.ru/areas/2923}, salary=null, type={id=open, name=Открытая}, address=null, response_url=null, sort_point_distance=null, published_at=2024-12-12T15:19:23+0300, created_at=2024-12-12T15:19:23+0300, archived=false, apply_alternate_url=https://hh.ru/applicant/vacancy_response?vacancyId=113151783, show_logo_in_search=null, insider_interview=null, url=https://api.hh.ru/vacancies/113151783?host=hh.ru, alternate_url=https://hh.ru/vacancy/113151783, employer={id=6085050, name=EPAM Uzbekistan, url=https://api.hh.ru/employers/6085050, alternate_url=https://hh.ru/employer/6085050, logo_urls={240=https://img.hhcdn.ru/employer-logo/6900367.jpeg, original=https://img.hhcdn.ru/employer-logo-original/1320077.jpeg, 90=https://img.hhcdn.ru/employer-logo/6900366.jpeg}, vacancies_url=https://api.hh.ru/vacancies?employer_id=6085050, accredited_it_employer=false, trusted=true}, professional_roles=[{id=124, name=Тестировщик}]}}
2024-12-15 13:54:44 ERROR c.e.demo.service.VacancyService - {id=4208534422, state={id=discard, name=Отказ}, created_at=2024-12-14T14:55:35+0300, updated_at=2024-12-14T15:10:41+0300, resume={id=999442fcff094a83d90039ed1f6c794d4e6436, title=Java-разработчик, url=https://api.hh.ru/resumes/999442fcff094a83d90039ed1f6c794d4e6436, alternate_url=https://hh.ru/resume/999442fcff094a83d90039ed1f6c794d4e6436}, viewed_by_opponent=true, has_updates=true, messages_url=https://api.hh.ru/negotiations/4208534422/messages, url=https://api.hh.ru/negotiations/4208534422, counters={messages=1, unread_messages=0}, chat_states={response_reminder_state={allowed=false}}, source=NEGOTIATION, chat_id=4217623587, messaging_status=no_invitation, decline_allowed=false, read=true, has_new_messages=true, applicant_question_state=false, hidden=false, vacancy={id=113151782, premium=false, name=Automated Testing in Java Trainee, department=null, has_test=false, response_letter_required=false, area={id=2922, name=Хива, url=https://api.hh.ru/areas/2922}, salary=null, type={id=open, name=Открытая}, address=null, response_url=null, sort_point_distance=null, published_at=2024-12-12T15:19:23+0300, created_at=2024-12-12T15:19:23+0300, archived=false, apply_alternate_url=https://hh.ru/applicant/vacancy_response?vacancyId=113151782, show_logo_in_search=null, insider_interview=null, url=https://api.hh.ru/vacancies/113151782?host=hh.ru, alternate_url=https://hh.ru/vacancy/113151782, employer={id=6085050, name=EPAM Uzbekistan, url=https://api.hh.ru/employers/6085050, alternate_url=https://hh.ru/employer/6085050, logo_urls={240=https://img.hhcdn.ru/employer-logo/6900367.jpeg, original=https://img.hhcdn.ru/employer-logo-original/1320077.jpeg, 90=https://img.hhcdn.ru/employer-logo/6900366.jpeg}, vacancies_url=https://api.hh.ru/vacancies?employer_id=6085050, accredited_it_employer=false, trusted=true}, professional_roles=[{id=124, name=Тестировщик}]}}
2024-12-15 13:54:44 ERROR c.e.demo.service.VacancyService - {id=4208534473, state={id=discard, name=Отказ}, created_at=2024-12-14T14:55:37+0300, updated_at=2024-12-14T15:10:41+0300, resume={id=999442fcff094a83d90039ed1f6c794d4e6436, title=Java-разработчик, url=https://api.hh.ru/resumes/999442fcff094a83d90039ed1f6c794d4e6436, alternate_url=https://hh.ru/resume/999442fcff094a83d90039ed1f6c794d4e6436}, viewed_by_opponent=true, has_updates=true, messages_url=https://api.hh.ru/negotiations/4208534473/messages, url=https://api.hh.ru/negotiations/4208534473, counters={messages=1, unread_messages=0}, chat_states={response_reminder_state={allowed=false}}, source=NEGOTIATION, chat_id=4217623639, messaging_status=no_invitation, decline_allowed=false, read=true, has_new_messages=true, applicant_question_state=false, hidden=false, vacancy={id=113151784, premium=false, name=Automated Testing in Java Trainee, department=null, has_test=false, response_letter_required=false, area={id=2778, name=Самарканд, url=https://api.hh.ru/areas/2778}, salary=null, type={id=open, name=Открытая}, address=null, response_url=null, sort_point_distance=null, published_at=2024-12-12T15:19:23+0300, created_at=2024-12-12T15:19:23+0300, archived=false, apply_alternate_url=https://hh.ru/applicant/vacancy_response?vacancyId=113151784, show_logo_in_search=null, insider_interview=null, url=https://api.hh.ru/vacancies/113151784?host=hh.ru, alternate_url=https://hh.ru/vacancy/113151784, employer={id=6085050, name=EPAM Uzbekistan, url=https://api.hh.ru/employers/6085050, alternate_url=https://hh.ru/employer/6085050, logo_urls={240=https://img.hhcdn.ru/employer-logo/6900367.jpeg, original=https://img.hhcdn.ru/employer-logo-original/1320077.jpeg, 90=https://img.hhcdn.ru/employer-logo/6900366.jpeg}, vacancies_url=https://api.hh.ru/vacancies?employer_id=6085050, accredited_it_employer=false, trusted=true}, professional_roles=[{id=124, name=Тестировщик}]}}
2024-12-15 13:54:44 ERROR c.e.demo.service.VacancyService - {id=4208534400, state={id=discard, name=Отказ}, created_at=2024-12-14T14:55:34+0300, updated_at=2024-12-14T15:10:39+0300, resume={id=999442fcff094a83d90039ed1f6c794d4e6436, title=Java-разработчик, url=https://api.hh.ru/resumes/999442fcff094a83d90039ed1f6c794d4e6436, alternate_url=https://hh.ru/resume/999442fcff094a83d90039ed1f6c794d4e6436}, viewed_by_opponent=true, has_updates=true, messages_url=https://api.hh.ru/negotiations/4208534400/messages, url=https://api.hh.ru/negotiations/4208534400, counters={messages=1, unread_messages=0}, chat_states={response_reminder_state={allowed=false}}, source=NEGOTIATION, chat_id=4217623565, messaging_status=no_invitation, decline_allowed=false, read=true, has_new_messages=true, applicant_question_state=false, hidden=false, vacancy={id=113151781, premium=false, name=Automated Testing in Java Trainee, department=null, has_test=false, response_letter_required=false, area={id=2782, name=Фергана, url=https://api.hh.ru/areas/2782}, salary=null, type={id=open, name=Открытая}, address=null, response_url=null, sort_point_distance=null, published_at=2024-12-12T15:19:23+0300, created_at=2024-12-12T15:19:23+0300, archived=false, apply_alternate_url=https://hh.ru/applicant/vacancy_response?vacancyId=113151781, show_logo_in_search=null, insider_interview=null, url=https://api.hh.ru/vacancies/113151781?host=hh.ru, alternate_url=https://hh.ru/vacancy/113151781, employer={id=6085050, name=EPAM Uzbekistan, url=https://api.hh.ru/employers/6085050, alternate_url=https://hh.ru/employer/6085050, logo_urls={240=https://img.hhcdn.ru/employer-logo/6900367.jpeg, original=https://img.hhcdn.ru/employer-logo-original/1320077.jpeg, 90=https://img.hhcdn.ru/employer-logo/6900366.jpeg}, vacancies_url=https://api.hh.ru/vacancies?employer_id=6085050, accredited_it_employer=false, trusted=true}, professional_roles=[{id=124, name=Тестировщик}]}}
2024-12-15 13:54:44 ERROR c.e.demo.service.VacancyService - {id=4208529863, state={id=discard, name=Отказ}, created_at=2024-12-14T14:50:58+0300, updated_at=2024-12-14T15:06:37+0300, resume={id=999442fcff094a83d90039ed1f6c794d4e6436, title=Java-разработчик, url=https://api.hh.ru/resumes/999442fcff094a83d90039ed1f6c794d4e6436, alternate_url=https://hh.ru/resume/999442fcff094a83d90039ed1f6c794d4e6436}, viewed_by_opponent=true, has_updates=true, messages_url=https://api.hh.ru/negotiations/4208529863/messages, url=https://api.hh.ru/negotiations/4208529863, counters={messages=1, unread_messages=0}, chat_states={response_reminder_state={allowed=false}}, source=NEGOTIATION, chat_id=4217618914, messaging_status=no_invitation, decline_allowed=false, read=true, has_new_messages=true, applicant_question_state=false, hidden=false, vacancy={id=111052222, premium=false, name=QA/автотестировщик на Java, department=null, has_test=false, response_letter_required=false, area={id=72, name=Пермь, url=https://api.hh.ru/areas/72}, salary={from=null, to=150000, currency=RUR, gross=false}, type={id=open, name=Открытая}, address={city=Пермь, street=Решетниковский спуск, building=1Ю, lat=58.014827, lng=56.211136, description=null, raw=Пермь, Решетниковский спуск, 1Ю, metro=null, metro_stations=[], id=13647676}, response_url=null, sort_point_distance=null, published_at=2024-12-12T13:23:41+0300, created_at=2024-12-12T13:23:41+0300, archived=false, apply_alternate_url=https://hh.ru/applicant/vacancy_response?vacancyId=111052222, show_logo_in_search=null, insider_interview=null, url=https://api.hh.ru/vacancies/111052222?host=hh.ru, alternate_url=https://hh.ru/vacancy/111052222, employer={id=2770726, name=Spectr, url=https://api.hh.ru/employers/2770726, alternate_url=https://hh.ru/employer/2770726, logo_urls={original=https://img.hhcdn.ru/employer-logo-original/963278.png, 90=https://img.hhcdn.ru/employer-logo/5387132.png, 240=https://img.hhcdn.ru/employer-logo/5387133.png}, vacancies_url=https://api.hh.ru/vacancies?employer_id=2770726, accredited_it_employer=true, trusted=true}, professional_roles=[{id=124, name=Тестировщик}]}}
2024-12-15 13:54:44 ERROR c.e.demo.service.VacancyService - {id=4208529784, state={id=discard, name=Отказ}, created_at=2024-12-14T14:50:53+0300, updated_at=2024-12-14T15:06:36+0300, resume={id=999442fcff094a83d90039ed1f6c794d4e6436, title=Java-разработчик, url=https://api.hh.ru/resumes/999442fcff094a83d90039ed1f6c794d4e6436, alternate_url=https://hh.ru/resume/999442fcff094a83d90039ed1f6c794d4e6436}, viewed_by_opponent=true, has_updates=true, messages_url=https://api.hh.ru/negotiations/4208529784/messages, url=https://api.hh.ru/negotiations/4208529784, counters={messages=1, unread_messages=0}, chat_states={response_reminder_state={allowed=false}}, source=NEGOTIATION, chat_id=4217618833, messaging_status=no_invitation, decline_allowed=false, read=true, has_new_messages=true, applicant_question_state=false, hidden=false, vacancy={id=108411836, premium=false, name=Trainee AQA in Java, department=null, has_test=false, response_letter_required=false, area={id=1003, name=Гомель, url=https://api.hh.ru/areas/1003}, salary=null, type={id=open, name=Открытая}, address=null, response_url=null, sort_point_distance=null, published_at=2024-12-02T09:20:20+0300, created_at=2024-12-02T09:20:20+0300, archived=false, apply_alternate_url=https://hh.ru/applicant/vacancy_response?vacancyId=108411836, show_logo_in_search=null, insider_interview=null, url=https://api.hh.ru/vacancies/108411836?host=hh.ru, alternate_url=https://hh.ru/vacancy/108411836, employer={id=1858119, name=Innowise Group / Фабрика инноваций и решений, url=https://api.hh.ru/employers/1858119, alternate_url=https://hh.ru/employer/1858119, logo_urls={90=https://img.hhcdn.ru/employer-logo/3339492.png, 240=https://img.hhcdn.ru/employer-logo/3339493.png, original=https://img.hhcdn.ru/employer-logo-original/724601.png}, vacancies_url=https://api.hh.ru/vacancies?employer_id=1858119, accredited_it_employer=false, trusted=true}, professional_roles=[{id=124, name=Тестировщик}]}}
2024-12-15 13:54:44 ERROR c.e.demo.service.VacancyService - {id=4208529424, state={id=discard, name=Отказ}, created_at=2024-12-14T14:50:31+0300, updated_at=2024-12-14T15:05:37+0300, resume={id=999442fcff094a83d90039ed1f6c794d4e6436, title=Java-разработчик, url=https://api.hh.ru/resumes/999442fcff094a83d90039ed1f6c794d4e6436, alternate_url=https://hh.ru/resume/999442fcff094a83d90039ed1f6c794d4e6436}, viewed_by_opponent=true, has_updates=true, messages_url=https://api.hh.ru/negotiations/4208529424/messages, url=https://api.hh.ru/negotiations/4208529424, counters={messages=1, unread_messages=0}, chat_states={response_reminder_state={allowed=false}}, source=NEGOTIATION, chat_id=4217618461, messaging_status=no_invitation, decline_allowed=false, read=true, has_new_messages=true, applicant_question_state=false, hidden=false, vacancy={id=111293705, premium=false, name=Middle Java Software Engineer, department=null, has_test=false, response_letter_required=false, area={id=159, name=Астана, url=https://api.hh.ru/areas/159}, salary={from=350000, to=600000, currency=KZT, gross=false}, type={id=open, name=Открытая}, address={city=Астана, street=улица Иманбаевой, building=5, lat=51.161189, lng=71.435451, description=null, raw=Астана, улица Иманбаевой, 5, metro=null, metro_stations=[], id=13825683}, response_url=null, sort_point_distance=null, published_at=2024-12-13T08:58:31+0300, created_at=2024-12-13T08:58:31+0300, archived=false, apply_alternate_url=https://hh.ru/applicant/vacancy_response?vacancyId=111293705, show_logo_in_search=null, insider_interview=null, url=https://api.hh.ru/vacancies/111293705?host=hh.ru, alternate_url=https://hh.ru/vacancy/111293705, employer={id=10084842, name=Fundsmarket, url=https://api.hh.ru/employers/10084842, alternate_url=https://hh.ru/employer/10084842, logo_urls={original=https://img.hhcdn.ru/employer-logo-original/1132671.png, 90=https://img.hhcdn.ru/employer-logo/6151273.png, 240=https://img.hhcdn.ru/employer-logo/6151274.png}, vacancies_url=https://api.hh.ru/vacancies?employer_id=10084842, accredited_it_employer=false, trusted=true}, professional_roles=[{id=96, name=Программист, разработчик}]}}
2024-12-15 13:54:44 ERROR c.e.demo.service.VacancyService - {id=4208534292, state={id=invitation, name=Приглашение}, created_at=2024-12-14T14:55:27+0300, updated_at=2024-12-14T14:57:00+0300, resume={id=999442fcff094a83d90039ed1f6c794d4e6436, title=Java-разработчик, url=https://api.hh.ru/resumes/999442fcff094a83d90039ed1f6c794d4e6436, alternate_url=https://hh.ru/resume/999442fcff094a83d90039ed1f6c794d4e6436}, viewed_by_opponent=true, has_updates=true, messages_url=https://api.hh.ru/negotiations/4208534292/messages, url=https://api.hh.ru/negotiations/4208534292, counters={messages=1, unread_messages=0}, chat_states={response_reminder_state={allowed=false}}, source=NEGOTIATION, chat_id=4217623455, messaging_status=ok, decline_allowed=true, read=true, has_new_messages=true, applicant_question_state=false, hidden=false, vacancy={id=112733439, premium=false, name=Backend-разработчик в IT-Хаб (Java/Python/Golang/.NET), department=null, has_test=false, response_letter_required=false, area={id=99, name=Уфа, url=https://api.hh.ru/areas/99}, salary=null, type={id=open, name=Открытая}, address=null, response_url=null, sort_point_distance=null, published_at=2024-12-09T05:15:14+0300, created_at=2024-12-09T05:15:14+0300, archived=false, apply_alternate_url=https://hh.ru/applicant/vacancy_response?vacancyId=112733439, show_logo_in_search=null, insider_interview=null, url=https://api.hh.ru/vacancies/112733439?host=hh.ru, alternate_url=https://hh.ru/vacancy/112733439, employer={id=9479446, name=Мартынцев Артем Сергеевич, url=https://api.hh.ru/employers/9479446, alternate_url=https://hh.ru/employer/9479446, logo_urls={original=https://img.hhcdn.ru/employer-logo-original/1264204.png, 90=https://img.hhcdn.ru/employer-logo/6677142.png, 240=https://img.hhcdn.ru/employer-logo/6677143.png}, vacancies_url=https://api.hh.ru/vacancies?employer_id=9479446, accredited_it_employer=false, trusted=true}, professional_roles=[{id=96, name=Программист, разработчик}]}}
2024-12-15 13:54:44 ERROR c.e.demo.service.VacancyService - {id=4208534190, state={id=invitation, name=Приглашение}, created_at=2024-12-14T14:55:21+0300, updated_at=2024-12-14T14:56:30+0300, resume={id=999442fcff094a83d90039ed1f6c794d4e6436, title=Java-разработчик, url=https://api.hh.ru/resumes/999442fcff094a83d90039ed1f6c794d4e6436, alternate_url=https://hh.ru/resume/999442fcff094a83d90039ed1f6c794d4e6436}, viewed_by_opponent=true, has_updates=true, messages_url=https://api.hh.ru/negotiations/4208534190/messages, url=https://api.hh.ru/negotiations/4208534190, counters={messages=1, unread_messages=0}, chat_states={response_reminder_state={allowed=false}}, source=NEGOTIATION, chat_id=4217623350, messaging_status=ok, decline_allowed=true, read=true, has_new_messages=true, applicant_question_state=false, hidden=false, vacancy={id=112371843, premium=false, name=Junior Java разработчик (Стажер), department=null, has_test=false, response_letter_required=false, area={id=54, name=Красноярск, url=https://api.hh.ru/areas/54}, salary=null, type={id=open, name=Открытая}, address=null, response_url=null, sort_point_distance=null, published_at=2024-12-03T06:13:32+0300, created_at=2024-12-03T06:13:32+0300, archived=false, apply_alternate_url=https://hh.ru/applicant/vacancy_response?vacancyId=112371843, show_logo_in_search=null, insider_interview=null, url=https://api.hh.ru/vacancies/112371843?host=hh.ru, alternate_url=https://hh.ru/vacancy/112371843, employer={id=8550, name=Центр финансовых технологий, url=https://api.hh.ru/employers/8550, alternate_url=https://hh.ru/employer/8550, logo_urls={original=https://img.hhcdn.ru/employer-logo-original/690133.gif, 240=https://img.hhcdn.ru/employer-logo/3201665.png, 90=https://img.hhcdn.ru/employer-logo/3201664.png}, vacancies_url=https://api.hh.ru/vacancies?employer_id=8550, accredited_it_employer=true, trusted=true}, professional_roles=[{id=96, name=Программист, разработчик}]}}
2024-12-15 13:54:44 ERROR c.e.demo.service.VacancyService - {id=4208534210, state={id=invitation, name=Приглашение}, created_at=2024-12-14T14:55:22+0300, updated_at=2024-12-14T14:56:30+0300, resume={id=999442fcff094a83d90039ed1f6c794d4e6436, title=Java-разработчик, url=https://api.hh.ru/resumes/999442fcff094a83d90039ed1f6c794d4e6436, alternate_url=https://hh.ru/resume/999442fcff094a83d90039ed1f6c794d4e6436}, viewed_by_opponent=true, has_updates=true, messages_url=https://api.hh.ru/negotiations/4208534210/messages, url=https://api.hh.ru/negotiations/4208534210, counters={messages=1, unread_messages=0}, chat_states={response_reminder_state={allowed=false}}, source=NEGOTIATION, chat_id=4217623370, messaging_status=ok, decline_allowed=true, read=true, has_new_messages=true, applicant_question_state=false, hidden=false, vacancy={id=112371842, premium=false, name=Junior Java разработчик (Стажер), department=null, has_test=false, response_letter_required=false, area={id=90, name=Томск, url=https://api.hh.ru/areas/90}, salary=null, type={id=open, name=Открытая}, address=null, response_url=null, sort_point_distance=null, published_at=2024-12-03T06:13:32+0300, created_at=2024-12-03T06:13:32+0300, archived=false, apply_alternate_url=https://hh.ru/applicant/vacancy_response?vacancyId=112371842, show_logo_in_search=null, insider_interview=null, url=https://api.hh.ru/vacancies/112371842?host=hh.ru, alternate_url=https://hh.ru/vacancy/112371842, employer={id=8550, name=Центр финансовых технологий, url=https://api.hh.ru/employers/8550, alternate_url=https://hh.ru/employer/8550, logo_urls={original=https://img.hhcdn.ru/employer-logo-original/690133.gif, 240=https://img.hhcdn.ru/employer-logo/3201665.png, 90=https://img.hhcdn.ru/employer-logo/3201664.png}, vacancies_url=https://api.hh.ru/vacancies?employer_id=8550, accredited_it_employer=true, trusted=true}, professional_roles=[{id=96, name=Программист, разработчик}]}}
2024-12-15 13:54:44 DEBUG c.e.demo.service.NotificationService - Отправка уведомления в Telegram: []
2024-12-15 13:54:46 INFO  o.a.k.c.c.i.ConsumerCoordinator - [Consumer clientId=consumer-auth_service-2, groupId=auth_service] Successfully joined group with generation Generation{generationId=1247, memberId='consumer-auth_service-2-277ff00e-99f4-46af-9b09-ee4c796040a1', protocol='range'}
2024-12-15 13:54:46 INFO  o.a.k.c.c.i.ConsumerCoordinator - [Consumer clientId=consumer-auth_service-7, groupId=auth_service] Successfully joined group with generation Generation{generationId=1247, memberId='consumer-auth_service-7-c567cbb5-dad2-4c19-be2a-85a9537a0b20', protocol='range'}
2024-12-15 13:54:46 INFO  o.a.k.c.c.i.ConsumerCoordinator - [Consumer clientId=consumer-auth_service-4, groupId=auth_service] Successfully joined group with generation Generation{generationId=1247, memberId='consumer-auth_service-4-29a8e8e2-651c-413f-a3c3-f85393904f5e', protocol='range'}
2024-12-15 13:54:46 INFO  o.a.k.c.c.i.ConsumerCoordinator - [Consumer clientId=consumer-auth_service-5, groupId=auth_service] Successfully joined group with generation Generation{generationId=1247, memberId='consumer-auth_service-5-1e356798-b40f-4bdd-98b1-f99b388acb35', protocol='range'}
2024-12-15 13:54:46 INFO  o.a.k.c.c.i.ConsumerCoordinator - [Consumer clientId=consumer-auth_service-1, groupId=auth_service] Successfully joined group with generation Generation{generationId=1247, memberId='consumer-auth_service-1-4aad9cee-36af-40ff-9213-542fffdb54ad', protocol='range'}
2024-12-15 13:54:46 INFO  o.a.k.c.c.i.ConsumerCoordinator - [Consumer clientId=consumer-auth_service-6, groupId=auth_service] Successfully joined group with generation Generation{generationId=1247, memberId='consumer-auth_service-6-a7d2d98c-ba0e-40eb-9b58-dc28e5580ea0', protocol='range'}
2024-12-15 13:54:46 INFO  o.a.k.c.c.i.ConsumerCoordinator - [Consumer clientId=consumer-auth_service-3, groupId=auth_service] Successfully joined group with generation Generation{generationId=1247, memberId='consumer-auth_service-3-d976a85d-8489-4bde-9a8d-1fee1d94e4d0', protocol='range'}
2024-12-15 13:54:46 INFO  o.a.k.c.c.i.ConsumerCoordinator - [Consumer clientId=consumer-auth_service-8, groupId=auth_service] Successfully joined group with generation Generation{generationId=1247, memberId='consumer-auth_service-8-2c1b8c11-9e2b-4033-b433-ba70a167ee41', protocol='range'}
2024-12-15 13:54:47 INFO  o.a.k.c.c.i.ConsumerCoordinator - [Consumer clientId=consumer-auth_service-2, groupId=auth_service] Finished assignment for group at generation 1247: {consumer-auth_service-5-1e356798-b40f-4bdd-98b1-f99b388acb35=Assignment(partitions=[registry-0]), consumer-auth_service-3-d976a85d-8489-4bde-9a8d-1fee1d94e4d0=Assignment(partitions=[stop-0]), consumer-auth_service-7-c567cbb5-dad2-4c19-be2a-85a9537a0b20=Assignment(partitions=[filter-0]), consumer-auth_service-4-29a8e8e2-651c-413f-a3c3-f85393904f5e=Assignment(partitions=[status-0]), consumer-auth_service-2-277ff00e-99f4-46af-9b09-ee4c796040a1=Assignment(partitions=[profile-0]), consumer-auth_service-8-2c1b8c11-9e2b-4033-b433-ba70a167ee41=Assignment(partitions=[start-0]), consumer-auth_service-6-a7d2d98c-ba0e-40eb-9b58-dc28e5580ea0=Assignment(partitions=[getLink-0]), consumer-auth_service-1-4aad9cee-36af-40ff-9213-542fffdb54ad=Assignment(partitions=[ping-0])}
2024-12-15 13:54:47 INFO  o.a.k.c.c.i.ConsumerCoordinator - [Consumer clientId=consumer-auth_service-7, groupId=auth_service] Successfully synced group in generation Generation{generationId=1247, memberId='consumer-auth_service-7-c567cbb5-dad2-4c19-be2a-85a9537a0b20', protocol='range'}
2024-12-15 13:54:47 INFO  o.a.k.c.c.i.ConsumerCoordinator - [Consumer clientId=consumer-auth_service-2, groupId=auth_service] Successfully synced group in generation Generation{generationId=1247, memberId='consumer-auth_service-2-277ff00e-99f4-46af-9b09-ee4c796040a1', protocol='range'}
2024-12-15 13:54:47 INFO  o.a.k.c.c.i.ConsumerCoordinator - [Consumer clientId=consumer-auth_service-2, groupId=auth_service] Notifying assignor about the new Assignment(partitions=[profile-0])
2024-12-15 13:54:47 INFO  o.a.k.c.c.i.ConsumerCoordinator - [Consumer clientId=consumer-auth_service-7, groupId=auth_service] Notifying assignor about the new Assignment(partitions=[filter-0])
2024-12-15 13:54:47 INFO  o.a.k.c.c.i.ConsumerRebalanceListenerInvoker - [Consumer clientId=consumer-auth_service-7, groupId=auth_service] Adding newly assigned partitions: filter-0
2024-12-15 13:54:47 INFO  o.a.k.c.c.i.ConsumerRebalanceListenerInvoker - [Consumer clientId=consumer-auth_service-2, groupId=auth_service] Adding newly assigned partitions: profile-0
2024-12-15 13:54:47 INFO  o.a.k.c.c.i.ConsumerCoordinator - [Consumer clientId=consumer-auth_service-6, groupId=auth_service] Successfully synced group in generation Generation{generationId=1247, memberId='consumer-auth_service-6-a7d2d98c-ba0e-40eb-9b58-dc28e5580ea0', protocol='range'}
2024-12-15 13:54:47 INFO  o.a.k.c.c.i.ConsumerCoordinator - [Consumer clientId=consumer-auth_service-6, groupId=auth_service] Notifying assignor about the new Assignment(partitions=[getLink-0])
2024-12-15 13:54:47 INFO  o.a.k.c.c.i.ConsumerRebalanceListenerInvoker - [Consumer clientId=consumer-auth_service-6, groupId=auth_service] Adding newly assigned partitions: getLink-0
2024-12-15 13:54:47 INFO  o.a.k.c.c.i.ConsumerCoordinator - [Consumer clientId=consumer-auth_service-1, groupId=auth_service] Successfully synced group in generation Generation{generationId=1247, memberId='consumer-auth_service-1-4aad9cee-36af-40ff-9213-542fffdb54ad', protocol='range'}
2024-12-15 13:54:47 INFO  o.a.k.c.c.i.ConsumerCoordinator - [Consumer clientId=consumer-auth_service-1, groupId=auth_service] Notifying assignor about the new Assignment(partitions=[ping-0])
2024-12-15 13:54:47 INFO  o.a.k.c.c.i.ConsumerCoordinator - [Consumer clientId=consumer-auth_service-5, groupId=auth_service] Successfully synced group in generation Generation{generationId=1247, memberId='consumer-auth_service-5-1e356798-b40f-4bdd-98b1-f99b388acb35', protocol='range'}
2024-12-15 13:54:47 INFO  o.a.k.c.c.i.ConsumerRebalanceListenerInvoker - [Consumer clientId=consumer-auth_service-1, groupId=auth_service] Adding newly assigned partitions: ping-0
2024-12-15 13:54:47 INFO  o.a.k.c.c.i.ConsumerCoordinator - [Consumer clientId=consumer-auth_service-5, groupId=auth_service] Notifying assignor about the new Assignment(partitions=[registry-0])
2024-12-15 13:54:47 INFO  o.a.k.c.c.i.ConsumerRebalanceListenerInvoker - [Consumer clientId=consumer-auth_service-5, groupId=auth_service] Adding newly assigned partitions: registry-0
2024-12-15 13:54:47 INFO  o.a.k.c.c.i.ConsumerCoordinator - [Consumer clientId=consumer-auth_service-8, groupId=auth_service] Successfully synced group in generation Generation{generationId=1247, memberId='consumer-auth_service-8-2c1b8c11-9e2b-4033-b433-ba70a167ee41', protocol='range'}
2024-12-15 13:54:47 INFO  o.a.k.c.c.i.ConsumerCoordinator - [Consumer clientId=consumer-auth_service-4, groupId=auth_service] Successfully synced group in generation Generation{generationId=1247, memberId='consumer-auth_service-4-29a8e8e2-651c-413f-a3c3-f85393904f5e', protocol='range'}
2024-12-15 13:54:47 INFO  o.a.k.c.c.i.ConsumerCoordinator - [Consumer clientId=consumer-auth_service-3, groupId=auth_service] Successfully synced group in generation Generation{generationId=1247, memberId='consumer-auth_service-3-d976a85d-8489-4bde-9a8d-1fee1d94e4d0', protocol='range'}
2024-12-15 13:54:47 INFO  o.a.k.c.c.i.ConsumerCoordinator - [Consumer clientId=consumer-auth_service-8, groupId=auth_service] Notifying assignor about the new Assignment(partitions=[start-0])
2024-12-15 13:54:47 INFO  o.a.k.c.c.i.ConsumerCoordinator - [Consumer clientId=consumer-auth_service-3, groupId=auth_service] Notifying assignor about the new Assignment(partitions=[stop-0])
2024-12-15 13:54:47 INFO  o.a.k.c.c.i.ConsumerCoordinator - [Consumer clientId=consumer-auth_service-4, groupId=auth_service] Notifying assignor about the new Assignment(partitions=[status-0])
2024-12-15 13:54:47 INFO  o.a.k.c.c.i.ConsumerRebalanceListenerInvoker - [Consumer clientId=consumer-auth_service-8, groupId=auth_service] Adding newly assigned partitions: start-0
2024-12-15 13:54:47 INFO  o.a.k.c.c.i.ConsumerRebalanceListenerInvoker - [Consumer clientId=consumer-auth_service-3, groupId=auth_service] Adding newly assigned partitions: stop-0
2024-12-15 13:54:47 INFO  o.a.k.c.c.i.ConsumerRebalanceListenerInvoker - [Consumer clientId=consumer-auth_service-4, groupId=auth_service] Adding newly assigned partitions: status-0
2024-12-15 13:54:47 INFO  o.a.k.c.c.internals.ConsumerUtils - Setting offset for partition profile-0 to the committed offset FetchPosition{offset=60, offsetEpoch=Optional.empty, currentLeader=LeaderAndEpoch{leader=Optional[37.194.168.90:9092 (id: 1 rack: null)], epoch=0}}
2024-12-15 13:54:47 INFO  o.a.k.c.c.internals.ConsumerUtils - Setting offset for partition filter-0 to the committed offset FetchPosition{offset=62, offsetEpoch=Optional.empty, currentLeader=LeaderAndEpoch{leader=Optional[37.194.168.90:9092 (id: 1 rack: null)], epoch=0}}
2024-12-15 13:54:47 INFO  o.s.k.l.KafkaMessageListenerContainer - auth_service: partitions assigned: [profile-0]
2024-12-15 13:54:47 INFO  o.a.k.c.c.internals.ConsumerUtils - Setting offset for partition ping-0 to the committed offset FetchPosition{offset=1142, offsetEpoch=Optional.empty, currentLeader=LeaderAndEpoch{leader=Optional[37.194.168.90:9092 (id: 1 rack: null)], epoch=0}}
2024-12-15 13:54:47 INFO  o.a.k.c.c.internals.ConsumerUtils - Setting offset for partition start-0 to the committed offset FetchPosition{offset=243, offsetEpoch=Optional.empty, currentLeader=LeaderAndEpoch{leader=Optional[37.194.168.90:9092 (id: 1 rack: null)], epoch=0}}
2024-12-15 13:54:47 INFO  o.a.k.c.c.internals.ConsumerUtils - Setting offset for partition getLink-0 to the committed offset FetchPosition{offset=86, offsetEpoch=Optional.empty, currentLeader=LeaderAndEpoch{leader=Optional[37.194.168.90:9092 (id: 1 rack: null)], epoch=0}}
2024-12-15 13:54:47 INFO  o.a.k.c.c.internals.ConsumerUtils - Setting offset for partition status-0 to the committed offset FetchPosition{offset=85, offsetEpoch=Optional.empty, currentLeader=LeaderAndEpoch{leader=Optional[37.194.168.90:9092 (id: 1 rack: null)], epoch=0}}
2024-12-15 13:54:47 INFO  o.s.k.l.KafkaMessageListenerContainer - auth_service: partitions assigned: [getLink-0]
2024-12-15 13:54:47 INFO  o.s.k.l.KafkaMessageListenerContainer - auth_service: partitions assigned: [status-0]
2024-12-15 13:54:47 INFO  o.s.k.l.KafkaMessageListenerContainer - auth_service: partitions assigned: [start-0]
2024-12-15 13:54:47 INFO  o.a.k.c.c.internals.ConsumerUtils - Setting offset for partition registry-0 to the committed offset FetchPosition{offset=143, offsetEpoch=Optional.empty, currentLeader=LeaderAndEpoch{leader=Optional[37.194.168.90:9092 (id: 1 rack: null)], epoch=0}}
2024-12-15 13:54:47 INFO  o.s.k.l.KafkaMessageListenerContainer - auth_service: partitions assigned: [registry-0]
2024-12-15 13:54:47 INFO  o.a.k.c.c.internals.ConsumerUtils - Setting offset for partition stop-0 to the committed offset FetchPosition{offset=20, offsetEpoch=Optional.empty, currentLeader=LeaderAndEpoch{leader=Optional[37.194.168.90:9092 (id: 1 rack: null)], epoch=0}}
2024-12-15 13:54:47 INFO  o.s.k.l.KafkaMessageListenerContainer - auth_service: partitions assigned: [filter-0]
2024-12-15 13:54:47 INFO  o.s.k.l.KafkaMessageListenerContainer - auth_service: partitions assigned: [ping-0]
2024-12-15 13:54:47 INFO  o.s.k.l.KafkaMessageListenerContainer - auth_service: partitions assigned: [stop-0]
2024-12-15 13:58:54 INFO  o.a.k.c.c.i.ConsumerRebalanceListenerInvoker - [Consumer clientId=consumer-auth_service-1, groupId=auth_service] Revoke previously assigned partitions ping-0
2024-12-15 13:58:54 INFO  o.a.k.c.c.i.ConsumerRebalanceListenerInvoker - [Consumer clientId=consumer-auth_service-7, groupId=auth_service] Revoke previously assigned partitions filter-0
2024-12-15 13:58:54 INFO  o.a.k.c.c.i.ConsumerRebalanceListenerInvoker - [Consumer clientId=consumer-auth_service-8, groupId=auth_service] Revoke previously assigned partitions start-0
2024-12-15 13:58:54 INFO  o.a.k.c.c.i.ConsumerRebalanceListenerInvoker - [Consumer clientId=consumer-auth_service-2, groupId=auth_service] Revoke previously assigned partitions profile-0
2024-12-15 13:58:54 INFO  o.a.k.c.c.i.ConsumerRebalanceListenerInvoker - [Consumer clientId=consumer-auth_service-6, groupId=auth_service] Revoke previously assigned partitions getLink-0
2024-12-15 13:58:54 INFO  o.a.k.c.c.i.ConsumerRebalanceListenerInvoker - [Consumer clientId=consumer-auth_service-3, groupId=auth_service] Revoke previously assigned partitions stop-0
2024-12-15 13:58:54 INFO  o.a.k.c.c.i.ConsumerRebalanceListenerInvoker - [Consumer clientId=consumer-auth_service-4, groupId=auth_service] Revoke previously assigned partitions status-0
2024-12-15 13:58:54 INFO  o.a.k.c.c.i.ConsumerRebalanceListenerInvoker - [Consumer clientId=consumer-auth_service-5, groupId=auth_service] Revoke previously assigned partitions registry-0
2024-12-15 13:58:54 INFO  o.s.k.l.KafkaMessageListenerContainer - auth_service: partitions revoked: [ping-0]
2024-12-15 13:58:54 INFO  o.s.k.l.KafkaMessageListenerContainer - auth_service: partitions revoked: [filter-0]
2024-12-15 13:58:54 INFO  o.s.k.l.KafkaMessageListenerContainer - auth_service: partitions revoked: [start-0]
2024-12-15 13:58:54 INFO  o.s.k.l.KafkaMessageListenerContainer - auth_service: partitions revoked: [stop-0]
2024-12-15 13:58:54 INFO  o.s.k.l.KafkaMessageListenerContainer - auth_service: partitions revoked: [getLink-0]
2024-12-15 13:58:54 INFO  o.s.k.l.KafkaMessageListenerContainer - auth_service: partitions revoked: [profile-0]
2024-12-15 13:58:54 INFO  o.s.k.l.KafkaMessageListenerContainer - auth_service: partitions revoked: [registry-0]
2024-12-15 13:58:54 INFO  o.a.k.c.c.i.ConsumerCoordinator - [Consumer clientId=consumer-auth_service-6, groupId=auth_service] Member consumer-auth_service-6-a7d2d98c-ba0e-40eb-9b58-dc28e5580ea0 sending LeaveGroup request to coordinator 37.194.168.90:9092 (id: 2147483646 rack: null) due to the consumer unsubscribed from all topics
2024-12-15 13:58:54 INFO  o.a.k.c.c.i.ConsumerCoordinator - [Consumer clientId=consumer-auth_service-8, groupId=auth_service] Member consumer-auth_service-8-2c1b8c11-9e2b-4033-b433-ba70a167ee41 sending LeaveGroup request to coordinator 37.194.168.90:9092 (id: 2147483646 rack: null) due to the consumer unsubscribed from all topics
2024-12-15 13:58:54 INFO  o.s.k.l.KafkaMessageListenerContainer - auth_service: partitions revoked: [status-0]
2024-12-15 13:58:54 INFO  o.a.k.c.c.i.ConsumerCoordinator - [Consumer clientId=consumer-auth_service-1, groupId=auth_service] Member consumer-auth_service-1-4aad9cee-36af-40ff-9213-542fffdb54ad sending LeaveGroup request to coordinator 37.194.168.90:9092 (id: 2147483646 rack: null) due to the consumer unsubscribed from all topics
2024-12-15 13:58:54 INFO  o.a.k.c.c.i.ConsumerCoordinator - [Consumer clientId=consumer-auth_service-7, groupId=auth_service] Member consumer-auth_service-7-c567cbb5-dad2-4c19-be2a-85a9537a0b20 sending LeaveGroup request to coordinator 37.194.168.90:9092 (id: 2147483646 rack: null) due to the consumer unsubscribed from all topics
2024-12-15 13:58:54 INFO  o.a.k.c.c.i.ConsumerCoordinator - [Consumer clientId=consumer-auth_service-2, groupId=auth_service] Member consumer-auth_service-2-277ff00e-99f4-46af-9b09-ee4c796040a1 sending LeaveGroup request to coordinator 37.194.168.90:9092 (id: 2147483646 rack: null) due to the consumer unsubscribed from all topics
2024-12-15 13:58:54 INFO  o.a.k.c.c.i.ConsumerCoordinator - [Consumer clientId=consumer-auth_service-5, groupId=auth_service] Member consumer-auth_service-5-1e356798-b40f-4bdd-98b1-f99b388acb35 sending LeaveGroup request to coordinator 37.194.168.90:9092 (id: 2147483646 rack: null) due to the consumer unsubscribed from all topics
2024-12-15 13:58:54 INFO  o.a.k.c.c.i.ConsumerCoordinator - [Consumer clientId=consumer-auth_service-3, groupId=auth_service] Member consumer-auth_service-3-d976a85d-8489-4bde-9a8d-1fee1d94e4d0 sending LeaveGroup request to coordinator 37.194.168.90:9092 (id: 2147483646 rack: null) due to the consumer unsubscribed from all topics
2024-12-15 13:58:54 INFO  o.a.k.c.c.i.ConsumerCoordinator - [Consumer clientId=consumer-auth_service-4, groupId=auth_service] Member consumer-auth_service-4-29a8e8e2-651c-413f-a3c3-f85393904f5e sending LeaveGroup request to coordinator 37.194.168.90:9092 (id: 2147483646 rack: null) due to the consumer unsubscribed from all topics
2024-12-15 13:58:54 INFO  o.a.k.c.c.i.ConsumerCoordinator - [Consumer clientId=consumer-auth_service-5, groupId=auth_service] Resetting generation and member id due to: consumer pro-actively leaving the group
2024-12-15 13:58:54 INFO  o.a.k.c.c.i.ConsumerCoordinator - [Consumer clientId=consumer-auth_service-3, groupId=auth_service] Resetting generation and member id due to: consumer pro-actively leaving the group
2024-12-15 13:58:54 INFO  o.a.k.c.c.i.ConsumerCoordinator - [Consumer clientId=consumer-auth_service-4, groupId=auth_service] Resetting generation and member id due to: consumer pro-actively leaving the group
2024-12-15 13:58:54 INFO  o.a.k.c.c.i.ConsumerCoordinator - [Consumer clientId=consumer-auth_service-5, groupId=auth_service] Request joining group due to: consumer pro-actively leaving the group
2024-12-15 13:58:54 INFO  o.a.k.c.c.i.ConsumerCoordinator - [Consumer clientId=consumer-auth_service-8, groupId=auth_service] Resetting generation and member id due to: consumer pro-actively leaving the group
2024-12-15 13:58:54 INFO  o.a.k.c.c.i.ConsumerCoordinator - [Consumer clientId=consumer-auth_service-6, groupId=auth_service] Resetting generation and member id due to: consumer pro-actively leaving the group
2024-12-15 13:58:54 INFO  o.a.k.c.c.i.ConsumerCoordinator - [Consumer clientId=consumer-auth_service-1, groupId=auth_service] Resetting generation and member id due to: consumer pro-actively leaving the group
2024-12-15 13:58:54 INFO  o.a.k.c.c.i.ConsumerCoordinator - [Consumer clientId=consumer-auth_service-8, groupId=auth_service] Request joining group due to: consumer pro-actively leaving the group
2024-12-15 13:58:54 INFO  o.a.k.c.c.i.ConsumerCoordinator - [Consumer clientId=consumer-auth_service-1, groupId=auth_service] Request joining group due to: consumer pro-actively leaving the group
2024-12-15 13:58:54 INFO  o.a.k.c.c.i.ConsumerCoordinator - [Consumer clientId=consumer-auth_service-2, groupId=auth_service] Resetting generation and member id due to: consumer pro-actively leaving the group
2024-12-15 13:58:54 INFO  o.a.k.c.c.i.ConsumerCoordinator - [Consumer clientId=consumer-auth_service-7, groupId=auth_service] Resetting generation and member id due to: consumer pro-actively leaving the group
2024-12-15 13:58:54 INFO  o.a.k.c.c.i.ConsumerCoordinator - [Consumer clientId=consumer-auth_service-3, groupId=auth_service] Request joining group due to: consumer pro-actively leaving the group
2024-12-15 13:58:54 INFO  o.a.k.c.c.i.ConsumerCoordinator - [Consumer clientId=consumer-auth_service-4, groupId=auth_service] Request joining group due to: consumer pro-actively leaving the group
2024-12-15 13:58:54 INFO  o.a.k.c.c.i.LegacyKafkaConsumer - [Consumer clientId=consumer-auth_service-5, groupId=auth_service] Unsubscribed all topics or patterns and assigned partitions
2024-12-15 13:58:54 INFO  o.a.k.c.c.i.ConsumerCoordinator - [Consumer clientId=consumer-auth_service-6, groupId=auth_service] Request joining group due to: consumer pro-actively leaving the group
2024-12-15 13:58:54 INFO  o.a.k.c.c.i.LegacyKafkaConsumer - [Consumer clientId=consumer-auth_service-8, groupId=auth_service] Unsubscribed all topics or patterns and assigned partitions
2024-12-15 13:58:54 INFO  o.a.k.c.c.i.LegacyKafkaConsumer - [Consumer clientId=consumer-auth_service-6, groupId=auth_service] Unsubscribed all topics or patterns and assigned partitions
2024-12-15 13:58:54 INFO  o.a.k.c.c.i.LegacyKafkaConsumer - [Consumer clientId=consumer-auth_service-1, groupId=auth_service] Unsubscribed all topics or patterns and assigned partitions
2024-12-15 13:58:54 INFO  o.a.k.c.c.i.ConsumerCoordinator - [Consumer clientId=consumer-auth_service-2, groupId=auth_service] Request joining group due to: consumer pro-actively leaving the group
2024-12-15 13:58:54 INFO  o.a.k.c.c.i.ConsumerCoordinator - [Consumer clientId=consumer-auth_service-7, groupId=auth_service] Request joining group due to: consumer pro-actively leaving the group
2024-12-15 13:58:54 INFO  o.a.k.c.c.i.LegacyKafkaConsumer - [Consumer clientId=consumer-auth_service-3, groupId=auth_service] Unsubscribed all topics or patterns and assigned partitions
2024-12-15 13:58:54 INFO  o.a.k.c.c.i.LegacyKafkaConsumer - [Consumer clientId=consumer-auth_service-7, groupId=auth_service] Unsubscribed all topics or patterns and assigned partitions
2024-12-15 13:58:54 INFO  o.a.k.c.c.i.LegacyKafkaConsumer - [Consumer clientId=consumer-auth_service-4, groupId=auth_service] Unsubscribed all topics or patterns and assigned partitions
2024-12-15 13:58:54 INFO  o.a.k.c.c.i.LegacyKafkaConsumer - [Consumer clientId=consumer-auth_service-2, groupId=auth_service] Unsubscribed all topics or patterns and assigned partitions
2024-12-15 13:58:54 INFO  o.a.k.c.c.i.ConsumerCoordinator - [Consumer clientId=consumer-auth_service-2, groupId=auth_service] Resetting generation and member id due to: consumer pro-actively leaving the group
2024-12-15 13:58:54 INFO  o.a.k.c.c.i.ConsumerCoordinator - [Consumer clientId=consumer-auth_service-1, groupId=auth_service] Resetting generation and member id due to: consumer pro-actively leaving the group
2024-12-15 13:58:54 INFO  o.a.k.c.c.i.ConsumerCoordinator - [Consumer clientId=consumer-auth_service-5, groupId=auth_service] Resetting generation and member id due to: consumer pro-actively leaving the group
2024-12-15 13:58:54 INFO  o.a.k.c.c.i.ConsumerCoordinator - [Consumer clientId=consumer-auth_service-1, groupId=auth_service] Request joining group due to: consumer pro-actively leaving the group
2024-12-15 13:58:54 INFO  o.a.k.c.c.i.ConsumerCoordinator - [Consumer clientId=consumer-auth_service-5, groupId=auth_service] Request joining group due to: consumer pro-actively leaving the group
2024-12-15 13:58:54 INFO  o.a.k.c.c.i.ConsumerCoordinator - [Consumer clientId=consumer-auth_service-7, groupId=auth_service] Resetting generation and member id due to: consumer pro-actively leaving the group
2024-12-15 13:58:54 INFO  o.a.k.c.c.i.ConsumerCoordinator - [Consumer clientId=consumer-auth_service-8, groupId=auth_service] Resetting generation and member id due to: consumer pro-actively leaving the group
2024-12-15 13:58:54 INFO  o.a.k.c.c.i.ConsumerCoordinator - [Consumer clientId=consumer-auth_service-4, groupId=auth_service] Resetting generation and member id due to: consumer pro-actively leaving the group
2024-12-15 13:58:54 INFO  o.a.k.c.c.i.ConsumerCoordinator - [Consumer clientId=consumer-auth_service-6, groupId=auth_service] Resetting generation and member id due to: consumer pro-actively leaving the group
2024-12-15 13:58:54 INFO  o.a.k.c.c.i.ConsumerCoordinator - [Consumer clientId=consumer-auth_service-3, groupId=auth_service] Resetting generation and member id due to: consumer pro-actively leaving the group
2024-12-15 13:58:54 INFO  o.a.k.c.c.i.ConsumerCoordinator - [Consumer clientId=consumer-auth_service-6, groupId=auth_service] Request joining group due to: consumer pro-actively leaving the group
2024-12-15 13:58:54 INFO  o.a.k.c.c.i.ConsumerCoordinator - [Consumer clientId=consumer-auth_service-2, groupId=auth_service] Request joining group due to: consumer pro-actively leaving the group
2024-12-15 13:58:54 INFO  o.a.k.c.c.i.ConsumerCoordinator - [Consumer clientId=consumer-auth_service-7, groupId=auth_service] Request joining group due to: consumer pro-actively leaving the group
2024-12-15 13:58:54 INFO  o.a.k.c.c.i.ConsumerCoordinator - [Consumer clientId=consumer-auth_service-8, groupId=auth_service] Request joining group due to: consumer pro-actively leaving the group
2024-12-15 13:58:54 INFO  o.a.k.c.c.i.ConsumerCoordinator - [Consumer clientId=consumer-auth_service-4, groupId=auth_service] Request joining group due to: consumer pro-actively leaving the group
2024-12-15 13:58:54 INFO  o.a.k.c.c.i.ConsumerCoordinator - [Consumer clientId=consumer-auth_service-3, groupId=auth_service] Request joining group due to: consumer pro-actively leaving the group
2024-12-15 13:58:54 INFO  o.a.kafka.common.metrics.Metrics - Metrics scheduler closed
2024-12-15 13:58:54 INFO  o.a.kafka.common.metrics.Metrics - Closing reporter org.apache.kafka.common.metrics.JmxReporter
2024-12-15 13:58:54 INFO  o.a.kafka.common.metrics.Metrics - Closing reporter org.apache.kafka.common.telemetry.internals.ClientTelemetryReporter
2024-12-15 13:58:54 INFO  o.a.kafka.common.metrics.Metrics - Metrics reporters closed
2024-12-15 13:58:54 INFO  o.a.kafka.common.utils.AppInfoParser - App info kafka.consumer for consumer-auth_service-1 unregistered
2024-12-15 13:58:54 INFO  o.s.k.l.KafkaMessageListenerContainer - auth_service: Consumer stopped
2024-12-15 13:58:54 INFO  o.a.kafka.common.metrics.Metrics - Metrics scheduler closed
2024-12-15 13:58:54 INFO  o.a.kafka.common.metrics.Metrics - Metrics scheduler closed
2024-12-15 13:58:54 INFO  o.a.kafka.common.metrics.Metrics - Closing reporter org.apache.kafka.common.metrics.JmxReporter
2024-12-15 13:58:54 INFO  o.a.kafka.common.metrics.Metrics - Closing reporter org.apache.kafka.common.metrics.JmxReporter
2024-12-15 13:58:54 INFO  o.a.kafka.common.metrics.Metrics - Closing reporter org.apache.kafka.common.telemetry.internals.ClientTelemetryReporter
2024-12-15 13:58:54 INFO  o.a.kafka.common.metrics.Metrics - Closing reporter org.apache.kafka.common.telemetry.internals.ClientTelemetryReporter
2024-12-15 13:58:54 INFO  o.a.kafka.common.metrics.Metrics - Metrics reporters closed
2024-12-15 13:58:54 INFO  o.a.kafka.common.metrics.Metrics - Metrics reporters closed
2024-12-15 13:58:54 INFO  o.a.kafka.common.utils.AppInfoParser - App info kafka.consumer for consumer-auth_service-5 unregistered
2024-12-15 13:58:54 INFO  o.s.k.l.KafkaMessageListenerContainer - auth_service: Consumer stopped
2024-12-15 13:58:54 INFO  o.a.kafka.common.utils.AppInfoParser - App info kafka.consumer for consumer-auth_service-4 unregistered
2024-12-15 13:58:54 INFO  o.s.k.l.KafkaMessageListenerContainer - auth_service: Consumer stopped
2024-12-15 13:58:54 INFO  o.a.kafka.common.metrics.Metrics - Metrics scheduler closed
2024-12-15 13:58:54 INFO  o.a.kafka.common.metrics.Metrics - Closing reporter org.apache.kafka.common.metrics.JmxReporter
2024-12-15 13:58:54 INFO  o.a.kafka.common.metrics.Metrics - Closing reporter org.apache.kafka.common.telemetry.internals.ClientTelemetryReporter
2024-12-15 13:58:54 INFO  o.a.kafka.common.metrics.Metrics - Metrics reporters closed
2024-12-15 13:58:54 INFO  o.a.kafka.common.utils.AppInfoParser - App info kafka.consumer for consumer-auth_service-2 unregistered
2024-12-15 13:58:54 INFO  o.s.k.l.KafkaMessageListenerContainer - auth_service: Consumer stopped
2024-12-15 13:58:54 INFO  o.a.kafka.common.metrics.Metrics - Metrics scheduler closed
2024-12-15 13:58:54 INFO  o.a.kafka.common.metrics.Metrics - Closing reporter org.apache.kafka.common.metrics.JmxReporter
2024-12-15 13:58:54 INFO  o.a.kafka.common.metrics.Metrics - Closing reporter org.apache.kafka.common.telemetry.internals.ClientTelemetryReporter
2024-12-15 13:58:54 INFO  o.a.kafka.common.metrics.Metrics - Metrics reporters closed
2024-12-15 13:58:54 INFO  o.a.kafka.common.utils.AppInfoParser - App info kafka.consumer for consumer-auth_service-3 unregistered
2024-12-15 13:58:54 INFO  o.s.k.l.KafkaMessageListenerContainer - auth_service: Consumer stopped
2024-12-15 13:58:54 INFO  o.a.kafka.common.metrics.Metrics - Metrics scheduler closed
2024-12-15 13:58:54 INFO  o.a.kafka.common.metrics.Metrics - Closing reporter org.apache.kafka.common.metrics.JmxReporter
2024-12-15 13:58:54 INFO  o.a.kafka.common.metrics.Metrics - Closing reporter org.apache.kafka.common.telemetry.internals.ClientTelemetryReporter
2024-12-15 13:58:54 INFO  o.a.kafka.common.metrics.Metrics - Metrics reporters closed
2024-12-15 13:58:54 INFO  o.a.kafka.common.metrics.Metrics - Metrics scheduler closed
2024-12-15 13:58:54 INFO  o.a.kafka.common.metrics.Metrics - Closing reporter org.apache.kafka.common.metrics.JmxReporter
2024-12-15 13:58:54 INFO  o.a.kafka.common.metrics.Metrics - Metrics scheduler closed
2024-12-15 13:58:54 INFO  o.a.kafka.common.metrics.Metrics - Closing reporter org.apache.kafka.common.telemetry.internals.ClientTelemetryReporter
2024-12-15 13:58:54 INFO  o.a.kafka.common.metrics.Metrics - Closing reporter org.apache.kafka.common.metrics.JmxReporter
2024-12-15 13:58:54 INFO  o.a.kafka.common.metrics.Metrics - Metrics reporters closed
2024-12-15 13:58:54 INFO  o.a.kafka.common.metrics.Metrics - Closing reporter org.apache.kafka.common.telemetry.internals.ClientTelemetryReporter
2024-12-15 13:58:54 INFO  o.a.kafka.common.metrics.Metrics - Metrics reporters closed
2024-12-15 13:58:54 INFO  o.a.kafka.common.utils.AppInfoParser - App info kafka.consumer for consumer-auth_service-7 unregistered
2024-12-15 13:58:54 INFO  o.s.k.l.KafkaMessageListenerContainer - auth_service: Consumer stopped
2024-12-15 13:58:54 INFO  o.a.kafka.common.utils.AppInfoParser - App info kafka.consumer for consumer-auth_service-6 unregistered
2024-12-15 13:58:54 INFO  o.s.k.l.KafkaMessageListenerContainer - auth_service: Consumer stopped
2024-12-15 13:58:54 INFO  o.a.kafka.common.utils.AppInfoParser - App info kafka.consumer for consumer-auth_service-8 unregistered
2024-12-15 13:58:54 INFO  o.s.k.l.KafkaMessageListenerContainer - auth_service: Consumer stopped
2024-12-15 13:58:56 INFO  c.e.demo.HhRecruiterApplicationKt - Starting HhRecruiterApplicationKt using Java 17.0.13 with PID 76668 (/Users/macygabr/Projects/hhRecruiter/build/classes/kotlin/main started by macygabr in /Users/macygabr/Projects/hhRecruiter)
2024-12-15 13:58:56 DEBUG c.e.demo.HhRecruiterApplicationKt - Running with Spring Boot v3.3.4, Spring v6.1.13
2024-12-15 13:58:56 INFO  c.e.demo.HhRecruiterApplicationKt - No active profile set, falling back to 1 default profile: "default"
2024-12-15 13:58:56 INFO  o.s.o.j.LocalContainerEntityManagerFactoryBean - Closing JPA EntityManagerFactory for persistence unit 'default'
2024-12-15 13:58:56 INFO  com.zaxxer.hikari.HikariDataSource - HikariPool-1 - Shutdown initiated...
2024-12-15 13:58:57 INFO  o.s.d.r.c.RepositoryConfigurationDelegate - Bootstrapping Spring Data JPA repositories in DEFAULT mode.
2024-12-15 13:58:57 INFO  o.s.d.r.c.RepositoryConfigurationDelegate - Finished Spring Data repository scanning in 102 ms. Found 4 JPA repository interfaces.
2024-12-15 13:58:57 INFO  o.s.b.w.e.tomcat.TomcatWebServer - Tomcat initialized with port 8080 (http)
2024-12-15 13:58:57 INFO  o.a.coyote.http11.Http11NioProtocol - Initializing ProtocolHandler ["http-nio-8080"]
2024-12-15 13:58:57 INFO  o.a.catalina.core.StandardService - Starting service [Tomcat]
2024-12-15 13:58:57 INFO  o.a.catalina.core.StandardEngine - Starting Servlet engine: [Apache Tomcat/10.1.30]
2024-12-15 13:58:57 INFO  o.a.c.c.C.[Tomcat].[localhost].[/] - Initializing Spring embedded WebApplicationContext
2024-12-15 13:58:57 INFO  o.s.b.w.s.c.ServletWebServerApplicationContext - Root WebApplicationContext: initialization completed in 1112 ms
2024-12-15 13:58:58 INFO  o.h.jpa.internal.util.LogHelper - HHH000204: Processing PersistenceUnitInfo [name: default]
2024-12-15 13:58:58 INFO  org.hibernate.Version - HHH000412: Hibernate ORM core version 6.5.3.Final
2024-12-15 13:58:58 INFO  o.h.c.i.RegionFactoryInitiator - HHH000026: Second-level cache disabled
2024-12-15 13:58:58 INFO  o.s.o.j.p.SpringPersistenceUnitInfo - No LoadTimeWeaver setup: ignoring JPA class transformer
2024-12-15 13:58:58 INFO  com.zaxxer.hikari.HikariDataSource - HikariPool-1 - Starting...
2024-12-15 13:58:59 INFO  com.zaxxer.hikari.HikariDataSource - HikariPool-1 - Shutdown completed.
2024-12-15 13:58:59 INFO  com.zaxxer.hikari.pool.HikariPool - HikariPool-1 - Added connection org.postgresql.jdbc.PgConnection@53c40ed6
2024-12-15 13:58:59 INFO  com.zaxxer.hikari.HikariDataSource - HikariPool-1 - Start completed.
2024-12-15 13:59:01 INFO  o.h.e.t.j.p.i.JtaPlatformInitiator - HHH000489: No JTA platform available (set 'hibernate.transaction.jta.platform' to enable JTA platform integration)
2024-12-15 13:59:04 INFO  o.s.o.j.LocalContainerEntityManagerFactoryBean - Initialized JPA EntityManagerFactory for persistence unit 'default'
2024-12-15 13:59:04 WARN  o.s.b.a.o.j.JpaBaseConfiguration$JpaWebConfiguration - spring.jpa.open-in-view is enabled by default. Therefore, database queries may be performed during view rendering. Explicitly configure spring.jpa.open-in-view to disable this warning
2024-12-15 13:59:05 INFO  o.a.coyote.http11.Http11NioProtocol - Starting ProtocolHandler ["http-nio-8080"]
2024-12-15 13:59:05 INFO  o.s.b.w.e.tomcat.TomcatWebServer - Tomcat started on port 8080 (http) with context path '/'
2024-12-15 13:59:05 INFO  o.a.k.c.consumer.ConsumerConfig - ConsumerConfig values: 
	allow.auto.create.topics = true
	auto.commit.interval.ms = 5000
	auto.include.jmx.reporter = true
	auto.offset.reset = latest
	bootstrap.servers = [37.194.168.90:9092]
	check.crcs = true
	client.dns.lookup = use_all_dns_ips
	client.id = consumer-auth_service-1
	client.rack = 
	connections.max.idle.ms = 540000
	default.api.timeout.ms = 60000
	enable.auto.commit = false
	enable.metrics.push = true
	exclude.internal.topics = true
	fetch.max.bytes = 52428800
	fetch.max.wait.ms = 500
	fetch.min.bytes = 1
	group.id = auth_service
	group.instance.id = null
	group.protocol = classic
	group.remote.assignor = null
	heartbeat.interval.ms = 3000
	interceptor.classes = []
	internal.leave.group.on.close = true
	internal.throw.on.fetch.stable.offset.unsupported = false
	isolation.level = read_uncommitted
	key.deserializer = class org.apache.kafka.common.serialization.StringDeserializer
	max.partition.fetch.bytes = 1048576
	max.poll.interval.ms = 300000
	max.poll.records = 500
	metadata.max.age.ms = 300000
	metric.reporters = []
	metrics.num.samples = 2
	metrics.recording.level = INFO
	metrics.sample.window.ms = 30000
	partition.assignment.strategy = [class org.apache.kafka.clients.consumer.RangeAssignor, class org.apache.kafka.clients.consumer.CooperativeStickyAssignor]
	receive.buffer.bytes = 65536
	reconnect.backoff.max.ms = 1000
	reconnect.backoff.ms = 50
	request.timeout.ms = 30000
	retry.backoff.max.ms = 1000
	retry.backoff.ms = 100
	sasl.client.callback.handler.class = null
	sasl.jaas.config = null
	sasl.kerberos.kinit.cmd = /usr/bin/kinit
	sasl.kerberos.min.time.before.relogin = 60000
	sasl.kerberos.service.name = null
	sasl.kerberos.ticket.renew.jitter = 0.05
	sasl.kerberos.ticket.renew.window.factor = 0.8
	sasl.login.callback.handler.class = null
	sasl.login.class = null
	sasl.login.connect.timeout.ms = null
	sasl.login.read.timeout.ms = null
	sasl.login.refresh.buffer.seconds = 300
	sasl.login.refresh.min.period.seconds = 60
	sasl.login.refresh.window.factor = 0.8
	sasl.login.refresh.window.jitter = 0.05
	sasl.login.retry.backoff.max.ms = 10000
	sasl.login.retry.backoff.ms = 100
	sasl.mechanism = GSSAPI
	sasl.oauthbearer.clock.skew.seconds = 30
	sasl.oauthbearer.expected.audience = null
	sasl.oauthbearer.expected.issuer = null
	sasl.oauthbearer.jwks.endpoint.refresh.ms = 3600000
	sasl.oauthbearer.jwks.endpoint.retry.backoff.max.ms = 10000
	sasl.oauthbearer.jwks.endpoint.retry.backoff.ms = 100
	sasl.oauthbearer.jwks.endpoint.url = null
	sasl.oauthbearer.scope.claim.name = scope
	sasl.oauthbearer.sub.claim.name = sub
	sasl.oauthbearer.token.endpoint.url = null
	security.protocol = PLAINTEXT
	security.providers = null
	send.buffer.bytes = 131072
	session.timeout.ms = 45000
	socket.connection.setup.timeout.max.ms = 30000
	socket.connection.setup.timeout.ms = 10000
	ssl.cipher.suites = null
	ssl.enabled.protocols = [TLSv1.2, TLSv1.3]
	ssl.endpoint.identification.algorithm = https
	ssl.engine.factory.class = null
	ssl.key.password = null
	ssl.keymanager.algorithm = SunX509
	ssl.keystore.certificate.chain = null
	ssl.keystore.key = null
	ssl.keystore.location = null
	ssl.keystore.password = null
	ssl.keystore.type = JKS
	ssl.protocol = TLSv1.3
	ssl.provider = null
	ssl.secure.random.implementation = null
	ssl.trustmanager.algorithm = PKIX
	ssl.truststore.certificates = null
	ssl.truststore.location = null
	ssl.truststore.password = null
	ssl.truststore.type = JKS
	value.deserializer = class org.apache.kafka.common.serialization.StringDeserializer

2024-12-15 13:59:05 INFO  o.a.k.c.t.i.KafkaMetricsCollector - initializing Kafka metrics collector
2024-12-15 13:59:05 INFO  o.a.kafka.common.utils.AppInfoParser - Kafka version: 3.7.1
2024-12-15 13:59:05 INFO  o.a.kafka.common.utils.AppInfoParser - Kafka commitId: e2494e6ffb89f828
2024-12-15 13:59:05 INFO  o.a.kafka.common.utils.AppInfoParser - Kafka startTimeMs: 1734245945465
2024-12-15 13:59:05 INFO  o.a.k.c.c.i.LegacyKafkaConsumer - [Consumer clientId=consumer-auth_service-1, groupId=auth_service] Subscribed to topic(s): ping
2024-12-15 13:59:05 INFO  o.a.k.c.consumer.ConsumerConfig - ConsumerConfig values: 
	allow.auto.create.topics = true
	auto.commit.interval.ms = 5000
	auto.include.jmx.reporter = true
	auto.offset.reset = latest
	bootstrap.servers = [37.194.168.90:9092]
	check.crcs = true
	client.dns.lookup = use_all_dns_ips
	client.id = consumer-auth_service-2
	client.rack = 
	connections.max.idle.ms = 540000
	default.api.timeout.ms = 60000
	enable.auto.commit = false
	enable.metrics.push = true
	exclude.internal.topics = true
	fetch.max.bytes = 52428800
	fetch.max.wait.ms = 500
	fetch.min.bytes = 1
	group.id = auth_service
	group.instance.id = null
	group.protocol = classic
	group.remote.assignor = null
	heartbeat.interval.ms = 3000
	interceptor.classes = []
	internal.leave.group.on.close = true
	internal.throw.on.fetch.stable.offset.unsupported = false
	isolation.level = read_uncommitted
	key.deserializer = class org.apache.kafka.common.serialization.StringDeserializer
	max.partition.fetch.bytes = 1048576
	max.poll.interval.ms = 300000
	max.poll.records = 500
	metadata.max.age.ms = 300000
	metric.reporters = []
	metrics.num.samples = 2
	metrics.recording.level = INFO
	metrics.sample.window.ms = 30000
	partition.assignment.strategy = [class org.apache.kafka.clients.consumer.RangeAssignor, class org.apache.kafka.clients.consumer.CooperativeStickyAssignor]
	receive.buffer.bytes = 65536
	reconnect.backoff.max.ms = 1000
	reconnect.backoff.ms = 50
	request.timeout.ms = 30000
	retry.backoff.max.ms = 1000
	retry.backoff.ms = 100
	sasl.client.callback.handler.class = null
	sasl.jaas.config = null
	sasl.kerberos.kinit.cmd = /usr/bin/kinit
	sasl.kerberos.min.time.before.relogin = 60000
	sasl.kerberos.service.name = null
	sasl.kerberos.ticket.renew.jitter = 0.05
	sasl.kerberos.ticket.renew.window.factor = 0.8
	sasl.login.callback.handler.class = null
	sasl.login.class = null
	sasl.login.connect.timeout.ms = null
	sasl.login.read.timeout.ms = null
	sasl.login.refresh.buffer.seconds = 300
	sasl.login.refresh.min.period.seconds = 60
	sasl.login.refresh.window.factor = 0.8
	sasl.login.refresh.window.jitter = 0.05
	sasl.login.retry.backoff.max.ms = 10000
	sasl.login.retry.backoff.ms = 100
	sasl.mechanism = GSSAPI
	sasl.oauthbearer.clock.skew.seconds = 30
	sasl.oauthbearer.expected.audience = null
	sasl.oauthbearer.expected.issuer = null
	sasl.oauthbearer.jwks.endpoint.refresh.ms = 3600000
	sasl.oauthbearer.jwks.endpoint.retry.backoff.max.ms = 10000
	sasl.oauthbearer.jwks.endpoint.retry.backoff.ms = 100
	sasl.oauthbearer.jwks.endpoint.url = null
	sasl.oauthbearer.scope.claim.name = scope
	sasl.oauthbearer.sub.claim.name = sub
	sasl.oauthbearer.token.endpoint.url = null
	security.protocol = PLAINTEXT
	security.providers = null
	send.buffer.bytes = 131072
	session.timeout.ms = 45000
	socket.connection.setup.timeout.max.ms = 30000
	socket.connection.setup.timeout.ms = 10000
	ssl.cipher.suites = null
	ssl.enabled.protocols = [TLSv1.2, TLSv1.3]
	ssl.endpoint.identification.algorithm = https
	ssl.engine.factory.class = null
	ssl.key.password = null
	ssl.keymanager.algorithm = SunX509
	ssl.keystore.certificate.chain = null
	ssl.keystore.key = null
	ssl.keystore.location = null
	ssl.keystore.password = null
	ssl.keystore.type = JKS
	ssl.protocol = TLSv1.3
	ssl.provider = null
	ssl.secure.random.implementation = null
	ssl.trustmanager.algorithm = PKIX
	ssl.truststore.certificates = null
	ssl.truststore.location = null
	ssl.truststore.password = null
	ssl.truststore.type = JKS
	value.deserializer = class org.apache.kafka.common.serialization.StringDeserializer

2024-12-15 13:59:05 INFO  o.a.k.c.t.i.KafkaMetricsCollector - initializing Kafka metrics collector
2024-12-15 13:59:05 INFO  o.a.kafka.common.utils.AppInfoParser - Kafka version: 3.7.1
2024-12-15 13:59:05 INFO  o.a.kafka.common.utils.AppInfoParser - Kafka commitId: e2494e6ffb89f828
2024-12-15 13:59:05 INFO  o.a.kafka.common.utils.AppInfoParser - Kafka startTimeMs: 1734245945478
2024-12-15 13:59:05 INFO  o.a.k.c.c.i.LegacyKafkaConsumer - [Consumer clientId=consumer-auth_service-2, groupId=auth_service] Subscribed to topic(s): profile
2024-12-15 13:59:05 INFO  o.a.k.c.consumer.ConsumerConfig - ConsumerConfig values: 
	allow.auto.create.topics = true
	auto.commit.interval.ms = 5000
	auto.include.jmx.reporter = true
	auto.offset.reset = latest
	bootstrap.servers = [37.194.168.90:9092]
	check.crcs = true
	client.dns.lookup = use_all_dns_ips
	client.id = consumer-auth_service-3
	client.rack = 
	connections.max.idle.ms = 540000
	default.api.timeout.ms = 60000
	enable.auto.commit = false
	enable.metrics.push = true
	exclude.internal.topics = true
	fetch.max.bytes = 52428800
	fetch.max.wait.ms = 500
	fetch.min.bytes = 1
	group.id = auth_service
	group.instance.id = null
	group.protocol = classic
	group.remote.assignor = null
	heartbeat.interval.ms = 3000
	interceptor.classes = []
	internal.leave.group.on.close = true
	internal.throw.on.fetch.stable.offset.unsupported = false
	isolation.level = read_uncommitted
	key.deserializer = class org.apache.kafka.common.serialization.StringDeserializer
	max.partition.fetch.bytes = 1048576
	max.poll.interval.ms = 300000
	max.poll.records = 500
	metadata.max.age.ms = 300000
	metric.reporters = []
	metrics.num.samples = 2
	metrics.recording.level = INFO
	metrics.sample.window.ms = 30000
	partition.assignment.strategy = [class org.apache.kafka.clients.consumer.RangeAssignor, class org.apache.kafka.clients.consumer.CooperativeStickyAssignor]
	receive.buffer.bytes = 65536
	reconnect.backoff.max.ms = 1000
	reconnect.backoff.ms = 50
	request.timeout.ms = 30000
	retry.backoff.max.ms = 1000
	retry.backoff.ms = 100
	sasl.client.callback.handler.class = null
	sasl.jaas.config = null
	sasl.kerberos.kinit.cmd = /usr/bin/kinit
	sasl.kerberos.min.time.before.relogin = 60000
	sasl.kerberos.service.name = null
	sasl.kerberos.ticket.renew.jitter = 0.05
	sasl.kerberos.ticket.renew.window.factor = 0.8
	sasl.login.callback.handler.class = null
	sasl.login.class = null
	sasl.login.connect.timeout.ms = null
	sasl.login.read.timeout.ms = null
	sasl.login.refresh.buffer.seconds = 300
	sasl.login.refresh.min.period.seconds = 60
	sasl.login.refresh.window.factor = 0.8
	sasl.login.refresh.window.jitter = 0.05
	sasl.login.retry.backoff.max.ms = 10000
	sasl.login.retry.backoff.ms = 100
	sasl.mechanism = GSSAPI
	sasl.oauthbearer.clock.skew.seconds = 30
	sasl.oauthbearer.expected.audience = null
	sasl.oauthbearer.expected.issuer = null
	sasl.oauthbearer.jwks.endpoint.refresh.ms = 3600000
	sasl.oauthbearer.jwks.endpoint.retry.backoff.max.ms = 10000
	sasl.oauthbearer.jwks.endpoint.retry.backoff.ms = 100
	sasl.oauthbearer.jwks.endpoint.url = null
	sasl.oauthbearer.scope.claim.name = scope
	sasl.oauthbearer.sub.claim.name = sub
	sasl.oauthbearer.token.endpoint.url = null
	security.protocol = PLAINTEXT
	security.providers = null
	send.buffer.bytes = 131072
	session.timeout.ms = 45000
	socket.connection.setup.timeout.max.ms = 30000
	socket.connection.setup.timeout.ms = 10000
	ssl.cipher.suites = null
	ssl.enabled.protocols = [TLSv1.2, TLSv1.3]
	ssl.endpoint.identification.algorithm = https
	ssl.engine.factory.class = null
	ssl.key.password = null
	ssl.keymanager.algorithm = SunX509
	ssl.keystore.certificate.chain = null
	ssl.keystore.key = null
	ssl.keystore.location = null
	ssl.keystore.password = null
	ssl.keystore.type = JKS
	ssl.protocol = TLSv1.3
	ssl.provider = null
	ssl.secure.random.implementation = null
	ssl.trustmanager.algorithm = PKIX
	ssl.truststore.certificates = null
	ssl.truststore.location = null
	ssl.truststore.password = null
	ssl.truststore.type = JKS
	value.deserializer = class org.apache.kafka.common.serialization.StringDeserializer

2024-12-15 13:59:05 INFO  o.a.k.c.t.i.KafkaMetricsCollector - initializing Kafka metrics collector
2024-12-15 13:59:05 INFO  o.a.kafka.common.utils.AppInfoParser - Kafka version: 3.7.1
2024-12-15 13:59:05 INFO  o.a.kafka.common.utils.AppInfoParser - Kafka commitId: e2494e6ffb89f828
2024-12-15 13:59:05 INFO  o.a.kafka.common.utils.AppInfoParser - Kafka startTimeMs: 1734245945484
2024-12-15 13:59:05 INFO  o.a.k.c.c.i.LegacyKafkaConsumer - [Consumer clientId=consumer-auth_service-3, groupId=auth_service] Subscribed to topic(s): stop
2024-12-15 13:59:05 INFO  o.a.k.c.consumer.ConsumerConfig - ConsumerConfig values: 
	allow.auto.create.topics = true
	auto.commit.interval.ms = 5000
	auto.include.jmx.reporter = true
	auto.offset.reset = latest
	bootstrap.servers = [37.194.168.90:9092]
	check.crcs = true
	client.dns.lookup = use_all_dns_ips
	client.id = consumer-auth_service-4
	client.rack = 
	connections.max.idle.ms = 540000
	default.api.timeout.ms = 60000
	enable.auto.commit = false
	enable.metrics.push = true
	exclude.internal.topics = true
	fetch.max.bytes = 52428800
	fetch.max.wait.ms = 500
	fetch.min.bytes = 1
	group.id = auth_service
	group.instance.id = null
	group.protocol = classic
	group.remote.assignor = null
	heartbeat.interval.ms = 3000
	interceptor.classes = []
	internal.leave.group.on.close = true
	internal.throw.on.fetch.stable.offset.unsupported = false
	isolation.level = read_uncommitted
	key.deserializer = class org.apache.kafka.common.serialization.StringDeserializer
	max.partition.fetch.bytes = 1048576
	max.poll.interval.ms = 300000
	max.poll.records = 500
	metadata.max.age.ms = 300000
	metric.reporters = []
	metrics.num.samples = 2
	metrics.recording.level = INFO
	metrics.sample.window.ms = 30000
	partition.assignment.strategy = [class org.apache.kafka.clients.consumer.RangeAssignor, class org.apache.kafka.clients.consumer.CooperativeStickyAssignor]
	receive.buffer.bytes = 65536
	reconnect.backoff.max.ms = 1000
	reconnect.backoff.ms = 50
	request.timeout.ms = 30000
	retry.backoff.max.ms = 1000
	retry.backoff.ms = 100
	sasl.client.callback.handler.class = null
	sasl.jaas.config = null
	sasl.kerberos.kinit.cmd = /usr/bin/kinit
	sasl.kerberos.min.time.before.relogin = 60000
	sasl.kerberos.service.name = null
	sasl.kerberos.ticket.renew.jitter = 0.05
	sasl.kerberos.ticket.renew.window.factor = 0.8
	sasl.login.callback.handler.class = null
	sasl.login.class = null
	sasl.login.connect.timeout.ms = null
	sasl.login.read.timeout.ms = null
	sasl.login.refresh.buffer.seconds = 300
	sasl.login.refresh.min.period.seconds = 60
	sasl.login.refresh.window.factor = 0.8
	sasl.login.refresh.window.jitter = 0.05
	sasl.login.retry.backoff.max.ms = 10000
	sasl.login.retry.backoff.ms = 100
	sasl.mechanism = GSSAPI
	sasl.oauthbearer.clock.skew.seconds = 30
	sasl.oauthbearer.expected.audience = null
	sasl.oauthbearer.expected.issuer = null
	sasl.oauthbearer.jwks.endpoint.refresh.ms = 3600000
	sasl.oauthbearer.jwks.endpoint.retry.backoff.max.ms = 10000
	sasl.oauthbearer.jwks.endpoint.retry.backoff.ms = 100
	sasl.oauthbearer.jwks.endpoint.url = null
	sasl.oauthbearer.scope.claim.name = scope
	sasl.oauthbearer.sub.claim.name = sub
	sasl.oauthbearer.token.endpoint.url = null
	security.protocol = PLAINTEXT
	security.providers = null
	send.buffer.bytes = 131072
	session.timeout.ms = 45000
	socket.connection.setup.timeout.max.ms = 30000
	socket.connection.setup.timeout.ms = 10000
	ssl.cipher.suites = null
	ssl.enabled.protocols = [TLSv1.2, TLSv1.3]
	ssl.endpoint.identification.algorithm = https
	ssl.engine.factory.class = null
	ssl.key.password = null
	ssl.keymanager.algorithm = SunX509
	ssl.keystore.certificate.chain = null
	ssl.keystore.key = null
	ssl.keystore.location = null
	ssl.keystore.password = null
	ssl.keystore.type = JKS
	ssl.protocol = TLSv1.3
	ssl.provider = null
	ssl.secure.random.implementation = null
	ssl.trustmanager.algorithm = PKIX
	ssl.truststore.certificates = null
	ssl.truststore.location = null
	ssl.truststore.password = null
	ssl.truststore.type = JKS
	value.deserializer = class org.apache.kafka.common.serialization.StringDeserializer

2024-12-15 13:59:05 INFO  o.a.k.c.t.i.KafkaMetricsCollector - initializing Kafka metrics collector
2024-12-15 13:59:05 INFO  o.a.kafka.common.utils.AppInfoParser - Kafka version: 3.7.1
2024-12-15 13:59:05 INFO  o.a.kafka.common.utils.AppInfoParser - Kafka commitId: e2494e6ffb89f828
2024-12-15 13:59:05 INFO  o.a.kafka.common.utils.AppInfoParser - Kafka startTimeMs: 1734245945489
2024-12-15 13:59:05 INFO  o.a.k.c.c.i.LegacyKafkaConsumer - [Consumer clientId=consumer-auth_service-4, groupId=auth_service] Subscribed to topic(s): status
2024-12-15 13:59:05 INFO  o.a.k.c.consumer.ConsumerConfig - ConsumerConfig values: 
	allow.auto.create.topics = true
	auto.commit.interval.ms = 5000
	auto.include.jmx.reporter = true
	auto.offset.reset = latest
	bootstrap.servers = [37.194.168.90:9092]
	check.crcs = true
	client.dns.lookup = use_all_dns_ips
	client.id = consumer-auth_service-5
	client.rack = 
	connections.max.idle.ms = 540000
	default.api.timeout.ms = 60000
	enable.auto.commit = false
	enable.metrics.push = true
	exclude.internal.topics = true
	fetch.max.bytes = 52428800
	fetch.max.wait.ms = 500
	fetch.min.bytes = 1
	group.id = auth_service
	group.instance.id = null
	group.protocol = classic
	group.remote.assignor = null
	heartbeat.interval.ms = 3000
	interceptor.classes = []
	internal.leave.group.on.close = true
	internal.throw.on.fetch.stable.offset.unsupported = false
	isolation.level = read_uncommitted
	key.deserializer = class org.apache.kafka.common.serialization.StringDeserializer
	max.partition.fetch.bytes = 1048576
	max.poll.interval.ms = 300000
	max.poll.records = 500
	metadata.max.age.ms = 300000
	metric.reporters = []
	metrics.num.samples = 2
	metrics.recording.level = INFO
	metrics.sample.window.ms = 30000
	partition.assignment.strategy = [class org.apache.kafka.clients.consumer.RangeAssignor, class org.apache.kafka.clients.consumer.CooperativeStickyAssignor]
	receive.buffer.bytes = 65536
	reconnect.backoff.max.ms = 1000
	reconnect.backoff.ms = 50
	request.timeout.ms = 30000
	retry.backoff.max.ms = 1000
	retry.backoff.ms = 100
	sasl.client.callback.handler.class = null
	sasl.jaas.config = null
	sasl.kerberos.kinit.cmd = /usr/bin/kinit
	sasl.kerberos.min.time.before.relogin = 60000
	sasl.kerberos.service.name = null
	sasl.kerberos.ticket.renew.jitter = 0.05
	sasl.kerberos.ticket.renew.window.factor = 0.8
	sasl.login.callback.handler.class = null
	sasl.login.class = null
	sasl.login.connect.timeout.ms = null
	sasl.login.read.timeout.ms = null
	sasl.login.refresh.buffer.seconds = 300
	sasl.login.refresh.min.period.seconds = 60
	sasl.login.refresh.window.factor = 0.8
	sasl.login.refresh.window.jitter = 0.05
	sasl.login.retry.backoff.max.ms = 10000
	sasl.login.retry.backoff.ms = 100
	sasl.mechanism = GSSAPI
	sasl.oauthbearer.clock.skew.seconds = 30
	sasl.oauthbearer.expected.audience = null
	sasl.oauthbearer.expected.issuer = null
	sasl.oauthbearer.jwks.endpoint.refresh.ms = 3600000
	sasl.oauthbearer.jwks.endpoint.retry.backoff.max.ms = 10000
	sasl.oauthbearer.jwks.endpoint.retry.backoff.ms = 100
	sasl.oauthbearer.jwks.endpoint.url = null
	sasl.oauthbearer.scope.claim.name = scope
	sasl.oauthbearer.sub.claim.name = sub
	sasl.oauthbearer.token.endpoint.url = null
	security.protocol = PLAINTEXT
	security.providers = null
	send.buffer.bytes = 131072
	session.timeout.ms = 45000
	socket.connection.setup.timeout.max.ms = 30000
	socket.connection.setup.timeout.ms = 10000
	ssl.cipher.suites = null
	ssl.enabled.protocols = [TLSv1.2, TLSv1.3]
	ssl.endpoint.identification.algorithm = https
	ssl.engine.factory.class = null
	ssl.key.password = null
	ssl.keymanager.algorithm = SunX509
	ssl.keystore.certificate.chain = null
	ssl.keystore.key = null
	ssl.keystore.location = null
	ssl.keystore.password = null
	ssl.keystore.type = JKS
	ssl.protocol = TLSv1.3
	ssl.provider = null
	ssl.secure.random.implementation = null
	ssl.trustmanager.algorithm = PKIX
	ssl.truststore.certificates = null
	ssl.truststore.location = null
	ssl.truststore.password = null
	ssl.truststore.type = JKS
	value.deserializer = class org.apache.kafka.common.serialization.StringDeserializer

2024-12-15 13:59:05 INFO  o.a.k.c.t.i.KafkaMetricsCollector - initializing Kafka metrics collector
2024-12-15 13:59:05 INFO  o.a.kafka.common.utils.AppInfoParser - Kafka version: 3.7.1
2024-12-15 13:59:05 INFO  o.a.kafka.common.utils.AppInfoParser - Kafka commitId: e2494e6ffb89f828
2024-12-15 13:59:05 INFO  o.a.kafka.common.utils.AppInfoParser - Kafka startTimeMs: 1734245945494
2024-12-15 13:59:05 INFO  o.a.k.c.c.i.LegacyKafkaConsumer - [Consumer clientId=consumer-auth_service-5, groupId=auth_service] Subscribed to topic(s): getLink
2024-12-15 13:59:05 INFO  o.a.k.c.consumer.ConsumerConfig - ConsumerConfig values: 
	allow.auto.create.topics = true
	auto.commit.interval.ms = 5000
	auto.include.jmx.reporter = true
	auto.offset.reset = latest
	bootstrap.servers = [37.194.168.90:9092]
	check.crcs = true
	client.dns.lookup = use_all_dns_ips
	client.id = consumer-auth_service-6
	client.rack = 
	connections.max.idle.ms = 540000
	default.api.timeout.ms = 60000
	enable.auto.commit = false
	enable.metrics.push = true
	exclude.internal.topics = true
	fetch.max.bytes = 52428800
	fetch.max.wait.ms = 500
	fetch.min.bytes = 1
	group.id = auth_service
	group.instance.id = null
	group.protocol = classic
	group.remote.assignor = null
	heartbeat.interval.ms = 3000
	interceptor.classes = []
	internal.leave.group.on.close = true
	internal.throw.on.fetch.stable.offset.unsupported = false
	isolation.level = read_uncommitted
	key.deserializer = class org.apache.kafka.common.serialization.StringDeserializer
	max.partition.fetch.bytes = 1048576
	max.poll.interval.ms = 300000
	max.poll.records = 500
	metadata.max.age.ms = 300000
	metric.reporters = []
	metrics.num.samples = 2
	metrics.recording.level = INFO
	metrics.sample.window.ms = 30000
	partition.assignment.strategy = [class org.apache.kafka.clients.consumer.RangeAssignor, class org.apache.kafka.clients.consumer.CooperativeStickyAssignor]
	receive.buffer.bytes = 65536
	reconnect.backoff.max.ms = 1000
	reconnect.backoff.ms = 50
	request.timeout.ms = 30000
	retry.backoff.max.ms = 1000
	retry.backoff.ms = 100
	sasl.client.callback.handler.class = null
	sasl.jaas.config = null
	sasl.kerberos.kinit.cmd = /usr/bin/kinit
	sasl.kerberos.min.time.before.relogin = 60000
	sasl.kerberos.service.name = null
	sasl.kerberos.ticket.renew.jitter = 0.05
	sasl.kerberos.ticket.renew.window.factor = 0.8
	sasl.login.callback.handler.class = null
	sasl.login.class = null
	sasl.login.connect.timeout.ms = null
	sasl.login.read.timeout.ms = null
	sasl.login.refresh.buffer.seconds = 300
	sasl.login.refresh.min.period.seconds = 60
	sasl.login.refresh.window.factor = 0.8
	sasl.login.refresh.window.jitter = 0.05
	sasl.login.retry.backoff.max.ms = 10000
	sasl.login.retry.backoff.ms = 100
	sasl.mechanism = GSSAPI
	sasl.oauthbearer.clock.skew.seconds = 30
	sasl.oauthbearer.expected.audience = null
	sasl.oauthbearer.expected.issuer = null
	sasl.oauthbearer.jwks.endpoint.refresh.ms = 3600000
	sasl.oauthbearer.jwks.endpoint.retry.backoff.max.ms = 10000
	sasl.oauthbearer.jwks.endpoint.retry.backoff.ms = 100
	sasl.oauthbearer.jwks.endpoint.url = null
	sasl.oauthbearer.scope.claim.name = scope
	sasl.oauthbearer.sub.claim.name = sub
	sasl.oauthbearer.token.endpoint.url = null
	security.protocol = PLAINTEXT
	security.providers = null
	send.buffer.bytes = 131072
	session.timeout.ms = 45000
	socket.connection.setup.timeout.max.ms = 30000
	socket.connection.setup.timeout.ms = 10000
	ssl.cipher.suites = null
	ssl.enabled.protocols = [TLSv1.2, TLSv1.3]
	ssl.endpoint.identification.algorithm = https
	ssl.engine.factory.class = null
	ssl.key.password = null
	ssl.keymanager.algorithm = SunX509
	ssl.keystore.certificate.chain = null
	ssl.keystore.key = null
	ssl.keystore.location = null
	ssl.keystore.password = null
	ssl.keystore.type = JKS
	ssl.protocol = TLSv1.3
	ssl.provider = null
	ssl.secure.random.implementation = null
	ssl.trustmanager.algorithm = PKIX
	ssl.truststore.certificates = null
	ssl.truststore.location = null
	ssl.truststore.password = null
	ssl.truststore.type = JKS
	value.deserializer = class org.apache.kafka.common.serialization.StringDeserializer

2024-12-15 13:59:05 INFO  o.a.k.c.t.i.KafkaMetricsCollector - initializing Kafka metrics collector
2024-12-15 13:59:05 INFO  o.a.kafka.common.utils.AppInfoParser - Kafka version: 3.7.1
2024-12-15 13:59:05 INFO  o.a.kafka.common.utils.AppInfoParser - Kafka commitId: e2494e6ffb89f828
2024-12-15 13:59:05 INFO  o.a.kafka.common.utils.AppInfoParser - Kafka startTimeMs: 1734245945498
2024-12-15 13:59:05 INFO  o.a.k.c.c.i.LegacyKafkaConsumer - [Consumer clientId=consumer-auth_service-6, groupId=auth_service] Subscribed to topic(s): registry
2024-12-15 13:59:05 INFO  o.a.k.c.consumer.ConsumerConfig - ConsumerConfig values: 
	allow.auto.create.topics = true
	auto.commit.interval.ms = 5000
	auto.include.jmx.reporter = true
	auto.offset.reset = latest
	bootstrap.servers = [37.194.168.90:9092]
	check.crcs = true
	client.dns.lookup = use_all_dns_ips
	client.id = consumer-auth_service-7
	client.rack = 
	connections.max.idle.ms = 540000
	default.api.timeout.ms = 60000
	enable.auto.commit = false
	enable.metrics.push = true
	exclude.internal.topics = true
	fetch.max.bytes = 52428800
	fetch.max.wait.ms = 500
	fetch.min.bytes = 1
	group.id = auth_service
	group.instance.id = null
	group.protocol = classic
	group.remote.assignor = null
	heartbeat.interval.ms = 3000
	interceptor.classes = []
	internal.leave.group.on.close = true
	internal.throw.on.fetch.stable.offset.unsupported = false
	isolation.level = read_uncommitted
	key.deserializer = class org.apache.kafka.common.serialization.StringDeserializer
	max.partition.fetch.bytes = 1048576
	max.poll.interval.ms = 300000
	max.poll.records = 500
	metadata.max.age.ms = 300000
	metric.reporters = []
	metrics.num.samples = 2
	metrics.recording.level = INFO
	metrics.sample.window.ms = 30000
	partition.assignment.strategy = [class org.apache.kafka.clients.consumer.RangeAssignor, class org.apache.kafka.clients.consumer.CooperativeStickyAssignor]
	receive.buffer.bytes = 65536
	reconnect.backoff.max.ms = 1000
	reconnect.backoff.ms = 50
	request.timeout.ms = 30000
	retry.backoff.max.ms = 1000
	retry.backoff.ms = 100
	sasl.client.callback.handler.class = null
	sasl.jaas.config = null
	sasl.kerberos.kinit.cmd = /usr/bin/kinit
	sasl.kerberos.min.time.before.relogin = 60000
	sasl.kerberos.service.name = null
	sasl.kerberos.ticket.renew.jitter = 0.05
	sasl.kerberos.ticket.renew.window.factor = 0.8
	sasl.login.callback.handler.class = null
	sasl.login.class = null
	sasl.login.connect.timeout.ms = null
	sasl.login.read.timeout.ms = null
	sasl.login.refresh.buffer.seconds = 300
	sasl.login.refresh.min.period.seconds = 60
	sasl.login.refresh.window.factor = 0.8
	sasl.login.refresh.window.jitter = 0.05
	sasl.login.retry.backoff.max.ms = 10000
	sasl.login.retry.backoff.ms = 100
	sasl.mechanism = GSSAPI
	sasl.oauthbearer.clock.skew.seconds = 30
	sasl.oauthbearer.expected.audience = null
	sasl.oauthbearer.expected.issuer = null
	sasl.oauthbearer.jwks.endpoint.refresh.ms = 3600000
	sasl.oauthbearer.jwks.endpoint.retry.backoff.max.ms = 10000
	sasl.oauthbearer.jwks.endpoint.retry.backoff.ms = 100
	sasl.oauthbearer.jwks.endpoint.url = null
	sasl.oauthbearer.scope.claim.name = scope
	sasl.oauthbearer.sub.claim.name = sub
	sasl.oauthbearer.token.endpoint.url = null
	security.protocol = PLAINTEXT
	security.providers = null
	send.buffer.bytes = 131072
	session.timeout.ms = 45000
	socket.connection.setup.timeout.max.ms = 30000
	socket.connection.setup.timeout.ms = 10000
	ssl.cipher.suites = null
	ssl.enabled.protocols = [TLSv1.2, TLSv1.3]
	ssl.endpoint.identification.algorithm = https
	ssl.engine.factory.class = null
	ssl.key.password = null
	ssl.keymanager.algorithm = SunX509
	ssl.keystore.certificate.chain = null
	ssl.keystore.key = null
	ssl.keystore.location = null
	ssl.keystore.password = null
	ssl.keystore.type = JKS
	ssl.protocol = TLSv1.3
	ssl.provider = null
	ssl.secure.random.implementation = null
	ssl.trustmanager.algorithm = PKIX
	ssl.truststore.certificates = null
	ssl.truststore.location = null
	ssl.truststore.password = null
	ssl.truststore.type = JKS
	value.deserializer = class org.apache.kafka.common.serialization.StringDeserializer

2024-12-15 13:59:05 INFO  o.a.k.c.t.i.KafkaMetricsCollector - initializing Kafka metrics collector
2024-12-15 13:59:05 INFO  o.a.kafka.common.utils.AppInfoParser - Kafka version: 3.7.1
2024-12-15 13:59:05 INFO  o.a.kafka.common.utils.AppInfoParser - Kafka commitId: e2494e6ffb89f828
2024-12-15 13:59:05 INFO  o.a.kafka.common.utils.AppInfoParser - Kafka startTimeMs: 1734245945502
2024-12-15 13:59:05 INFO  o.a.k.c.c.i.LegacyKafkaConsumer - [Consumer clientId=consumer-auth_service-7, groupId=auth_service] Subscribed to topic(s): filter
2024-12-15 13:59:05 INFO  o.a.k.c.consumer.ConsumerConfig - ConsumerConfig values: 
	allow.auto.create.topics = true
	auto.commit.interval.ms = 5000
	auto.include.jmx.reporter = true
	auto.offset.reset = latest
	bootstrap.servers = [37.194.168.90:9092]
	check.crcs = true
	client.dns.lookup = use_all_dns_ips
	client.id = consumer-auth_service-8
	client.rack = 
	connections.max.idle.ms = 540000
	default.api.timeout.ms = 60000
	enable.auto.commit = false
	enable.metrics.push = true
	exclude.internal.topics = true
	fetch.max.bytes = 52428800
	fetch.max.wait.ms = 500
	fetch.min.bytes = 1
	group.id = auth_service
	group.instance.id = null
	group.protocol = classic
	group.remote.assignor = null
	heartbeat.interval.ms = 3000
	interceptor.classes = []
	internal.leave.group.on.close = true
	internal.throw.on.fetch.stable.offset.unsupported = false
	isolation.level = read_uncommitted
	key.deserializer = class org.apache.kafka.common.serialization.StringDeserializer
	max.partition.fetch.bytes = 1048576
	max.poll.interval.ms = 300000
	max.poll.records = 500
	metadata.max.age.ms = 300000
	metric.reporters = []
	metrics.num.samples = 2
	metrics.recording.level = INFO
	metrics.sample.window.ms = 30000
	partition.assignment.strategy = [class org.apache.kafka.clients.consumer.RangeAssignor, class org.apache.kafka.clients.consumer.CooperativeStickyAssignor]
	receive.buffer.bytes = 65536
	reconnect.backoff.max.ms = 1000
	reconnect.backoff.ms = 50
	request.timeout.ms = 30000
	retry.backoff.max.ms = 1000
	retry.backoff.ms = 100
	sasl.client.callback.handler.class = null
	sasl.jaas.config = null
	sasl.kerberos.kinit.cmd = /usr/bin/kinit
	sasl.kerberos.min.time.before.relogin = 60000
	sasl.kerberos.service.name = null
	sasl.kerberos.ticket.renew.jitter = 0.05
	sasl.kerberos.ticket.renew.window.factor = 0.8
	sasl.login.callback.handler.class = null
	sasl.login.class = null
	sasl.login.connect.timeout.ms = null
	sasl.login.read.timeout.ms = null
	sasl.login.refresh.buffer.seconds = 300
	sasl.login.refresh.min.period.seconds = 60
	sasl.login.refresh.window.factor = 0.8
	sasl.login.refresh.window.jitter = 0.05
	sasl.login.retry.backoff.max.ms = 10000
	sasl.login.retry.backoff.ms = 100
	sasl.mechanism = GSSAPI
	sasl.oauthbearer.clock.skew.seconds = 30
	sasl.oauthbearer.expected.audience = null
	sasl.oauthbearer.expected.issuer = null
	sasl.oauthbearer.jwks.endpoint.refresh.ms = 3600000
	sasl.oauthbearer.jwks.endpoint.retry.backoff.max.ms = 10000
	sasl.oauthbearer.jwks.endpoint.retry.backoff.ms = 100
	sasl.oauthbearer.jwks.endpoint.url = null
	sasl.oauthbearer.scope.claim.name = scope
	sasl.oauthbearer.sub.claim.name = sub
	sasl.oauthbearer.token.endpoint.url = null
	security.protocol = PLAINTEXT
	security.providers = null
	send.buffer.bytes = 131072
	session.timeout.ms = 45000
	socket.connection.setup.timeout.max.ms = 30000
	socket.connection.setup.timeout.ms = 10000
	ssl.cipher.suites = null
	ssl.enabled.protocols = [TLSv1.2, TLSv1.3]
	ssl.endpoint.identification.algorithm = https
	ssl.engine.factory.class = null
	ssl.key.password = null
	ssl.keymanager.algorithm = SunX509
	ssl.keystore.certificate.chain = null
	ssl.keystore.key = null
	ssl.keystore.location = null
	ssl.keystore.password = null
	ssl.keystore.type = JKS
	ssl.protocol = TLSv1.3
	ssl.provider = null
	ssl.secure.random.implementation = null
	ssl.trustmanager.algorithm = PKIX
	ssl.truststore.certificates = null
	ssl.truststore.location = null
	ssl.truststore.password = null
	ssl.truststore.type = JKS
	value.deserializer = class org.apache.kafka.common.serialization.StringDeserializer

2024-12-15 13:59:05 INFO  o.a.k.c.t.i.KafkaMetricsCollector - initializing Kafka metrics collector
2024-12-15 13:59:05 INFO  o.a.kafka.common.utils.AppInfoParser - Kafka version: 3.7.1
2024-12-15 13:59:05 INFO  o.a.kafka.common.utils.AppInfoParser - Kafka commitId: e2494e6ffb89f828
2024-12-15 13:59:05 INFO  o.a.kafka.common.utils.AppInfoParser - Kafka startTimeMs: 1734245945508
2024-12-15 13:59:05 INFO  o.a.k.c.c.i.LegacyKafkaConsumer - [Consumer clientId=consumer-auth_service-8, groupId=auth_service] Subscribed to topic(s): start
2024-12-15 13:59:05 INFO  c.e.demo.HhRecruiterApplicationKt - Started HhRecruiterApplicationKt in 8.941 seconds (process running for 9.307)
2024-12-15 13:59:05 INFO  c.e.demo.service.NotificationService - Запуск нотификации
2024-12-15 13:59:06 INFO  org.apache.kafka.clients.Metadata - [Consumer clientId=consumer-auth_service-7, groupId=auth_service] Cluster ID: rs0KtrdkQsGY2gwAHle7dQ
2024-12-15 13:59:06 INFO  org.apache.kafka.clients.Metadata - [Consumer clientId=consumer-auth_service-2, groupId=auth_service] Cluster ID: rs0KtrdkQsGY2gwAHle7dQ
2024-12-15 13:59:06 INFO  org.apache.kafka.clients.Metadata - [Consumer clientId=consumer-auth_service-3, groupId=auth_service] Cluster ID: rs0KtrdkQsGY2gwAHle7dQ
2024-12-15 13:59:06 INFO  org.apache.kafka.clients.Metadata - [Consumer clientId=consumer-auth_service-8, groupId=auth_service] Cluster ID: rs0KtrdkQsGY2gwAHle7dQ
2024-12-15 13:59:06 INFO  org.apache.kafka.clients.Metadata - [Consumer clientId=consumer-auth_service-5, groupId=auth_service] Cluster ID: rs0KtrdkQsGY2gwAHle7dQ
2024-12-15 13:59:06 INFO  org.apache.kafka.clients.Metadata - [Consumer clientId=consumer-auth_service-4, groupId=auth_service] Cluster ID: rs0KtrdkQsGY2gwAHle7dQ
2024-12-15 13:59:06 INFO  org.apache.kafka.clients.Metadata - [Consumer clientId=consumer-auth_service-6, groupId=auth_service] Cluster ID: rs0KtrdkQsGY2gwAHle7dQ
2024-12-15 13:59:06 INFO  org.apache.kafka.clients.Metadata - [Consumer clientId=consumer-auth_service-1, groupId=auth_service] Cluster ID: rs0KtrdkQsGY2gwAHle7dQ
2024-12-15 13:59:06 INFO  o.a.k.c.c.i.ConsumerCoordinator - [Consumer clientId=consumer-auth_service-2, groupId=auth_service] Discovered group coordinator 37.194.168.90:9092 (id: 2147483646 rack: null)
2024-12-15 13:59:06 INFO  o.a.k.c.c.i.ConsumerCoordinator - [Consumer clientId=consumer-auth_service-7, groupId=auth_service] Discovered group coordinator 37.194.168.90:9092 (id: 2147483646 rack: null)
2024-12-15 13:59:06 INFO  o.a.k.c.c.i.ConsumerCoordinator - [Consumer clientId=consumer-auth_service-8, groupId=auth_service] Discovered group coordinator 37.194.168.90:9092 (id: 2147483646 rack: null)
2024-12-15 13:59:06 INFO  o.a.k.c.c.i.ConsumerCoordinator - [Consumer clientId=consumer-auth_service-5, groupId=auth_service] Discovered group coordinator 37.194.168.90:9092 (id: 2147483646 rack: null)
2024-12-15 13:59:06 INFO  o.a.k.c.c.i.ConsumerCoordinator - [Consumer clientId=consumer-auth_service-3, groupId=auth_service] Discovered group coordinator 37.194.168.90:9092 (id: 2147483646 rack: null)
2024-12-15 13:59:06 INFO  o.a.k.c.c.i.ConsumerCoordinator - [Consumer clientId=consumer-auth_service-1, groupId=auth_service] Discovered group coordinator 37.194.168.90:9092 (id: 2147483646 rack: null)
2024-12-15 13:59:06 INFO  o.a.k.c.c.i.ConsumerCoordinator - [Consumer clientId=consumer-auth_service-6, groupId=auth_service] Discovered group coordinator 37.194.168.90:9092 (id: 2147483646 rack: null)
2024-12-15 13:59:06 INFO  o.a.k.c.c.i.ConsumerCoordinator - [Consumer clientId=consumer-auth_service-4, groupId=auth_service] Discovered group coordinator 37.194.168.90:9092 (id: 2147483646 rack: null)
2024-12-15 13:59:06 INFO  o.a.k.c.c.i.ConsumerCoordinator - [Consumer clientId=consumer-auth_service-4, groupId=auth_service] (Re-)joining group
2024-12-15 13:59:06 INFO  o.a.k.c.c.i.ConsumerCoordinator - [Consumer clientId=consumer-auth_service-6, groupId=auth_service] (Re-)joining group
2024-12-15 13:59:06 INFO  o.a.k.c.c.i.ConsumerCoordinator - [Consumer clientId=consumer-auth_service-3, groupId=auth_service] (Re-)joining group
2024-12-15 13:59:06 INFO  o.a.k.c.c.i.ConsumerCoordinator - [Consumer clientId=consumer-auth_service-7, groupId=auth_service] (Re-)joining group
2024-12-15 13:59:06 INFO  o.a.k.c.c.i.ConsumerCoordinator - [Consumer clientId=consumer-auth_service-2, groupId=auth_service] (Re-)joining group
2024-12-15 13:59:06 INFO  o.a.k.c.c.i.ConsumerCoordinator - [Consumer clientId=consumer-auth_service-1, groupId=auth_service] (Re-)joining group
2024-12-15 13:59:06 INFO  o.a.k.c.c.i.ConsumerCoordinator - [Consumer clientId=consumer-auth_service-8, groupId=auth_service] (Re-)joining group
2024-12-15 13:59:06 INFO  o.a.k.c.c.i.ConsumerCoordinator - [Consumer clientId=consumer-auth_service-5, groupId=auth_service] (Re-)joining group
2024-12-15 13:59:06 INFO  o.a.k.c.c.i.ConsumerCoordinator - [Consumer clientId=consumer-auth_service-5, groupId=auth_service] Request joining group due to: need to re-join with the given member-id: consumer-auth_service-5-c9fb3163-988b-4332-8c95-7cdf091216b3
2024-12-15 13:59:06 INFO  o.a.k.c.c.i.ConsumerCoordinator - [Consumer clientId=consumer-auth_service-4, groupId=auth_service] Request joining group due to: need to re-join with the given member-id: consumer-auth_service-4-3349bd36-f656-4e08-985d-84cc223bfa0d
2024-12-15 13:59:06 INFO  o.a.k.c.c.i.ConsumerCoordinator - [Consumer clientId=consumer-auth_service-3, groupId=auth_service] Request joining group due to: need to re-join with the given member-id: consumer-auth_service-3-976c4041-ea33-4bad-bef8-16d1899df7aa
2024-12-15 13:59:06 INFO  o.a.k.c.c.i.ConsumerCoordinator - [Consumer clientId=consumer-auth_service-7, groupId=auth_service] Request joining group due to: need to re-join with the given member-id: consumer-auth_service-7-aec6a232-5d11-4628-8805-aeb184df882d
2024-12-15 13:59:06 INFO  o.a.k.c.c.i.ConsumerCoordinator - [Consumer clientId=consumer-auth_service-4, groupId=auth_service] (Re-)joining group
2024-12-15 13:59:06 INFO  o.a.k.c.c.i.ConsumerCoordinator - [Consumer clientId=consumer-auth_service-5, groupId=auth_service] (Re-)joining group
2024-12-15 13:59:06 INFO  o.a.k.c.c.i.ConsumerCoordinator - [Consumer clientId=consumer-auth_service-3, groupId=auth_service] (Re-)joining group
2024-12-15 13:59:06 INFO  o.a.k.c.c.i.ConsumerCoordinator - [Consumer clientId=consumer-auth_service-7, groupId=auth_service] (Re-)joining group
2024-12-15 13:59:06 INFO  o.a.k.c.c.i.ConsumerCoordinator - [Consumer clientId=consumer-auth_service-6, groupId=auth_service] Request joining group due to: need to re-join with the given member-id: consumer-auth_service-6-756ef59c-0ed1-4a13-b249-99ffa7411e0a
2024-12-15 13:59:06 INFO  o.a.k.c.c.i.ConsumerCoordinator - [Consumer clientId=consumer-auth_service-6, groupId=auth_service] (Re-)joining group
2024-12-15 13:59:06 INFO  o.a.k.c.c.i.ConsumerCoordinator - [Consumer clientId=consumer-auth_service-2, groupId=auth_service] Request joining group due to: need to re-join with the given member-id: consumer-auth_service-2-9695a9a7-ba35-4ea4-afe9-dee629eddd76
2024-12-15 13:59:06 INFO  o.a.k.c.c.i.ConsumerCoordinator - [Consumer clientId=consumer-auth_service-8, groupId=auth_service] Request joining group due to: need to re-join with the given member-id: consumer-auth_service-8-e906da7a-34f9-4b45-9755-c23b235eb051
2024-12-15 13:59:06 INFO  o.a.k.c.c.i.ConsumerCoordinator - [Consumer clientId=consumer-auth_service-1, groupId=auth_service] Request joining group due to: need to re-join with the given member-id: consumer-auth_service-1-2b316919-22f3-4b58-b21d-dcb3f65b528e
2024-12-15 13:59:06 INFO  o.a.k.c.c.i.ConsumerCoordinator - [Consumer clientId=consumer-auth_service-8, groupId=auth_service] (Re-)joining group
2024-12-15 13:59:06 INFO  o.a.k.c.c.i.ConsumerCoordinator - [Consumer clientId=consumer-auth_service-1, groupId=auth_service] (Re-)joining group
2024-12-15 13:59:06 INFO  o.a.k.c.c.i.ConsumerCoordinator - [Consumer clientId=consumer-auth_service-2, groupId=auth_service] (Re-)joining group
2024-12-15 13:59:06 INFO  c.e.demo.service.NotificationService - Всего пользователей: 1
2024-12-15 13:59:06 INFO  c.e.demo.service.VacancyService - https://api.hh.ru/negotiations?status=active
2024-12-15 13:59:07 ERROR c.e.demo.service.VacancyService - {id=4208452197, state={id=discard, name=Отказ}, created_at=2024-12-14T13:33:18+0300, updated_at=2024-12-15T07:11:06+0300, resume={id=999442fcff094a83d90039ed1f6c794d4e6436, title=Java-разработчик, url=https://api.hh.ru/resumes/999442fcff094a83d90039ed1f6c794d4e6436, alternate_url=https://hh.ru/resume/999442fcff094a83d90039ed1f6c794d4e6436}, viewed_by_opponent=true, has_updates=true, messages_url=https://api.hh.ru/negotiations/4208452197/messages, url=https://api.hh.ru/negotiations/4208452197, counters={messages=1, unread_messages=0}, chat_states={response_reminder_state={allowed=false}}, source=NEGOTIATION, chat_id=4217539512, messaging_status=no_invitation, decline_allowed=false, read=true, has_new_messages=true, applicant_question_state=false, hidden=false, vacancy={id=113121623, premium=false, name=Middle Java-разработчик, department=null, has_test=false, response_letter_required=false, area={id=2759, name=Ташкент, url=https://api.hh.ru/areas/2759}, salary=null, type={id=open, name=Открытая}, address={city=Ташкент, street=улица Аккурган, building=31А, lat=41.330567, lng=69.30515, description=null, raw=Ташкент, улица Аккурган, 31А, metro=null, metro_stations=[], id=15904087}, response_url=null, sort_point_distance=null, published_at=2024-12-12T10:32:07+0300, created_at=2024-12-12T10:32:07+0300, archived=false, apply_alternate_url=https://hh.ru/applicant/vacancy_response?vacancyId=113121623, insider_interview=null, url=https://api.hh.ru/vacancies/113121623?host=hh.ru, alternate_url=https://hh.ru/vacancy/113121623, employer={id=11134730, name=NOMADIAN, url=https://api.hh.ru/employers/11134730, alternate_url=https://hh.ru/employer/11134730, logo_urls=null, vacancies_url=https://api.hh.ru/vacancies?employer_id=11134730, accredited_it_employer=false, trusted=true}, professional_roles=[{id=96, name=Программист, разработчик}]}}
2024-12-15 13:59:07 ERROR c.e.demo.service.VacancyService - {id=4207544657, state={id=discard, name=Отказ}, created_at=2024-12-13T16:58:50+0300, updated_at=2024-12-14T21:36:18+0300, resume={id=999442fcff094a83d90039ed1f6c794d4e6436, title=Java-разработчик, url=https://api.hh.ru/resumes/999442fcff094a83d90039ed1f6c794d4e6436, alternate_url=https://hh.ru/resume/999442fcff094a83d90039ed1f6c794d4e6436}, viewed_by_opponent=true, has_updates=true, messages_url=https://api.hh.ru/negotiations/4207544657/messages, url=https://api.hh.ru/negotiations/4207544657, counters={messages=1, unread_messages=0}, chat_states={response_reminder_state={allowed=false}}, source=NEGOTIATION, chat_id=4216604722, messaging_status=no_invitation, decline_allowed=false, read=true, has_new_messages=true, applicant_question_state=false, hidden=false, vacancy={id=112550547, premium=false, name=Java-разработчик (Modeus), department=null, has_test=false, response_letter_required=false, area={id=1, name=Москва, url=https://api.hh.ru/areas/1}, salary=null, type={id=open, name=Открытая}, address={city=Москва, street=Лесная улица, building=43, lat=55.780583, lng=37.590677, description=null, raw=Москва, Лесная улица, 43, metro={station_name=Белорусская, line_name=Замоскворецкая, station_id=2.19, line_id=2, lat=55.777439, lng=37.582107}, metro_stations=[{station_name=Белорусская, line_name=Замоскворецкая, station_id=2.19, line_id=2, lat=55.777439, lng=37.582107}], id=130273}, response_url=null, sort_point_distance=null, published_at=2024-12-04T21:35:42+0300, created_at=2024-12-04T21:35:42+0300, archived=false, apply_alternate_url=https://hh.ru/applicant/vacancy_response?vacancyId=112550547, show_logo_in_search=null, insider_interview=null, url=https://api.hh.ru/vacancies/112550547?host=hh.ru, alternate_url=https://hh.ru/vacancy/112550547, employer={id=2537, name=CUSTIS, url=https://api.hh.ru/employers/2537, alternate_url=https://hh.ru/employer/2537, logo_urls={90=https://img.hhcdn.ru/employer-logo/3388917.png, 240=https://img.hhcdn.ru/employer-logo/3388918.png, original=https://img.hhcdn.ru/employer-logo-original/736985.png}, vacancies_url=https://api.hh.ru/vacancies?employer_id=2537, accredited_it_employer=false, trusted=true}, professional_roles=[{id=96, name=Программист, разработчик}]}}
2024-12-15 13:59:07 ERROR c.e.demo.service.VacancyService - {id=4208453093, state={id=discard, name=Отказ}, created_at=2024-12-14T13:34:14+0300, updated_at=2024-12-14T16:14:11+0300, resume={id=999442fcff094a83d90039ed1f6c794d4e6436, title=Java-разработчик, url=https://api.hh.ru/resumes/999442fcff094a83d90039ed1f6c794d4e6436, alternate_url=https://hh.ru/resume/999442fcff094a83d90039ed1f6c794d4e6436}, viewed_by_opponent=true, has_updates=true, messages_url=https://api.hh.ru/negotiations/4208453093/messages, url=https://api.hh.ru/negotiations/4208453093, counters={messages=1, unread_messages=0}, chat_states={response_reminder_state={allowed=false}}, source=NEGOTIATION, chat_id=4217540427, messaging_status=no_invitation, decline_allowed=false, read=true, has_new_messages=true, applicant_question_state=false, hidden=false, vacancy={id=112966487, premium=false, name=Java Developer со знанием немецкого языка, department=null, has_test=false, response_letter_required=false, area={id=1002, name=Минск, url=https://api.hh.ru/areas/1002}, salary=null, type={id=open, name=Открытая}, address=null, response_url=null, sort_point_distance=null, published_at=2024-12-11T09:59:54+0300, created_at=2024-12-11T09:59:54+0300, archived=false, apply_alternate_url=https://hh.ru/applicant/vacancy_response?vacancyId=112966487, show_logo_in_search=null, insider_interview=null, url=https://api.hh.ru/vacancies/112966487?host=hh.ru, alternate_url=https://hh.ru/vacancy/112966487, employer={id=1858119, name=Innowise Group / Фабрика инноваций и решений, url=https://api.hh.ru/employers/1858119, alternate_url=https://hh.ru/employer/1858119, logo_urls={90=https://img.hhcdn.ru/employer-logo/3339492.png, 240=https://img.hhcdn.ru/employer-logo/3339493.png, original=https://img.hhcdn.ru/employer-logo-original/724601.png}, vacancies_url=https://api.hh.ru/vacancies?employer_id=1858119, accredited_it_employer=false, trusted=true}, professional_roles=[{id=96, name=Программист, разработчик}]}}
2024-12-15 13:59:07 ERROR c.e.demo.service.VacancyService - {id=4208534571, state={id=discard, name=Отказ}, created_at=2024-12-14T14:55:44+0300, updated_at=2024-12-14T15:11:42+0300, resume={id=999442fcff094a83d90039ed1f6c794d4e6436, title=Java-разработчик, url=https://api.hh.ru/resumes/999442fcff094a83d90039ed1f6c794d4e6436, alternate_url=https://hh.ru/resume/999442fcff094a83d90039ed1f6c794d4e6436}, viewed_by_opponent=true, has_updates=true, messages_url=https://api.hh.ru/negotiations/4208534571/messages, url=https://api.hh.ru/negotiations/4208534571, counters={messages=1, unread_messages=0}, chat_states={response_reminder_state={allowed=false}}, source=NEGOTIATION, chat_id=4217623741, messaging_status=no_invitation, decline_allowed=false, read=true, has_new_messages=true, applicant_question_state=false, hidden=false, vacancy={id=109767065, premium=false, name=Trainee Java developer, department=null, has_test=false, response_letter_required=false, area={id=1002, name=Минск, url=https://api.hh.ru/areas/1002}, salary=null, type={id=open, name=Открытая}, address={city=Минск, street=Интернациональная улица, building=25А, lat=53.904384, lng=27.558489, description=null, raw=Минск, Интернациональная улица, 25А, metro=null, metro_stations=[], id=13459438}, response_url=null, sort_point_distance=null, published_at=2024-11-30T16:01:40+0300, created_at=2024-11-30T16:01:40+0300, archived=false, apply_alternate_url=https://hh.ru/applicant/vacancy_response?vacancyId=109767065, show_logo_in_search=null, insider_interview=null, url=https://api.hh.ru/vacancies/109767065?host=hh.ru, alternate_url=https://hh.ru/vacancy/109767065, employer={id=9903768, name=Айфортекс, url=https://api.hh.ru/employers/9903768, alternate_url=https://hh.ru/employer/9903768, logo_urls={240=https://img.hhcdn.ru/employer-logo/7020407.png, 90=https://img.hhcdn.ru/employer-logo/7020406.png, original=https://img.hhcdn.ru/employer-logo-original/1350116.png}, vacancies_url=https://api.hh.ru/vacancies?employer_id=9903768, accredited_it_employer=false, trusted=true}, professional_roles=[{id=96, name=Программист, разработчик}]}}
2024-12-15 13:59:07 ERROR c.e.demo.service.VacancyService - {id=4208534766, state={id=discard, name=Отказ}, created_at=2024-12-14T14:55:55+0300, updated_at=2024-12-14T15:11:42+0300, resume={id=999442fcff094a83d90039ed1f6c794d4e6436, title=Java-разработчик, url=https://api.hh.ru/resumes/999442fcff094a83d90039ed1f6c794d4e6436, alternate_url=https://hh.ru/resume/999442fcff094a83d90039ed1f6c794d4e6436}, viewed_by_opponent=true, has_updates=true, messages_url=https://api.hh.ru/negotiations/4208534766/messages, url=https://api.hh.ru/negotiations/4208534766, counters={messages=1, unread_messages=0}, chat_states={response_reminder_state={allowed=false}}, source=NEGOTIATION, chat_id=4217623945, messaging_status=no_invitation, decline_allowed=false, read=true, has_new_messages=true, applicant_question_state=false, hidden=false, vacancy={id=113151771, premium=false, name=Automated Testing in Java Trainee, department=null, has_test=false, response_letter_required=false, area={id=2784, name=Коканд, url=https://api.hh.ru/areas/2784}, salary=null, type={id=open, name=Открытая}, address=null, response_url=null, sort_point_distance=null, published_at=2024-12-12T15:19:23+0300, created_at=2024-12-12T15:19:23+0300, archived=false, apply_alternate_url=https://hh.ru/applicant/vacancy_response?vacancyId=113151771, show_logo_in_search=null, insider_interview=null, url=https://api.hh.ru/vacancies/113151771?host=hh.ru, alternate_url=https://hh.ru/vacancy/113151771, employer={id=6085050, name=EPAM Uzbekistan, url=https://api.hh.ru/employers/6085050, alternate_url=https://hh.ru/employer/6085050, logo_urls={240=https://img.hhcdn.ru/employer-logo/6900367.jpeg, original=https://img.hhcdn.ru/employer-logo-original/1320077.jpeg, 90=https://img.hhcdn.ru/employer-logo/6900366.jpeg}, vacancies_url=https://api.hh.ru/vacancies?employer_id=6085050, accredited_it_employer=false, trusted=true}, professional_roles=[{id=124, name=Тестировщик}]}}
2024-12-15 13:59:07 ERROR c.e.demo.service.VacancyService - {id=4208534806, state={id=discard, name=Отказ}, created_at=2024-12-14T14:55:58+0300, updated_at=2024-12-14T15:11:41+0300, resume={id=999442fcff094a83d90039ed1f6c794d4e6436, title=Java-разработчик, url=https://api.hh.ru/resumes/999442fcff094a83d90039ed1f6c794d4e6436, alternate_url=https://hh.ru/resume/999442fcff094a83d90039ed1f6c794d4e6436}, viewed_by_opponent=true, has_updates=true, messages_url=https://api.hh.ru/negotiations/4208534806/messages, url=https://api.hh.ru/negotiations/4208534806, counters={messages=1, unread_messages=0}, chat_states={response_reminder_state={allowed=false}}, source=NEGOTIATION, chat_id=4217623988, messaging_status=no_invitation, decline_allowed=false, read=true, has_new_messages=true, applicant_question_state=false, hidden=false, vacancy={id=113151772, premium=false, name=Automated Testing in Java Trainee, department=null, has_test=false, response_letter_required=false, area={id=2889, name=Кува, url=https://api.hh.ru/areas/2889}, salary=null, type={id=open, name=Открытая}, address=null, response_url=null, sort_point_distance=null, published_at=2024-12-12T15:19:23+0300, created_at=2024-12-12T15:19:23+0300, archived=false, apply_alternate_url=https://hh.ru/applicant/vacancy_response?vacancyId=113151772, show_logo_in_search=null, insider_interview=null, url=https://api.hh.ru/vacancies/113151772?host=hh.ru, alternate_url=https://hh.ru/vacancy/113151772, employer={id=6085050, name=EPAM Uzbekistan, url=https://api.hh.ru/employers/6085050, alternate_url=https://hh.ru/employer/6085050, logo_urls={240=https://img.hhcdn.ru/employer-logo/6900367.jpeg, original=https://img.hhcdn.ru/employer-logo-original/1320077.jpeg, 90=https://img.hhcdn.ru/employer-logo/6900366.jpeg}, vacancies_url=https://api.hh.ru/vacancies?employer_id=6085050, accredited_it_employer=false, trusted=true}, professional_roles=[{id=124, name=Тестировщик}]}}
2024-12-15 13:59:07 ERROR c.e.demo.service.VacancyService - {id=4208534820, state={id=discard, name=Отказ}, created_at=2024-12-14T14:55:59+0300, updated_at=2024-12-14T15:11:41+0300, resume={id=999442fcff094a83d90039ed1f6c794d4e6436, title=Java-разработчик, url=https://api.hh.ru/resumes/999442fcff094a83d90039ed1f6c794d4e6436, alternate_url=https://hh.ru/resume/999442fcff094a83d90039ed1f6c794d4e6436}, viewed_by_opponent=true, has_updates=true, messages_url=https://api.hh.ru/negotiations/4208534820/messages, url=https://api.hh.ru/negotiations/4208534820, counters={messages=1, unread_messages=0}, chat_states={response_reminder_state={allowed=false}}, source=NEGOTIATION, chat_id=4217624003, messaging_status=no_invitation, decline_allowed=false, read=true, has_new_messages=true, applicant_question_state=false, hidden=false, vacancy={id=113151773, premium=false, name=Automated Testing in Java Trainee, department=null, has_test=false, response_letter_required=false, area={id=2785, name=Маргилан, url=https://api.hh.ru/areas/2785}, salary=null, type={id=open, name=Открытая}, address=null, response_url=null, sort_point_distance=null, published_at=2024-12-12T15:19:23+0300, created_at=2024-12-12T15:19:23+0300, archived=false, apply_alternate_url=https://hh.ru/applicant/vacancy_response?vacancyId=113151773, show_logo_in_search=null, insider_interview=null, url=https://api.hh.ru/vacancies/113151773?host=hh.ru, alternate_url=https://hh.ru/vacancy/113151773, employer={id=6085050, name=EPAM Uzbekistan, url=https://api.hh.ru/employers/6085050, alternate_url=https://hh.ru/employer/6085050, logo_urls={240=https://img.hhcdn.ru/employer-logo/6900367.jpeg, original=https://img.hhcdn.ru/employer-logo-original/1320077.jpeg, 90=https://img.hhcdn.ru/employer-logo/6900366.jpeg}, vacancies_url=https://api.hh.ru/vacancies?employer_id=6085050, accredited_it_employer=false, trusted=true}, professional_roles=[{id=124, name=Тестировщик}]}}
2024-12-15 13:59:07 ERROR c.e.demo.service.VacancyService - {id=4208534510, state={id=discard, name=Отказ}, created_at=2024-12-14T14:55:40+0300, updated_at=2024-12-14T15:11:41+0300, resume={id=999442fcff094a83d90039ed1f6c794d4e6436, title=Java-разработчик, url=https://api.hh.ru/resumes/999442fcff094a83d90039ed1f6c794d4e6436, alternate_url=https://hh.ru/resume/999442fcff094a83d90039ed1f6c794d4e6436}, viewed_by_opponent=true, has_updates=true, messages_url=https://api.hh.ru/negotiations/4208534510/messages, url=https://api.hh.ru/negotiations/4208534510, counters={messages=1, unread_messages=0}, chat_states={response_reminder_state={allowed=false}}, source=NEGOTIATION, chat_id=4217623677, messaging_status=no_invitation, decline_allowed=false, read=true, has_new_messages=true, applicant_question_state=false, hidden=false, vacancy={id=113151785, premium=false, name=Automated Testing in Java Trainee, department=null, has_test=false, response_letter_required=false, area={id=2781, name=Бухара, url=https://api.hh.ru/areas/2781}, salary=null, type={id=open, name=Открытая}, address=null, response_url=null, sort_point_distance=null, published_at=2024-12-12T15:19:23+0300, created_at=2024-12-12T15:19:23+0300, archived=false, apply_alternate_url=https://hh.ru/applicant/vacancy_response?vacancyId=113151785, show_logo_in_search=null, insider_interview=null, url=https://api.hh.ru/vacancies/113151785?host=hh.ru, alternate_url=https://hh.ru/vacancy/113151785, employer={id=6085050, name=EPAM Uzbekistan, url=https://api.hh.ru/employers/6085050, alternate_url=https://hh.ru/employer/6085050, logo_urls={240=https://img.hhcdn.ru/employer-logo/6900367.jpeg, original=https://img.hhcdn.ru/employer-logo-original/1320077.jpeg, 90=https://img.hhcdn.ru/employer-logo/6900366.jpeg}, vacancies_url=https://api.hh.ru/vacancies?employer_id=6085050, accredited_it_employer=false, trusted=true}, professional_roles=[{id=124, name=Тестировщик}]}}
2024-12-15 13:59:07 ERROR c.e.demo.service.VacancyService - {id=4208534724, state={id=discard, name=Отказ}, created_at=2024-12-14T14:55:53+0300, updated_at=2024-12-14T15:11:40+0300, resume={id=999442fcff094a83d90039ed1f6c794d4e6436, title=Java-разработчик, url=https://api.hh.ru/resumes/999442fcff094a83d90039ed1f6c794d4e6436, alternate_url=https://hh.ru/resume/999442fcff094a83d90039ed1f6c794d4e6436}, viewed_by_opponent=true, has_updates=true, messages_url=https://api.hh.ru/negotiations/4208534724/messages, url=https://api.hh.ru/negotiations/4208534724, counters={messages=1, unread_messages=0}, chat_states={response_reminder_state={allowed=false}}, source=NEGOTIATION, chat_id=4217623902, messaging_status=no_invitation, decline_allowed=false, read=true, has_new_messages=true, applicant_question_state=false, hidden=false, vacancy={id=113151770, premium=false, name=Automated Testing in Java Trainee, department=null, has_test=false, response_letter_required=false, area={id=2888, name=Китаб, url=https://api.hh.ru/areas/2888}, salary=null, type={id=open, name=Открытая}, address=null, response_url=null, sort_point_distance=null, published_at=2024-12-12T15:19:23+0300, created_at=2024-12-12T15:19:23+0300, archived=false, apply_alternate_url=https://hh.ru/applicant/vacancy_response?vacancyId=113151770, show_logo_in_search=null, insider_interview=null, url=https://api.hh.ru/vacancies/113151770?host=hh.ru, alternate_url=https://hh.ru/vacancy/113151770, employer={id=6085050, name=EPAM Uzbekistan, url=https://api.hh.ru/employers/6085050, alternate_url=https://hh.ru/employer/6085050, logo_urls={240=https://img.hhcdn.ru/employer-logo/6900367.jpeg, original=https://img.hhcdn.ru/employer-logo-original/1320077.jpeg, 90=https://img.hhcdn.ru/employer-logo/6900366.jpeg}, vacancies_url=https://api.hh.ru/vacancies?employer_id=6085050, accredited_it_employer=false, trusted=true}, professional_roles=[{id=124, name=Тестировщик}]}}
2024-12-15 13:59:07 ERROR c.e.demo.service.VacancyService - {id=4208534355, state={id=discard, name=Отказ}, created_at=2024-12-14T14:55:30+0300, updated_at=2024-12-14T15:10:42+0300, resume={id=999442fcff094a83d90039ed1f6c794d4e6436, title=Java-разработчик, url=https://api.hh.ru/resumes/999442fcff094a83d90039ed1f6c794d4e6436, alternate_url=https://hh.ru/resume/999442fcff094a83d90039ed1f6c794d4e6436}, viewed_by_opponent=true, has_updates=true, messages_url=https://api.hh.ru/negotiations/4208534355/messages, url=https://api.hh.ru/negotiations/4208534355, counters={messages=1, unread_messages=0}, chat_states={response_reminder_state={allowed=false}}, source=NEGOTIATION, chat_id=4217623518, messaging_status=no_invitation, decline_allowed=false, read=true, has_new_messages=true, applicant_question_state=false, hidden=false, vacancy={id=113151780, premium=false, name=Automated Testing in Java Trainee, department=null, has_test=false, response_letter_required=false, area={id=2788, name=Ургенч, url=https://api.hh.ru/areas/2788}, salary=null, type={id=open, name=Открытая}, address=null, response_url=null, sort_point_distance=null, published_at=2024-12-12T15:19:23+0300, created_at=2024-12-12T15:19:23+0300, archived=false, apply_alternate_url=https://hh.ru/applicant/vacancy_response?vacancyId=113151780, show_logo_in_search=null, insider_interview=null, url=https://api.hh.ru/vacancies/113151780?host=hh.ru, alternate_url=https://hh.ru/vacancy/113151780, employer={id=6085050, name=EPAM Uzbekistan, url=https://api.hh.ru/employers/6085050, alternate_url=https://hh.ru/employer/6085050, logo_urls={240=https://img.hhcdn.ru/employer-logo/6900367.jpeg, original=https://img.hhcdn.ru/employer-logo-original/1320077.jpeg, 90=https://img.hhcdn.ru/employer-logo/6900366.jpeg}, vacancies_url=https://api.hh.ru/vacancies?employer_id=6085050, accredited_it_employer=false, trusted=true}, professional_roles=[{id=124, name=Тестировщик}]}}
2024-12-15 13:59:07 ERROR c.e.demo.service.VacancyService - {id=4208534444, state={id=discard, name=Отказ}, created_at=2024-12-14T14:55:36+0300, updated_at=2024-12-14T15:10:41+0300, resume={id=999442fcff094a83d90039ed1f6c794d4e6436, title=Java-разработчик, url=https://api.hh.ru/resumes/999442fcff094a83d90039ed1f6c794d4e6436, alternate_url=https://hh.ru/resume/999442fcff094a83d90039ed1f6c794d4e6436}, viewed_by_opponent=true, has_updates=true, messages_url=https://api.hh.ru/negotiations/4208534444/messages, url=https://api.hh.ru/negotiations/4208534444, counters={messages=1, unread_messages=0}, chat_states={response_reminder_state={allowed=false}}, source=NEGOTIATION, chat_id=4217623609, messaging_status=no_invitation, decline_allowed=false, read=true, has_new_messages=true, applicant_question_state=false, hidden=false, vacancy={id=113151783, premium=false, name=Automated Testing in Java Trainee, department=null, has_test=false, response_letter_required=false, area={id=2923, name=Ходжаабад, url=https://api.hh.ru/areas/2923}, salary=null, type={id=open, name=Открытая}, address=null, response_url=null, sort_point_distance=null, published_at=2024-12-12T15:19:23+0300, created_at=2024-12-12T15:19:23+0300, archived=false, apply_alternate_url=https://hh.ru/applicant/vacancy_response?vacancyId=113151783, show_logo_in_search=null, insider_interview=null, url=https://api.hh.ru/vacancies/113151783?host=hh.ru, alternate_url=https://hh.ru/vacancy/113151783, employer={id=6085050, name=EPAM Uzbekistan, url=https://api.hh.ru/employers/6085050, alternate_url=https://hh.ru/employer/6085050, logo_urls={240=https://img.hhcdn.ru/employer-logo/6900367.jpeg, original=https://img.hhcdn.ru/employer-logo-original/1320077.jpeg, 90=https://img.hhcdn.ru/employer-logo/6900366.jpeg}, vacancies_url=https://api.hh.ru/vacancies?employer_id=6085050, accredited_it_employer=false, trusted=true}, professional_roles=[{id=124, name=Тестировщик}]}}
2024-12-15 13:59:07 ERROR c.e.demo.service.VacancyService - {id=4208534422, state={id=discard, name=Отказ}, created_at=2024-12-14T14:55:35+0300, updated_at=2024-12-14T15:10:41+0300, resume={id=999442fcff094a83d90039ed1f6c794d4e6436, title=Java-разработчик, url=https://api.hh.ru/resumes/999442fcff094a83d90039ed1f6c794d4e6436, alternate_url=https://hh.ru/resume/999442fcff094a83d90039ed1f6c794d4e6436}, viewed_by_opponent=true, has_updates=true, messages_url=https://api.hh.ru/negotiations/4208534422/messages, url=https://api.hh.ru/negotiations/4208534422, counters={messages=1, unread_messages=0}, chat_states={response_reminder_state={allowed=false}}, source=NEGOTIATION, chat_id=4217623587, messaging_status=no_invitation, decline_allowed=false, read=true, has_new_messages=true, applicant_question_state=false, hidden=false, vacancy={id=113151782, premium=false, name=Automated Testing in Java Trainee, department=null, has_test=false, response_letter_required=false, area={id=2922, name=Хива, url=https://api.hh.ru/areas/2922}, salary=null, type={id=open, name=Открытая}, address=null, response_url=null, sort_point_distance=null, published_at=2024-12-12T15:19:23+0300, created_at=2024-12-12T15:19:23+0300, archived=false, apply_alternate_url=https://hh.ru/applicant/vacancy_response?vacancyId=113151782, show_logo_in_search=null, insider_interview=null, url=https://api.hh.ru/vacancies/113151782?host=hh.ru, alternate_url=https://hh.ru/vacancy/113151782, employer={id=6085050, name=EPAM Uzbekistan, url=https://api.hh.ru/employers/6085050, alternate_url=https://hh.ru/employer/6085050, logo_urls={240=https://img.hhcdn.ru/employer-logo/6900367.jpeg, original=https://img.hhcdn.ru/employer-logo-original/1320077.jpeg, 90=https://img.hhcdn.ru/employer-logo/6900366.jpeg}, vacancies_url=https://api.hh.ru/vacancies?employer_id=6085050, accredited_it_employer=false, trusted=true}, professional_roles=[{id=124, name=Тестировщик}]}}
2024-12-15 13:59:07 ERROR c.e.demo.service.VacancyService - {id=4208534473, state={id=discard, name=Отказ}, created_at=2024-12-14T14:55:37+0300, updated_at=2024-12-14T15:10:41+0300, resume={id=999442fcff094a83d90039ed1f6c794d4e6436, title=Java-разработчик, url=https://api.hh.ru/resumes/999442fcff094a83d90039ed1f6c794d4e6436, alternate_url=https://hh.ru/resume/999442fcff094a83d90039ed1f6c794d4e6436}, viewed_by_opponent=true, has_updates=true, messages_url=https://api.hh.ru/negotiations/4208534473/messages, url=https://api.hh.ru/negotiations/4208534473, counters={messages=1, unread_messages=0}, chat_states={response_reminder_state={allowed=false}}, source=NEGOTIATION, chat_id=4217623639, messaging_status=no_invitation, decline_allowed=false, read=true, has_new_messages=true, applicant_question_state=false, hidden=false, vacancy={id=113151784, premium=false, name=Automated Testing in Java Trainee, department=null, has_test=false, response_letter_required=false, area={id=2778, name=Самарканд, url=https://api.hh.ru/areas/2778}, salary=null, type={id=open, name=Открытая}, address=null, response_url=null, sort_point_distance=null, published_at=2024-12-12T15:19:23+0300, created_at=2024-12-12T15:19:23+0300, archived=false, apply_alternate_url=https://hh.ru/applicant/vacancy_response?vacancyId=113151784, show_logo_in_search=null, insider_interview=null, url=https://api.hh.ru/vacancies/113151784?host=hh.ru, alternate_url=https://hh.ru/vacancy/113151784, employer={id=6085050, name=EPAM Uzbekistan, url=https://api.hh.ru/employers/6085050, alternate_url=https://hh.ru/employer/6085050, logo_urls={240=https://img.hhcdn.ru/employer-logo/6900367.jpeg, original=https://img.hhcdn.ru/employer-logo-original/1320077.jpeg, 90=https://img.hhcdn.ru/employer-logo/6900366.jpeg}, vacancies_url=https://api.hh.ru/vacancies?employer_id=6085050, accredited_it_employer=false, trusted=true}, professional_roles=[{id=124, name=Тестировщик}]}}
2024-12-15 13:59:07 ERROR c.e.demo.service.VacancyService - {id=4208534400, state={id=discard, name=Отказ}, created_at=2024-12-14T14:55:34+0300, updated_at=2024-12-14T15:10:39+0300, resume={id=999442fcff094a83d90039ed1f6c794d4e6436, title=Java-разработчик, url=https://api.hh.ru/resumes/999442fcff094a83d90039ed1f6c794d4e6436, alternate_url=https://hh.ru/resume/999442fcff094a83d90039ed1f6c794d4e6436}, viewed_by_opponent=true, has_updates=true, messages_url=https://api.hh.ru/negotiations/4208534400/messages, url=https://api.hh.ru/negotiations/4208534400, counters={messages=1, unread_messages=0}, chat_states={response_reminder_state={allowed=false}}, source=NEGOTIATION, chat_id=4217623565, messaging_status=no_invitation, decline_allowed=false, read=true, has_new_messages=true, applicant_question_state=false, hidden=false, vacancy={id=113151781, premium=false, name=Automated Testing in Java Trainee, department=null, has_test=false, response_letter_required=false, area={id=2782, name=Фергана, url=https://api.hh.ru/areas/2782}, salary=null, type={id=open, name=Открытая}, address=null, response_url=null, sort_point_distance=null, published_at=2024-12-12T15:19:23+0300, created_at=2024-12-12T15:19:23+0300, archived=false, apply_alternate_url=https://hh.ru/applicant/vacancy_response?vacancyId=113151781, show_logo_in_search=null, insider_interview=null, url=https://api.hh.ru/vacancies/113151781?host=hh.ru, alternate_url=https://hh.ru/vacancy/113151781, employer={id=6085050, name=EPAM Uzbekistan, url=https://api.hh.ru/employers/6085050, alternate_url=https://hh.ru/employer/6085050, logo_urls={240=https://img.hhcdn.ru/employer-logo/6900367.jpeg, original=https://img.hhcdn.ru/employer-logo-original/1320077.jpeg, 90=https://img.hhcdn.ru/employer-logo/6900366.jpeg}, vacancies_url=https://api.hh.ru/vacancies?employer_id=6085050, accredited_it_employer=false, trusted=true}, professional_roles=[{id=124, name=Тестировщик}]}}
2024-12-15 13:59:07 ERROR c.e.demo.service.VacancyService - {id=4208529863, state={id=discard, name=Отказ}, created_at=2024-12-14T14:50:58+0300, updated_at=2024-12-14T15:06:37+0300, resume={id=999442fcff094a83d90039ed1f6c794d4e6436, title=Java-разработчик, url=https://api.hh.ru/resumes/999442fcff094a83d90039ed1f6c794d4e6436, alternate_url=https://hh.ru/resume/999442fcff094a83d90039ed1f6c794d4e6436}, viewed_by_opponent=true, has_updates=true, messages_url=https://api.hh.ru/negotiations/4208529863/messages, url=https://api.hh.ru/negotiations/4208529863, counters={messages=1, unread_messages=0}, chat_states={response_reminder_state={allowed=false}}, source=NEGOTIATION, chat_id=4217618914, messaging_status=no_invitation, decline_allowed=false, read=true, has_new_messages=true, applicant_question_state=false, hidden=false, vacancy={id=111052222, premium=false, name=QA/автотестировщик на Java, department=null, has_test=false, response_letter_required=false, area={id=72, name=Пермь, url=https://api.hh.ru/areas/72}, salary={from=null, to=150000, currency=RUR, gross=false}, type={id=open, name=Открытая}, address={city=Пермь, street=Решетниковский спуск, building=1Ю, lat=58.014827, lng=56.211136, description=null, raw=Пермь, Решетниковский спуск, 1Ю, metro=null, metro_stations=[], id=13647676}, response_url=null, sort_point_distance=null, published_at=2024-12-12T13:23:41+0300, created_at=2024-12-12T13:23:41+0300, archived=false, apply_alternate_url=https://hh.ru/applicant/vacancy_response?vacancyId=111052222, show_logo_in_search=null, insider_interview=null, url=https://api.hh.ru/vacancies/111052222?host=hh.ru, alternate_url=https://hh.ru/vacancy/111052222, employer={id=2770726, name=Spectr, url=https://api.hh.ru/employers/2770726, alternate_url=https://hh.ru/employer/2770726, logo_urls={original=https://img.hhcdn.ru/employer-logo-original/963278.png, 90=https://img.hhcdn.ru/employer-logo/5387132.png, 240=https://img.hhcdn.ru/employer-logo/5387133.png}, vacancies_url=https://api.hh.ru/vacancies?employer_id=2770726, accredited_it_employer=true, trusted=true}, professional_roles=[{id=124, name=Тестировщик}]}}
2024-12-15 13:59:07 ERROR c.e.demo.service.VacancyService - {id=4208529784, state={id=discard, name=Отказ}, created_at=2024-12-14T14:50:53+0300, updated_at=2024-12-14T15:06:36+0300, resume={id=999442fcff094a83d90039ed1f6c794d4e6436, title=Java-разработчик, url=https://api.hh.ru/resumes/999442fcff094a83d90039ed1f6c794d4e6436, alternate_url=https://hh.ru/resume/999442fcff094a83d90039ed1f6c794d4e6436}, viewed_by_opponent=true, has_updates=true, messages_url=https://api.hh.ru/negotiations/4208529784/messages, url=https://api.hh.ru/negotiations/4208529784, counters={messages=1, unread_messages=0}, chat_states={response_reminder_state={allowed=false}}, source=NEGOTIATION, chat_id=4217618833, messaging_status=no_invitation, decline_allowed=false, read=true, has_new_messages=true, applicant_question_state=false, hidden=false, vacancy={id=108411836, premium=false, name=Trainee AQA in Java, department=null, has_test=false, response_letter_required=false, area={id=1003, name=Гомель, url=https://api.hh.ru/areas/1003}, salary=null, type={id=open, name=Открытая}, address=null, response_url=null, sort_point_distance=null, published_at=2024-12-02T09:20:20+0300, created_at=2024-12-02T09:20:20+0300, archived=false, apply_alternate_url=https://hh.ru/applicant/vacancy_response?vacancyId=108411836, show_logo_in_search=null, insider_interview=null, url=https://api.hh.ru/vacancies/108411836?host=hh.ru, alternate_url=https://hh.ru/vacancy/108411836, employer={id=1858119, name=Innowise Group / Фабрика инноваций и решений, url=https://api.hh.ru/employers/1858119, alternate_url=https://hh.ru/employer/1858119, logo_urls={90=https://img.hhcdn.ru/employer-logo/3339492.png, 240=https://img.hhcdn.ru/employer-logo/3339493.png, original=https://img.hhcdn.ru/employer-logo-original/724601.png}, vacancies_url=https://api.hh.ru/vacancies?employer_id=1858119, accredited_it_employer=false, trusted=true}, professional_roles=[{id=124, name=Тестировщик}]}}
2024-12-15 13:59:07 ERROR c.e.demo.service.VacancyService - {id=4208529424, state={id=discard, name=Отказ}, created_at=2024-12-14T14:50:31+0300, updated_at=2024-12-14T15:05:37+0300, resume={id=999442fcff094a83d90039ed1f6c794d4e6436, title=Java-разработчик, url=https://api.hh.ru/resumes/999442fcff094a83d90039ed1f6c794d4e6436, alternate_url=https://hh.ru/resume/999442fcff094a83d90039ed1f6c794d4e6436}, viewed_by_opponent=true, has_updates=true, messages_url=https://api.hh.ru/negotiations/4208529424/messages, url=https://api.hh.ru/negotiations/4208529424, counters={messages=1, unread_messages=0}, chat_states={response_reminder_state={allowed=false}}, source=NEGOTIATION, chat_id=4217618461, messaging_status=no_invitation, decline_allowed=false, read=true, has_new_messages=true, applicant_question_state=false, hidden=false, vacancy={id=111293705, premium=false, name=Middle Java Software Engineer, department=null, has_test=false, response_letter_required=false, area={id=159, name=Астана, url=https://api.hh.ru/areas/159}, salary={from=350000, to=600000, currency=KZT, gross=false}, type={id=open, name=Открытая}, address={city=Астана, street=улица Иманбаевой, building=5, lat=51.161189, lng=71.435451, description=null, raw=Астана, улица Иманбаевой, 5, metro=null, metro_stations=[], id=13825683}, response_url=null, sort_point_distance=null, published_at=2024-12-13T08:58:31+0300, created_at=2024-12-13T08:58:31+0300, archived=false, apply_alternate_url=https://hh.ru/applicant/vacancy_response?vacancyId=111293705, show_logo_in_search=null, insider_interview=null, url=https://api.hh.ru/vacancies/111293705?host=hh.ru, alternate_url=https://hh.ru/vacancy/111293705, employer={id=10084842, name=Fundsmarket, url=https://api.hh.ru/employers/10084842, alternate_url=https://hh.ru/employer/10084842, logo_urls={original=https://img.hhcdn.ru/employer-logo-original/1132671.png, 90=https://img.hhcdn.ru/employer-logo/6151273.png, 240=https://img.hhcdn.ru/employer-logo/6151274.png}, vacancies_url=https://api.hh.ru/vacancies?employer_id=10084842, accredited_it_employer=false, trusted=true}, professional_roles=[{id=96, name=Программист, разработчик}]}}
2024-12-15 13:59:07 ERROR c.e.demo.service.VacancyService - {id=4208534292, state={id=invitation, name=Приглашение}, created_at=2024-12-14T14:55:27+0300, updated_at=2024-12-14T14:57:00+0300, resume={id=999442fcff094a83d90039ed1f6c794d4e6436, title=Java-разработчик, url=https://api.hh.ru/resumes/999442fcff094a83d90039ed1f6c794d4e6436, alternate_url=https://hh.ru/resume/999442fcff094a83d90039ed1f6c794d4e6436}, viewed_by_opponent=true, has_updates=true, messages_url=https://api.hh.ru/negotiations/4208534292/messages, url=https://api.hh.ru/negotiations/4208534292, counters={messages=1, unread_messages=0}, chat_states={response_reminder_state={allowed=false}}, source=NEGOTIATION, chat_id=4217623455, messaging_status=ok, decline_allowed=true, read=true, has_new_messages=true, applicant_question_state=false, hidden=false, vacancy={id=112733439, premium=false, name=Backend-разработчик в IT-Хаб (Java/Python/Golang/.NET), department=null, has_test=false, response_letter_required=false, area={id=99, name=Уфа, url=https://api.hh.ru/areas/99}, salary=null, type={id=open, name=Открытая}, address=null, response_url=null, sort_point_distance=null, published_at=2024-12-09T05:15:14+0300, created_at=2024-12-09T05:15:14+0300, archived=false, apply_alternate_url=https://hh.ru/applicant/vacancy_response?vacancyId=112733439, show_logo_in_search=null, insider_interview=null, url=https://api.hh.ru/vacancies/112733439?host=hh.ru, alternate_url=https://hh.ru/vacancy/112733439, employer={id=9479446, name=Мартынцев Артем Сергеевич, url=https://api.hh.ru/employers/9479446, alternate_url=https://hh.ru/employer/9479446, logo_urls={original=https://img.hhcdn.ru/employer-logo-original/1264204.png, 90=https://img.hhcdn.ru/employer-logo/6677142.png, 240=https://img.hhcdn.ru/employer-logo/6677143.png}, vacancies_url=https://api.hh.ru/vacancies?employer_id=9479446, accredited_it_employer=false, trusted=true}, professional_roles=[{id=96, name=Программист, разработчик}]}}
2024-12-15 13:59:07 INFO  c.e.demo.service.VacancyService - Ссылка на вакансию: https://api.hh.ru/vacancies/112733439?host=hh.ru
2024-12-15 13:59:07 ERROR c.e.demo.service.VacancyService - {id=4208534190, state={id=invitation, name=Приглашение}, created_at=2024-12-14T14:55:21+0300, updated_at=2024-12-14T14:56:30+0300, resume={id=999442fcff094a83d90039ed1f6c794d4e6436, title=Java-разработчик, url=https://api.hh.ru/resumes/999442fcff094a83d90039ed1f6c794d4e6436, alternate_url=https://hh.ru/resume/999442fcff094a83d90039ed1f6c794d4e6436}, viewed_by_opponent=true, has_updates=true, messages_url=https://api.hh.ru/negotiations/4208534190/messages, url=https://api.hh.ru/negotiations/4208534190, counters={messages=1, unread_messages=0}, chat_states={response_reminder_state={allowed=false}}, source=NEGOTIATION, chat_id=4217623350, messaging_status=ok, decline_allowed=true, read=true, has_new_messages=true, applicant_question_state=false, hidden=false, vacancy={id=112371843, premium=false, name=Junior Java разработчик (Стажер), department=null, has_test=false, response_letter_required=false, area={id=54, name=Красноярск, url=https://api.hh.ru/areas/54}, salary=null, type={id=open, name=Открытая}, address=null, response_url=null, sort_point_distance=null, published_at=2024-12-03T06:13:32+0300, created_at=2024-12-03T06:13:32+0300, archived=false, apply_alternate_url=https://hh.ru/applicant/vacancy_response?vacancyId=112371843, show_logo_in_search=null, insider_interview=null, url=https://api.hh.ru/vacancies/112371843?host=hh.ru, alternate_url=https://hh.ru/vacancy/112371843, employer={id=8550, name=Центр финансовых технологий, url=https://api.hh.ru/employers/8550, alternate_url=https://hh.ru/employer/8550, logo_urls={original=https://img.hhcdn.ru/employer-logo-original/690133.gif, 240=https://img.hhcdn.ru/employer-logo/3201665.png, 90=https://img.hhcdn.ru/employer-logo/3201664.png}, vacancies_url=https://api.hh.ru/vacancies?employer_id=8550, accredited_it_employer=true, trusted=true}, professional_roles=[{id=96, name=Программист, разработчик}]}}
2024-12-15 13:59:07 INFO  c.e.demo.service.VacancyService - Ссылка на вакансию: https://api.hh.ru/vacancies/112371843?host=hh.ru
2024-12-15 13:59:07 ERROR c.e.demo.service.VacancyService - {id=4208534210, state={id=invitation, name=Приглашение}, created_at=2024-12-14T14:55:22+0300, updated_at=2024-12-14T14:56:30+0300, resume={id=999442fcff094a83d90039ed1f6c794d4e6436, title=Java-разработчик, url=https://api.hh.ru/resumes/999442fcff094a83d90039ed1f6c794d4e6436, alternate_url=https://hh.ru/resume/999442fcff094a83d90039ed1f6c794d4e6436}, viewed_by_opponent=true, has_updates=true, messages_url=https://api.hh.ru/negotiations/4208534210/messages, url=https://api.hh.ru/negotiations/4208534210, counters={messages=1, unread_messages=0}, chat_states={response_reminder_state={allowed=false}}, source=NEGOTIATION, chat_id=4217623370, messaging_status=ok, decline_allowed=true, read=true, has_new_messages=true, applicant_question_state=false, hidden=false, vacancy={id=112371842, premium=false, name=Junior Java разработчик (Стажер), department=null, has_test=false, response_letter_required=false, area={id=90, name=Томск, url=https://api.hh.ru/areas/90}, salary=null, type={id=open, name=Открытая}, address=null, response_url=null, sort_point_distance=null, published_at=2024-12-03T06:13:32+0300, created_at=2024-12-03T06:13:32+0300, archived=false, apply_alternate_url=https://hh.ru/applicant/vacancy_response?vacancyId=112371842, show_logo_in_search=null, insider_interview=null, url=https://api.hh.ru/vacancies/112371842?host=hh.ru, alternate_url=https://hh.ru/vacancy/112371842, employer={id=8550, name=Центр финансовых технологий, url=https://api.hh.ru/employers/8550, alternate_url=https://hh.ru/employer/8550, logo_urls={original=https://img.hhcdn.ru/employer-logo-original/690133.gif, 240=https://img.hhcdn.ru/employer-logo/3201665.png, 90=https://img.hhcdn.ru/employer-logo/3201664.png}, vacancies_url=https://api.hh.ru/vacancies?employer_id=8550, accredited_it_employer=true, trusted=true}, professional_roles=[{id=96, name=Программист, разработчик}]}}
2024-12-15 13:59:07 INFO  c.e.demo.service.VacancyService - Ссылка на вакансию: https://api.hh.ru/vacancies/112371842?host=hh.ru
2024-12-15 13:59:07 DEBUG c.e.demo.service.NotificationService - Отправка уведомления в Telegram: []
2024-12-15 13:59:09 INFO  o.a.k.c.c.i.ConsumerCoordinator - [Consumer clientId=consumer-auth_service-5, groupId=auth_service] Successfully joined group with generation Generation{generationId=1249, memberId='consumer-auth_service-5-c9fb3163-988b-4332-8c95-7cdf091216b3', protocol='range'}
2024-12-15 13:59:09 INFO  o.a.k.c.c.i.ConsumerCoordinator - [Consumer clientId=consumer-auth_service-7, groupId=auth_service] Successfully joined group with generation Generation{generationId=1249, memberId='consumer-auth_service-7-aec6a232-5d11-4628-8805-aeb184df882d', protocol='range'}
2024-12-15 13:59:09 INFO  o.a.k.c.c.i.ConsumerCoordinator - [Consumer clientId=consumer-auth_service-6, groupId=auth_service] Successfully joined group with generation Generation{generationId=1249, memberId='consumer-auth_service-6-756ef59c-0ed1-4a13-b249-99ffa7411e0a', protocol='range'}
2024-12-15 13:59:09 INFO  o.a.k.c.c.i.ConsumerCoordinator - [Consumer clientId=consumer-auth_service-4, groupId=auth_service] Successfully joined group with generation Generation{generationId=1249, memberId='consumer-auth_service-4-3349bd36-f656-4e08-985d-84cc223bfa0d', protocol='range'}
2024-12-15 13:59:09 INFO  o.a.k.c.c.i.ConsumerCoordinator - [Consumer clientId=consumer-auth_service-3, groupId=auth_service] Successfully joined group with generation Generation{generationId=1249, memberId='consumer-auth_service-3-976c4041-ea33-4bad-bef8-16d1899df7aa', protocol='range'}
2024-12-15 13:59:09 INFO  o.a.k.c.c.i.ConsumerCoordinator - [Consumer clientId=consumer-auth_service-2, groupId=auth_service] Successfully joined group with generation Generation{generationId=1249, memberId='consumer-auth_service-2-9695a9a7-ba35-4ea4-afe9-dee629eddd76', protocol='range'}
2024-12-15 13:59:09 INFO  o.a.k.c.c.i.ConsumerCoordinator - [Consumer clientId=consumer-auth_service-1, groupId=auth_service] Successfully joined group with generation Generation{generationId=1249, memberId='consumer-auth_service-1-2b316919-22f3-4b58-b21d-dcb3f65b528e', protocol='range'}
2024-12-15 13:59:09 INFO  o.a.k.c.c.i.ConsumerCoordinator - [Consumer clientId=consumer-auth_service-8, groupId=auth_service] Successfully joined group with generation Generation{generationId=1249, memberId='consumer-auth_service-8-e906da7a-34f9-4b45-9755-c23b235eb051', protocol='range'}
2024-12-15 13:59:09 INFO  o.a.k.c.c.i.ConsumerCoordinator - [Consumer clientId=consumer-auth_service-3, groupId=auth_service] Finished assignment for group at generation 1249: {consumer-auth_service-2-9695a9a7-ba35-4ea4-afe9-dee629eddd76=Assignment(partitions=[profile-0]), consumer-auth_service-3-976c4041-ea33-4bad-bef8-16d1899df7aa=Assignment(partitions=[stop-0]), consumer-auth_service-5-c9fb3163-988b-4332-8c95-7cdf091216b3=Assignment(partitions=[getLink-0]), consumer-auth_service-4-3349bd36-f656-4e08-985d-84cc223bfa0d=Assignment(partitions=[status-0]), consumer-auth_service-7-aec6a232-5d11-4628-8805-aeb184df882d=Assignment(partitions=[filter-0]), consumer-auth_service-6-756ef59c-0ed1-4a13-b249-99ffa7411e0a=Assignment(partitions=[registry-0]), consumer-auth_service-8-e906da7a-34f9-4b45-9755-c23b235eb051=Assignment(partitions=[start-0]), consumer-auth_service-1-2b316919-22f3-4b58-b21d-dcb3f65b528e=Assignment(partitions=[ping-0])}
2024-12-15 13:59:09 INFO  o.a.k.c.c.i.ConsumerCoordinator - [Consumer clientId=consumer-auth_service-7, groupId=auth_service] Successfully synced group in generation Generation{generationId=1249, memberId='consumer-auth_service-7-aec6a232-5d11-4628-8805-aeb184df882d', protocol='range'}
2024-12-15 13:59:09 INFO  o.a.k.c.c.i.ConsumerCoordinator - [Consumer clientId=consumer-auth_service-5, groupId=auth_service] Successfully synced group in generation Generation{generationId=1249, memberId='consumer-auth_service-5-c9fb3163-988b-4332-8c95-7cdf091216b3', protocol='range'}
2024-12-15 13:59:09 INFO  o.a.k.c.c.i.ConsumerCoordinator - [Consumer clientId=consumer-auth_service-4, groupId=auth_service] Successfully synced group in generation Generation{generationId=1249, memberId='consumer-auth_service-4-3349bd36-f656-4e08-985d-84cc223bfa0d', protocol='range'}
2024-12-15 13:59:09 INFO  o.a.k.c.c.i.ConsumerCoordinator - [Consumer clientId=consumer-auth_service-3, groupId=auth_service] Successfully synced group in generation Generation{generationId=1249, memberId='consumer-auth_service-3-976c4041-ea33-4bad-bef8-16d1899df7aa', protocol='range'}
2024-12-15 13:59:09 INFO  o.a.k.c.c.i.ConsumerCoordinator - [Consumer clientId=consumer-auth_service-6, groupId=auth_service] Successfully synced group in generation Generation{generationId=1249, memberId='consumer-auth_service-6-756ef59c-0ed1-4a13-b249-99ffa7411e0a', protocol='range'}
2024-12-15 13:59:09 INFO  o.a.k.c.c.i.ConsumerCoordinator - [Consumer clientId=consumer-auth_service-6, groupId=auth_service] Notifying assignor about the new Assignment(partitions=[registry-0])
2024-12-15 13:59:09 INFO  o.a.k.c.c.i.ConsumerCoordinator - [Consumer clientId=consumer-auth_service-4, groupId=auth_service] Notifying assignor about the new Assignment(partitions=[status-0])
2024-12-15 13:59:09 INFO  o.a.k.c.c.i.ConsumerCoordinator - [Consumer clientId=consumer-auth_service-7, groupId=auth_service] Notifying assignor about the new Assignment(partitions=[filter-0])
2024-12-15 13:59:09 INFO  o.a.k.c.c.i.ConsumerCoordinator - [Consumer clientId=consumer-auth_service-5, groupId=auth_service] Notifying assignor about the new Assignment(partitions=[getLink-0])
2024-12-15 13:59:09 INFO  o.a.k.c.c.i.ConsumerCoordinator - [Consumer clientId=consumer-auth_service-3, groupId=auth_service] Notifying assignor about the new Assignment(partitions=[stop-0])
2024-12-15 13:59:09 INFO  o.a.k.c.c.i.ConsumerRebalanceListenerInvoker - [Consumer clientId=consumer-auth_service-7, groupId=auth_service] Adding newly assigned partitions: filter-0
2024-12-15 13:59:09 INFO  o.a.k.c.c.i.ConsumerRebalanceListenerInvoker - [Consumer clientId=consumer-auth_service-6, groupId=auth_service] Adding newly assigned partitions: registry-0
2024-12-15 13:59:09 INFO  o.a.k.c.c.i.ConsumerRebalanceListenerInvoker - [Consumer clientId=consumer-auth_service-5, groupId=auth_service] Adding newly assigned partitions: getLink-0
2024-12-15 13:59:09 INFO  o.a.k.c.c.i.ConsumerRebalanceListenerInvoker - [Consumer clientId=consumer-auth_service-3, groupId=auth_service] Adding newly assigned partitions: stop-0
2024-12-15 13:59:09 INFO  o.a.k.c.c.i.ConsumerRebalanceListenerInvoker - [Consumer clientId=consumer-auth_service-4, groupId=auth_service] Adding newly assigned partitions: status-0
2024-12-15 13:59:09 INFO  o.a.k.c.c.i.ConsumerCoordinator - [Consumer clientId=consumer-auth_service-2, groupId=auth_service] Successfully synced group in generation Generation{generationId=1249, memberId='consumer-auth_service-2-9695a9a7-ba35-4ea4-afe9-dee629eddd76', protocol='range'}
2024-12-15 13:59:09 INFO  o.a.k.c.c.i.ConsumerCoordinator - [Consumer clientId=consumer-auth_service-2, groupId=auth_service] Notifying assignor about the new Assignment(partitions=[profile-0])
2024-12-15 13:59:09 INFO  o.a.k.c.c.i.ConsumerRebalanceListenerInvoker - [Consumer clientId=consumer-auth_service-2, groupId=auth_service] Adding newly assigned partitions: profile-0
2024-12-15 13:59:09 INFO  o.a.k.c.c.i.ConsumerCoordinator - [Consumer clientId=consumer-auth_service-8, groupId=auth_service] Successfully synced group in generation Generation{generationId=1249, memberId='consumer-auth_service-8-e906da7a-34f9-4b45-9755-c23b235eb051', protocol='range'}
2024-12-15 13:59:09 INFO  o.a.k.c.c.i.ConsumerCoordinator - [Consumer clientId=consumer-auth_service-1, groupId=auth_service] Successfully synced group in generation Generation{generationId=1249, memberId='consumer-auth_service-1-2b316919-22f3-4b58-b21d-dcb3f65b528e', protocol='range'}
2024-12-15 13:59:09 INFO  o.a.k.c.c.i.ConsumerCoordinator - [Consumer clientId=consumer-auth_service-8, groupId=auth_service] Notifying assignor about the new Assignment(partitions=[start-0])
2024-12-15 13:59:09 INFO  o.a.k.c.c.i.ConsumerRebalanceListenerInvoker - [Consumer clientId=consumer-auth_service-8, groupId=auth_service] Adding newly assigned partitions: start-0
2024-12-15 13:59:09 INFO  o.a.k.c.c.i.ConsumerCoordinator - [Consumer clientId=consumer-auth_service-1, groupId=auth_service] Notifying assignor about the new Assignment(partitions=[ping-0])
2024-12-15 13:59:09 INFO  o.a.k.c.c.i.ConsumerRebalanceListenerInvoker - [Consumer clientId=consumer-auth_service-1, groupId=auth_service] Adding newly assigned partitions: ping-0
2024-12-15 13:59:10 INFO  o.a.k.c.c.internals.ConsumerUtils - Setting offset for partition getLink-0 to the committed offset FetchPosition{offset=86, offsetEpoch=Optional.empty, currentLeader=LeaderAndEpoch{leader=Optional[37.194.168.90:9092 (id: 1 rack: null)], epoch=0}}
2024-12-15 13:59:10 INFO  o.a.k.c.c.internals.ConsumerUtils - Setting offset for partition registry-0 to the committed offset FetchPosition{offset=143, offsetEpoch=Optional.empty, currentLeader=LeaderAndEpoch{leader=Optional[37.194.168.90:9092 (id: 1 rack: null)], epoch=0}}
2024-12-15 13:59:10 INFO  o.a.k.c.c.internals.ConsumerUtils - Setting offset for partition stop-0 to the committed offset FetchPosition{offset=20, offsetEpoch=Optional.empty, currentLeader=LeaderAndEpoch{leader=Optional[37.194.168.90:9092 (id: 1 rack: null)], epoch=0}}
2024-12-15 13:59:10 INFO  o.a.k.c.c.internals.ConsumerUtils - Setting offset for partition filter-0 to the committed offset FetchPosition{offset=62, offsetEpoch=Optional.empty, currentLeader=LeaderAndEpoch{leader=Optional[37.194.168.90:9092 (id: 1 rack: null)], epoch=0}}
2024-12-15 13:59:10 INFO  o.a.k.c.c.internals.ConsumerUtils - Setting offset for partition status-0 to the committed offset FetchPosition{offset=85, offsetEpoch=Optional.empty, currentLeader=LeaderAndEpoch{leader=Optional[37.194.168.90:9092 (id: 1 rack: null)], epoch=0}}
2024-12-15 13:59:10 INFO  o.a.k.c.c.internals.ConsumerUtils - Setting offset for partition ping-0 to the committed offset FetchPosition{offset=1142, offsetEpoch=Optional.empty, currentLeader=LeaderAndEpoch{leader=Optional[37.194.168.90:9092 (id: 1 rack: null)], epoch=0}}
2024-12-15 13:59:10 INFO  o.a.k.c.c.internals.ConsumerUtils - Setting offset for partition start-0 to the committed offset FetchPosition{offset=243, offsetEpoch=Optional.empty, currentLeader=LeaderAndEpoch{leader=Optional[37.194.168.90:9092 (id: 1 rack: null)], epoch=0}}
2024-12-15 13:59:10 INFO  o.s.k.l.KafkaMessageListenerContainer - auth_service: partitions assigned: [ping-0]
2024-12-15 13:59:10 INFO  o.a.k.c.c.internals.ConsumerUtils - Setting offset for partition profile-0 to the committed offset FetchPosition{offset=60, offsetEpoch=Optional.empty, currentLeader=LeaderAndEpoch{leader=Optional[37.194.168.90:9092 (id: 1 rack: null)], epoch=0}}
2024-12-15 13:59:10 INFO  o.s.k.l.KafkaMessageListenerContainer - auth_service: partitions assigned: [getLink-0]
2024-12-15 13:59:10 INFO  o.s.k.l.KafkaMessageListenerContainer - auth_service: partitions assigned: [registry-0]
2024-12-15 13:59:10 INFO  o.s.k.l.KafkaMessageListenerContainer - auth_service: partitions assigned: [status-0]
2024-12-15 13:59:10 INFO  o.s.k.l.KafkaMessageListenerContainer - auth_service: partitions assigned: [stop-0]
2024-12-15 13:59:10 INFO  o.s.k.l.KafkaMessageListenerContainer - auth_service: partitions assigned: [filter-0]
2024-12-15 13:59:10 INFO  o.s.k.l.KafkaMessageListenerContainer - auth_service: partitions assigned: [start-0]
2024-12-15 13:59:10 INFO  o.s.k.l.KafkaMessageListenerContainer - auth_service: partitions assigned: [profile-0]
2024-12-15 14:00:32 INFO  o.a.k.c.c.i.ConsumerRebalanceListenerInvoker - [Consumer clientId=consumer-auth_service-1, groupId=auth_service] Revoke previously assigned partitions ping-0
2024-12-15 14:00:32 INFO  o.a.k.c.c.i.ConsumerRebalanceListenerInvoker - [Consumer clientId=consumer-auth_service-2, groupId=auth_service] Revoke previously assigned partitions profile-0
2024-12-15 14:00:32 INFO  o.a.k.c.c.i.ConsumerRebalanceListenerInvoker - [Consumer clientId=consumer-auth_service-5, groupId=auth_service] Revoke previously assigned partitions getLink-0
2024-12-15 14:00:32 INFO  o.a.k.c.c.i.ConsumerRebalanceListenerInvoker - [Consumer clientId=consumer-auth_service-8, groupId=auth_service] Revoke previously assigned partitions start-0
2024-12-15 14:00:32 INFO  o.a.k.c.c.i.ConsumerRebalanceListenerInvoker - [Consumer clientId=consumer-auth_service-4, groupId=auth_service] Revoke previously assigned partitions status-0
2024-12-15 14:00:32 INFO  o.a.k.c.c.i.ConsumerRebalanceListenerInvoker - [Consumer clientId=consumer-auth_service-3, groupId=auth_service] Revoke previously assigned partitions stop-0
2024-12-15 14:00:32 INFO  o.a.k.c.c.i.ConsumerRebalanceListenerInvoker - [Consumer clientId=consumer-auth_service-6, groupId=auth_service] Revoke previously assigned partitions registry-0
2024-12-15 14:00:32 INFO  o.a.k.c.c.i.ConsumerRebalanceListenerInvoker - [Consumer clientId=consumer-auth_service-7, groupId=auth_service] Revoke previously assigned partitions filter-0
2024-12-15 14:00:32 INFO  o.s.k.l.KafkaMessageListenerContainer - auth_service: partitions revoked: [getLink-0]
2024-12-15 14:00:32 INFO  o.s.k.l.KafkaMessageListenerContainer - auth_service: partitions revoked: [profile-0]
2024-12-15 14:00:32 INFO  o.s.k.l.KafkaMessageListenerContainer - auth_service: partitions revoked: [filter-0]
2024-12-15 14:00:32 INFO  o.s.k.l.KafkaMessageListenerContainer - auth_service: partitions revoked: [registry-0]
2024-12-15 14:00:32 INFO  o.s.k.l.KafkaMessageListenerContainer - auth_service: partitions revoked: [start-0]
2024-12-15 14:00:32 INFO  o.s.k.l.KafkaMessageListenerContainer - auth_service: partitions revoked: [stop-0]
2024-12-15 14:00:32 INFO  o.s.k.l.KafkaMessageListenerContainer - auth_service: partitions revoked: [status-0]
2024-12-15 14:00:32 INFO  o.s.k.l.KafkaMessageListenerContainer - auth_service: partitions revoked: [ping-0]
2024-12-15 14:00:32 INFO  o.a.k.c.c.i.ConsumerCoordinator - [Consumer clientId=consumer-auth_service-8, groupId=auth_service] Member consumer-auth_service-8-e906da7a-34f9-4b45-9755-c23b235eb051 sending LeaveGroup request to coordinator 37.194.168.90:9092 (id: 2147483646 rack: null) due to the consumer unsubscribed from all topics
2024-12-15 14:00:32 INFO  o.a.k.c.c.i.ConsumerCoordinator - [Consumer clientId=consumer-auth_service-4, groupId=auth_service] Member consumer-auth_service-4-3349bd36-f656-4e08-985d-84cc223bfa0d sending LeaveGroup request to coordinator 37.194.168.90:9092 (id: 2147483646 rack: null) due to the consumer unsubscribed from all topics
2024-12-15 14:00:32 INFO  o.a.k.c.c.i.ConsumerCoordinator - [Consumer clientId=consumer-auth_service-3, groupId=auth_service] Member consumer-auth_service-3-976c4041-ea33-4bad-bef8-16d1899df7aa sending LeaveGroup request to coordinator 37.194.168.90:9092 (id: 2147483646 rack: null) due to the consumer unsubscribed from all topics
2024-12-15 14:00:32 INFO  o.a.k.c.c.i.ConsumerCoordinator - [Consumer clientId=consumer-auth_service-1, groupId=auth_service] Member consumer-auth_service-1-2b316919-22f3-4b58-b21d-dcb3f65b528e sending LeaveGroup request to coordinator 37.194.168.90:9092 (id: 2147483646 rack: null) due to the consumer unsubscribed from all topics
2024-12-15 14:00:32 INFO  o.a.k.c.c.i.ConsumerCoordinator - [Consumer clientId=consumer-auth_service-5, groupId=auth_service] Member consumer-auth_service-5-c9fb3163-988b-4332-8c95-7cdf091216b3 sending LeaveGroup request to coordinator 37.194.168.90:9092 (id: 2147483646 rack: null) due to the consumer unsubscribed from all topics
2024-12-15 14:00:32 INFO  o.a.k.c.c.i.ConsumerCoordinator - [Consumer clientId=consumer-auth_service-2, groupId=auth_service] Member consumer-auth_service-2-9695a9a7-ba35-4ea4-afe9-dee629eddd76 sending LeaveGroup request to coordinator 37.194.168.90:9092 (id: 2147483646 rack: null) due to the consumer unsubscribed from all topics
2024-12-15 14:00:32 INFO  o.a.k.c.c.i.ConsumerCoordinator - [Consumer clientId=consumer-auth_service-6, groupId=auth_service] Member consumer-auth_service-6-756ef59c-0ed1-4a13-b249-99ffa7411e0a sending LeaveGroup request to coordinator 37.194.168.90:9092 (id: 2147483646 rack: null) due to the consumer unsubscribed from all topics
2024-12-15 14:00:32 INFO  o.a.k.c.c.i.ConsumerCoordinator - [Consumer clientId=consumer-auth_service-7, groupId=auth_service] Member consumer-auth_service-7-aec6a232-5d11-4628-8805-aeb184df882d sending LeaveGroup request to coordinator 37.194.168.90:9092 (id: 2147483646 rack: null) due to the consumer unsubscribed from all topics
2024-12-15 14:00:32 INFO  o.a.k.c.c.i.ConsumerCoordinator - [Consumer clientId=consumer-auth_service-2, groupId=auth_service] Resetting generation and member id due to: consumer pro-actively leaving the group
2024-12-15 14:00:32 INFO  o.a.k.c.c.i.ConsumerCoordinator - [Consumer clientId=consumer-auth_service-7, groupId=auth_service] Resetting generation and member id due to: consumer pro-actively leaving the group
2024-12-15 14:00:32 INFO  o.a.k.c.c.i.ConsumerCoordinator - [Consumer clientId=consumer-auth_service-4, groupId=auth_service] Resetting generation and member id due to: consumer pro-actively leaving the group
2024-12-15 14:00:32 INFO  o.a.k.c.c.i.ConsumerCoordinator - [Consumer clientId=consumer-auth_service-7, groupId=auth_service] Request joining group due to: consumer pro-actively leaving the group
2024-12-15 14:00:32 INFO  o.a.k.c.c.i.ConsumerCoordinator - [Consumer clientId=consumer-auth_service-6, groupId=auth_service] Resetting generation and member id due to: consumer pro-actively leaving the group
2024-12-15 14:00:32 INFO  o.a.k.c.c.i.ConsumerCoordinator - [Consumer clientId=consumer-auth_service-8, groupId=auth_service] Resetting generation and member id due to: consumer pro-actively leaving the group
2024-12-15 14:00:32 INFO  o.a.k.c.c.i.ConsumerCoordinator - [Consumer clientId=consumer-auth_service-5, groupId=auth_service] Resetting generation and member id due to: consumer pro-actively leaving the group
2024-12-15 14:00:32 INFO  o.a.k.c.c.i.ConsumerCoordinator - [Consumer clientId=consumer-auth_service-1, groupId=auth_service] Resetting generation and member id due to: consumer pro-actively leaving the group
2024-12-15 14:00:32 INFO  o.a.k.c.c.i.ConsumerCoordinator - [Consumer clientId=consumer-auth_service-3, groupId=auth_service] Resetting generation and member id due to: consumer pro-actively leaving the group
2024-12-15 14:00:32 INFO  o.a.k.c.c.i.ConsumerCoordinator - [Consumer clientId=consumer-auth_service-1, groupId=auth_service] Request joining group due to: consumer pro-actively leaving the group
2024-12-15 14:00:32 INFO  o.a.k.c.c.i.ConsumerCoordinator - [Consumer clientId=consumer-auth_service-2, groupId=auth_service] Request joining group due to: consumer pro-actively leaving the group
2024-12-15 14:00:32 INFO  o.a.k.c.c.i.ConsumerCoordinator - [Consumer clientId=consumer-auth_service-3, groupId=auth_service] Request joining group due to: consumer pro-actively leaving the group
2024-12-15 14:00:32 INFO  o.a.k.c.c.i.ConsumerCoordinator - [Consumer clientId=consumer-auth_service-4, groupId=auth_service] Request joining group due to: consumer pro-actively leaving the group
2024-12-15 14:00:32 INFO  o.a.k.c.c.i.LegacyKafkaConsumer - [Consumer clientId=consumer-auth_service-7, groupId=auth_service] Unsubscribed all topics or patterns and assigned partitions
2024-12-15 14:00:32 INFO  o.a.k.c.c.i.ConsumerCoordinator - [Consumer clientId=consumer-auth_service-6, groupId=auth_service] Request joining group due to: consumer pro-actively leaving the group
2024-12-15 14:00:32 INFO  o.a.k.c.c.i.ConsumerCoordinator - [Consumer clientId=consumer-auth_service-8, groupId=auth_service] Request joining group due to: consumer pro-actively leaving the group
2024-12-15 14:00:32 INFO  o.a.k.c.c.i.LegacyKafkaConsumer - [Consumer clientId=consumer-auth_service-6, groupId=auth_service] Unsubscribed all topics or patterns and assigned partitions
2024-12-15 14:00:32 INFO  o.a.k.c.c.i.ConsumerCoordinator - [Consumer clientId=consumer-auth_service-5, groupId=auth_service] Request joining group due to: consumer pro-actively leaving the group
2024-12-15 14:00:32 INFO  o.a.k.c.c.i.LegacyKafkaConsumer - [Consumer clientId=consumer-auth_service-1, groupId=auth_service] Unsubscribed all topics or patterns and assigned partitions
2024-12-15 14:00:32 INFO  o.a.k.c.c.i.LegacyKafkaConsumer - [Consumer clientId=consumer-auth_service-2, groupId=auth_service] Unsubscribed all topics or patterns and assigned partitions
2024-12-15 14:00:32 INFO  o.a.k.c.c.i.LegacyKafkaConsumer - [Consumer clientId=consumer-auth_service-3, groupId=auth_service] Unsubscribed all topics or patterns and assigned partitions
2024-12-15 14:00:32 INFO  o.a.k.c.c.i.LegacyKafkaConsumer - [Consumer clientId=consumer-auth_service-4, groupId=auth_service] Unsubscribed all topics or patterns and assigned partitions
2024-12-15 14:00:32 INFO  o.a.k.c.c.i.LegacyKafkaConsumer - [Consumer clientId=consumer-auth_service-8, groupId=auth_service] Unsubscribed all topics or patterns and assigned partitions
2024-12-15 14:00:32 INFO  o.a.k.c.c.i.LegacyKafkaConsumer - [Consumer clientId=consumer-auth_service-5, groupId=auth_service] Unsubscribed all topics or patterns and assigned partitions
2024-12-15 14:00:32 INFO  o.a.k.c.c.i.ConsumerCoordinator - [Consumer clientId=consumer-auth_service-3, groupId=auth_service] Resetting generation and member id due to: consumer pro-actively leaving the group
2024-12-15 14:00:32 INFO  o.a.k.c.c.i.ConsumerCoordinator - [Consumer clientId=consumer-auth_service-4, groupId=auth_service] Resetting generation and member id due to: consumer pro-actively leaving the group
2024-12-15 14:00:32 INFO  o.a.k.c.c.i.ConsumerCoordinator - [Consumer clientId=consumer-auth_service-5, groupId=auth_service] Resetting generation and member id due to: consumer pro-actively leaving the group
2024-12-15 14:00:32 INFO  o.a.k.c.c.i.ConsumerCoordinator - [Consumer clientId=consumer-auth_service-4, groupId=auth_service] Request joining group due to: consumer pro-actively leaving the group
2024-12-15 14:00:32 INFO  o.a.k.c.c.i.ConsumerCoordinator - [Consumer clientId=consumer-auth_service-7, groupId=auth_service] Resetting generation and member id due to: consumer pro-actively leaving the group
2024-12-15 14:00:32 INFO  o.a.k.c.c.i.ConsumerCoordinator - [Consumer clientId=consumer-auth_service-7, groupId=auth_service] Request joining group due to: consumer pro-actively leaving the group
2024-12-15 14:00:32 INFO  o.a.k.c.c.i.ConsumerCoordinator - [Consumer clientId=consumer-auth_service-2, groupId=auth_service] Resetting generation and member id due to: consumer pro-actively leaving the group
2024-12-15 14:00:32 INFO  o.a.k.c.c.i.ConsumerCoordinator - [Consumer clientId=consumer-auth_service-1, groupId=auth_service] Resetting generation and member id due to: consumer pro-actively leaving the group
2024-12-15 14:00:32 INFO  o.a.k.c.c.i.ConsumerCoordinator - [Consumer clientId=consumer-auth_service-8, groupId=auth_service] Resetting generation and member id due to: consumer pro-actively leaving the group
2024-12-15 14:00:32 INFO  o.a.k.c.c.i.ConsumerCoordinator - [Consumer clientId=consumer-auth_service-6, groupId=auth_service] Resetting generation and member id due to: consumer pro-actively leaving the group
2024-12-15 14:00:32 INFO  o.a.k.c.c.i.ConsumerCoordinator - [Consumer clientId=consumer-auth_service-3, groupId=auth_service] Request joining group due to: consumer pro-actively leaving the group
2024-12-15 14:00:32 INFO  o.a.k.c.c.i.ConsumerCoordinator - [Consumer clientId=consumer-auth_service-6, groupId=auth_service] Request joining group due to: consumer pro-actively leaving the group
2024-12-15 14:00:32 INFO  o.a.k.c.c.i.ConsumerCoordinator - [Consumer clientId=consumer-auth_service-5, groupId=auth_service] Request joining group due to: consumer pro-actively leaving the group
2024-12-15 14:00:32 INFO  o.a.k.c.c.i.ConsumerCoordinator - [Consumer clientId=consumer-auth_service-2, groupId=auth_service] Request joining group due to: consumer pro-actively leaving the group
2024-12-15 14:00:32 INFO  o.a.k.c.c.i.ConsumerCoordinator - [Consumer clientId=consumer-auth_service-1, groupId=auth_service] Request joining group due to: consumer pro-actively leaving the group
2024-12-15 14:00:32 INFO  o.a.k.c.c.i.ConsumerCoordinator - [Consumer clientId=consumer-auth_service-8, groupId=auth_service] Request joining group due to: consumer pro-actively leaving the group
2024-12-15 14:00:32 INFO  o.a.kafka.common.metrics.Metrics - Metrics scheduler closed
2024-12-15 14:00:32 INFO  o.a.kafka.common.metrics.Metrics - Closing reporter org.apache.kafka.common.metrics.JmxReporter
2024-12-15 14:00:32 INFO  o.a.kafka.common.metrics.Metrics - Closing reporter org.apache.kafka.common.telemetry.internals.ClientTelemetryReporter
2024-12-15 14:00:32 INFO  o.a.kafka.common.metrics.Metrics - Metrics reporters closed
2024-12-15 14:00:32 INFO  o.a.kafka.common.utils.AppInfoParser - App info kafka.consumer for consumer-auth_service-3 unregistered
2024-12-15 14:00:32 INFO  o.s.k.l.KafkaMessageListenerContainer - auth_service: Consumer stopped
2024-12-15 14:00:33 INFO  o.a.kafka.common.metrics.Metrics - Metrics scheduler closed
2024-12-15 14:00:33 INFO  o.a.kafka.common.metrics.Metrics - Metrics scheduler closed
2024-12-15 14:00:33 INFO  o.a.kafka.common.metrics.Metrics - Metrics scheduler closed
2024-12-15 14:00:33 INFO  o.a.kafka.common.metrics.Metrics - Closing reporter org.apache.kafka.common.metrics.JmxReporter
2024-12-15 14:00:33 INFO  o.a.kafka.common.metrics.Metrics - Closing reporter org.apache.kafka.common.metrics.JmxReporter
2024-12-15 14:00:33 INFO  o.a.kafka.common.metrics.Metrics - Closing reporter org.apache.kafka.common.metrics.JmxReporter
2024-12-15 14:00:33 INFO  o.a.kafka.common.metrics.Metrics - Closing reporter org.apache.kafka.common.telemetry.internals.ClientTelemetryReporter
2024-12-15 14:00:33 INFO  o.a.kafka.common.metrics.Metrics - Closing reporter org.apache.kafka.common.telemetry.internals.ClientTelemetryReporter
2024-12-15 14:00:33 INFO  o.a.kafka.common.metrics.Metrics - Closing reporter org.apache.kafka.common.telemetry.internals.ClientTelemetryReporter
2024-12-15 14:00:33 INFO  o.a.kafka.common.metrics.Metrics - Metrics reporters closed
2024-12-15 14:00:33 INFO  o.a.kafka.common.metrics.Metrics - Metrics reporters closed
2024-12-15 14:00:33 INFO  o.a.kafka.common.metrics.Metrics - Metrics reporters closed
2024-12-15 14:00:33 INFO  o.a.kafka.common.metrics.Metrics - Metrics scheduler closed
2024-12-15 14:00:33 INFO  o.a.kafka.common.metrics.Metrics - Closing reporter org.apache.kafka.common.metrics.JmxReporter
2024-12-15 14:00:33 INFO  o.a.kafka.common.metrics.Metrics - Closing reporter org.apache.kafka.common.telemetry.internals.ClientTelemetryReporter
2024-12-15 14:00:33 INFO  o.a.kafka.common.metrics.Metrics - Metrics reporters closed
2024-12-15 14:00:33 INFO  o.a.kafka.common.metrics.Metrics - Metrics scheduler closed
2024-12-15 14:00:33 INFO  o.a.kafka.common.utils.AppInfoParser - App info kafka.consumer for consumer-auth_service-6 unregistered
2024-12-15 14:00:33 INFO  o.a.kafka.common.metrics.Metrics - Closing reporter org.apache.kafka.common.metrics.JmxReporter
2024-12-15 14:00:33 INFO  o.a.kafka.common.metrics.Metrics - Closing reporter org.apache.kafka.common.telemetry.internals.ClientTelemetryReporter
2024-12-15 14:00:33 INFO  o.a.kafka.common.metrics.Metrics - Metrics reporters closed
2024-12-15 14:00:33 INFO  o.s.k.l.KafkaMessageListenerContainer - auth_service: Consumer stopped
2024-12-15 14:00:33 INFO  o.a.kafka.common.metrics.Metrics - Metrics scheduler closed
2024-12-15 14:00:33 INFO  o.a.kafka.common.metrics.Metrics - Closing reporter org.apache.kafka.common.metrics.JmxReporter
2024-12-15 14:00:33 INFO  o.a.kafka.common.metrics.Metrics - Closing reporter org.apache.kafka.common.telemetry.internals.ClientTelemetryReporter
2024-12-15 14:00:33 INFO  o.a.kafka.common.metrics.Metrics - Metrics reporters closed
2024-12-15 14:00:33 INFO  o.a.kafka.common.metrics.Metrics - Metrics scheduler closed
2024-12-15 14:00:33 INFO  o.a.kafka.common.metrics.Metrics - Closing reporter org.apache.kafka.common.metrics.JmxReporter
2024-12-15 14:00:33 INFO  o.a.kafka.common.utils.AppInfoParser - App info kafka.consumer for consumer-auth_service-1 unregistered
2024-12-15 14:00:33 INFO  o.s.k.l.KafkaMessageListenerContainer - auth_service: Consumer stopped
2024-12-15 14:00:33 INFO  o.a.kafka.common.utils.AppInfoParser - App info kafka.consumer for consumer-auth_service-5 unregistered
2024-12-15 14:00:33 INFO  o.s.k.l.KafkaMessageListenerContainer - auth_service: Consumer stopped
2024-12-15 14:00:33 INFO  o.a.kafka.common.metrics.Metrics - Closing reporter org.apache.kafka.common.telemetry.internals.ClientTelemetryReporter
2024-12-15 14:00:33 INFO  o.a.kafka.common.metrics.Metrics - Metrics reporters closed
2024-12-15 14:00:33 INFO  o.a.kafka.common.utils.AppInfoParser - App info kafka.consumer for consumer-auth_service-8 unregistered
2024-12-15 14:00:33 INFO  o.s.k.l.KafkaMessageListenerContainer - auth_service: Consumer stopped
2024-12-15 14:00:33 INFO  o.a.kafka.common.utils.AppInfoParser - App info kafka.consumer for consumer-auth_service-2 unregistered
2024-12-15 14:00:33 INFO  o.s.k.l.KafkaMessageListenerContainer - auth_service: Consumer stopped
2024-12-15 14:00:33 INFO  o.a.kafka.common.utils.AppInfoParser - App info kafka.consumer for consumer-auth_service-7 unregistered
2024-12-15 14:00:33 INFO  o.s.k.l.KafkaMessageListenerContainer - auth_service: Consumer stopped
2024-12-15 14:00:33 INFO  o.a.kafka.common.utils.AppInfoParser - App info kafka.consumer for consumer-auth_service-4 unregistered
2024-12-15 14:00:33 INFO  o.s.k.l.KafkaMessageListenerContainer - auth_service: Consumer stopped
2024-12-15 14:00:35 INFO  o.s.o.j.LocalContainerEntityManagerFactoryBean - Closing JPA EntityManagerFactory for persistence unit 'default'
2024-12-15 14:00:35 INFO  com.zaxxer.hikari.HikariDataSource - HikariPool-1 - Shutdown initiated...
2024-12-15 14:00:35 INFO  c.e.demo.HhRecruiterApplicationKt - Starting HhRecruiterApplicationKt using Java 17.0.13 with PID 77524 (/Users/macygabr/Projects/hhRecruiter/build/classes/kotlin/main started by macygabr in /Users/macygabr/Projects/hhRecruiter)
2024-12-15 14:00:35 DEBUG c.e.demo.HhRecruiterApplicationKt - Running with Spring Boot v3.3.4, Spring v6.1.13
2024-12-15 14:00:35 INFO  c.e.demo.HhRecruiterApplicationKt - No active profile set, falling back to 1 default profile: "default"
2024-12-15 14:00:36 INFO  o.s.d.r.c.RepositoryConfigurationDelegate - Bootstrapping Spring Data JPA repositories in DEFAULT mode.
2024-12-15 14:00:36 INFO  o.s.d.r.c.RepositoryConfigurationDelegate - Finished Spring Data repository scanning in 106 ms. Found 4 JPA repository interfaces.
2024-12-15 14:00:36 INFO  o.s.b.w.e.tomcat.TomcatWebServer - Tomcat initialized with port 8080 (http)
2024-12-15 14:00:36 INFO  o.a.coyote.http11.Http11NioProtocol - Initializing ProtocolHandler ["http-nio-8080"]
2024-12-15 14:00:36 INFO  o.a.catalina.core.StandardService - Starting service [Tomcat]
2024-12-15 14:00:36 INFO  o.a.catalina.core.StandardEngine - Starting Servlet engine: [Apache Tomcat/10.1.30]
2024-12-15 14:00:36 INFO  o.a.c.c.C.[Tomcat].[localhost].[/] - Initializing Spring embedded WebApplicationContext
2024-12-15 14:00:36 INFO  o.s.b.w.s.c.ServletWebServerApplicationContext - Root WebApplicationContext: initialization completed in 1179 ms
2024-12-15 14:00:36 INFO  o.h.jpa.internal.util.LogHelper - HHH000204: Processing PersistenceUnitInfo [name: default]
2024-12-15 14:00:36 INFO  org.hibernate.Version - HHH000412: Hibernate ORM core version 6.5.3.Final
2024-12-15 14:00:36 INFO  o.h.c.i.RegionFactoryInitiator - HHH000026: Second-level cache disabled
2024-12-15 14:00:37 INFO  o.s.o.j.p.SpringPersistenceUnitInfo - No LoadTimeWeaver setup: ignoring JPA class transformer
2024-12-15 14:00:37 INFO  com.zaxxer.hikari.HikariDataSource - HikariPool-1 - Starting...
2024-12-15 14:00:37 INFO  com.zaxxer.hikari.HikariDataSource - HikariPool-1 - Shutdown completed.
2024-12-15 14:00:38 INFO  com.zaxxer.hikari.pool.HikariPool - HikariPool-1 - Added connection org.postgresql.jdbc.PgConnection@3a6b94b6
2024-12-15 14:00:38 INFO  com.zaxxer.hikari.HikariDataSource - HikariPool-1 - Start completed.
2024-12-15 14:00:40 INFO  o.h.e.t.j.p.i.JtaPlatformInitiator - HHH000489: No JTA platform available (set 'hibernate.transaction.jta.platform' to enable JTA platform integration)
2024-12-15 14:00:43 INFO  o.s.o.j.LocalContainerEntityManagerFactoryBean - Initialized JPA EntityManagerFactory for persistence unit 'default'
2024-12-15 14:00:44 WARN  o.s.b.a.o.j.JpaBaseConfiguration$JpaWebConfiguration - spring.jpa.open-in-view is enabled by default. Therefore, database queries may be performed during view rendering. Explicitly configure spring.jpa.open-in-view to disable this warning
2024-12-15 14:00:44 INFO  o.a.coyote.http11.Http11NioProtocol - Starting ProtocolHandler ["http-nio-8080"]
2024-12-15 14:00:44 INFO  o.s.b.w.e.tomcat.TomcatWebServer - Tomcat started on port 8080 (http) with context path '/'
2024-12-15 14:00:44 INFO  o.a.k.c.consumer.ConsumerConfig - ConsumerConfig values: 
	allow.auto.create.topics = true
	auto.commit.interval.ms = 5000
	auto.include.jmx.reporter = true
	auto.offset.reset = latest
	bootstrap.servers = [37.194.168.90:9092]
	check.crcs = true
	client.dns.lookup = use_all_dns_ips
	client.id = consumer-auth_service-1
	client.rack = 
	connections.max.idle.ms = 540000
	default.api.timeout.ms = 60000
	enable.auto.commit = false
	enable.metrics.push = true
	exclude.internal.topics = true
	fetch.max.bytes = 52428800
	fetch.max.wait.ms = 500
	fetch.min.bytes = 1
	group.id = auth_service
	group.instance.id = null
	group.protocol = classic
	group.remote.assignor = null
	heartbeat.interval.ms = 3000
	interceptor.classes = []
	internal.leave.group.on.close = true
	internal.throw.on.fetch.stable.offset.unsupported = false
	isolation.level = read_uncommitted
	key.deserializer = class org.apache.kafka.common.serialization.StringDeserializer
	max.partition.fetch.bytes = 1048576
	max.poll.interval.ms = 300000
	max.poll.records = 500
	metadata.max.age.ms = 300000
	metric.reporters = []
	metrics.num.samples = 2
	metrics.recording.level = INFO
	metrics.sample.window.ms = 30000
	partition.assignment.strategy = [class org.apache.kafka.clients.consumer.RangeAssignor, class org.apache.kafka.clients.consumer.CooperativeStickyAssignor]
	receive.buffer.bytes = 65536
	reconnect.backoff.max.ms = 1000
	reconnect.backoff.ms = 50
	request.timeout.ms = 30000
	retry.backoff.max.ms = 1000
	retry.backoff.ms = 100
	sasl.client.callback.handler.class = null
	sasl.jaas.config = null
	sasl.kerberos.kinit.cmd = /usr/bin/kinit
	sasl.kerberos.min.time.before.relogin = 60000
	sasl.kerberos.service.name = null
	sasl.kerberos.ticket.renew.jitter = 0.05
	sasl.kerberos.ticket.renew.window.factor = 0.8
	sasl.login.callback.handler.class = null
	sasl.login.class = null
	sasl.login.connect.timeout.ms = null
	sasl.login.read.timeout.ms = null
	sasl.login.refresh.buffer.seconds = 300
	sasl.login.refresh.min.period.seconds = 60
	sasl.login.refresh.window.factor = 0.8
	sasl.login.refresh.window.jitter = 0.05
	sasl.login.retry.backoff.max.ms = 10000
	sasl.login.retry.backoff.ms = 100
	sasl.mechanism = GSSAPI
	sasl.oauthbearer.clock.skew.seconds = 30
	sasl.oauthbearer.expected.audience = null
	sasl.oauthbearer.expected.issuer = null
	sasl.oauthbearer.jwks.endpoint.refresh.ms = 3600000
	sasl.oauthbearer.jwks.endpoint.retry.backoff.max.ms = 10000
	sasl.oauthbearer.jwks.endpoint.retry.backoff.ms = 100
	sasl.oauthbearer.jwks.endpoint.url = null
	sasl.oauthbearer.scope.claim.name = scope
	sasl.oauthbearer.sub.claim.name = sub
	sasl.oauthbearer.token.endpoint.url = null
	security.protocol = PLAINTEXT
	security.providers = null
	send.buffer.bytes = 131072
	session.timeout.ms = 45000
	socket.connection.setup.timeout.max.ms = 30000
	socket.connection.setup.timeout.ms = 10000
	ssl.cipher.suites = null
	ssl.enabled.protocols = [TLSv1.2, TLSv1.3]
	ssl.endpoint.identification.algorithm = https
	ssl.engine.factory.class = null
	ssl.key.password = null
	ssl.keymanager.algorithm = SunX509
	ssl.keystore.certificate.chain = null
	ssl.keystore.key = null
	ssl.keystore.location = null
	ssl.keystore.password = null
	ssl.keystore.type = JKS
	ssl.protocol = TLSv1.3
	ssl.provider = null
	ssl.secure.random.implementation = null
	ssl.trustmanager.algorithm = PKIX
	ssl.truststore.certificates = null
	ssl.truststore.location = null
	ssl.truststore.password = null
	ssl.truststore.type = JKS
	value.deserializer = class org.apache.kafka.common.serialization.StringDeserializer

2024-12-15 14:00:44 INFO  o.a.k.c.t.i.KafkaMetricsCollector - initializing Kafka metrics collector
2024-12-15 14:00:44 INFO  o.a.kafka.common.utils.AppInfoParser - Kafka version: 3.7.1
2024-12-15 14:00:44 INFO  o.a.kafka.common.utils.AppInfoParser - Kafka commitId: e2494e6ffb89f828
2024-12-15 14:00:44 INFO  o.a.kafka.common.utils.AppInfoParser - Kafka startTimeMs: 1734246044731
2024-12-15 14:00:44 INFO  o.a.k.c.c.i.LegacyKafkaConsumer - [Consumer clientId=consumer-auth_service-1, groupId=auth_service] Subscribed to topic(s): ping
2024-12-15 14:00:44 INFO  o.a.k.c.consumer.ConsumerConfig - ConsumerConfig values: 
	allow.auto.create.topics = true
	auto.commit.interval.ms = 5000
	auto.include.jmx.reporter = true
	auto.offset.reset = latest
	bootstrap.servers = [37.194.168.90:9092]
	check.crcs = true
	client.dns.lookup = use_all_dns_ips
	client.id = consumer-auth_service-2
	client.rack = 
	connections.max.idle.ms = 540000
	default.api.timeout.ms = 60000
	enable.auto.commit = false
	enable.metrics.push = true
	exclude.internal.topics = true
	fetch.max.bytes = 52428800
	fetch.max.wait.ms = 500
	fetch.min.bytes = 1
	group.id = auth_service
	group.instance.id = null
	group.protocol = classic
	group.remote.assignor = null
	heartbeat.interval.ms = 3000
	interceptor.classes = []
	internal.leave.group.on.close = true
	internal.throw.on.fetch.stable.offset.unsupported = false
	isolation.level = read_uncommitted
	key.deserializer = class org.apache.kafka.common.serialization.StringDeserializer
	max.partition.fetch.bytes = 1048576
	max.poll.interval.ms = 300000
	max.poll.records = 500
	metadata.max.age.ms = 300000
	metric.reporters = []
	metrics.num.samples = 2
	metrics.recording.level = INFO
	metrics.sample.window.ms = 30000
	partition.assignment.strategy = [class org.apache.kafka.clients.consumer.RangeAssignor, class org.apache.kafka.clients.consumer.CooperativeStickyAssignor]
	receive.buffer.bytes = 65536
	reconnect.backoff.max.ms = 1000
	reconnect.backoff.ms = 50
	request.timeout.ms = 30000
	retry.backoff.max.ms = 1000
	retry.backoff.ms = 100
	sasl.client.callback.handler.class = null
	sasl.jaas.config = null
	sasl.kerberos.kinit.cmd = /usr/bin/kinit
	sasl.kerberos.min.time.before.relogin = 60000
	sasl.kerberos.service.name = null
	sasl.kerberos.ticket.renew.jitter = 0.05
	sasl.kerberos.ticket.renew.window.factor = 0.8
	sasl.login.callback.handler.class = null
	sasl.login.class = null
	sasl.login.connect.timeout.ms = null
	sasl.login.read.timeout.ms = null
	sasl.login.refresh.buffer.seconds = 300
	sasl.login.refresh.min.period.seconds = 60
	sasl.login.refresh.window.factor = 0.8
	sasl.login.refresh.window.jitter = 0.05
	sasl.login.retry.backoff.max.ms = 10000
	sasl.login.retry.backoff.ms = 100
	sasl.mechanism = GSSAPI
	sasl.oauthbearer.clock.skew.seconds = 30
	sasl.oauthbearer.expected.audience = null
	sasl.oauthbearer.expected.issuer = null
	sasl.oauthbearer.jwks.endpoint.refresh.ms = 3600000
	sasl.oauthbearer.jwks.endpoint.retry.backoff.max.ms = 10000
	sasl.oauthbearer.jwks.endpoint.retry.backoff.ms = 100
	sasl.oauthbearer.jwks.endpoint.url = null
	sasl.oauthbearer.scope.claim.name = scope
	sasl.oauthbearer.sub.claim.name = sub
	sasl.oauthbearer.token.endpoint.url = null
	security.protocol = PLAINTEXT
	security.providers = null
	send.buffer.bytes = 131072
	session.timeout.ms = 45000
	socket.connection.setup.timeout.max.ms = 30000
	socket.connection.setup.timeout.ms = 10000
	ssl.cipher.suites = null
	ssl.enabled.protocols = [TLSv1.2, TLSv1.3]
	ssl.endpoint.identification.algorithm = https
	ssl.engine.factory.class = null
	ssl.key.password = null
	ssl.keymanager.algorithm = SunX509
	ssl.keystore.certificate.chain = null
	ssl.keystore.key = null
	ssl.keystore.location = null
	ssl.keystore.password = null
	ssl.keystore.type = JKS
	ssl.protocol = TLSv1.3
	ssl.provider = null
	ssl.secure.random.implementation = null
	ssl.trustmanager.algorithm = PKIX
	ssl.truststore.certificates = null
	ssl.truststore.location = null
	ssl.truststore.password = null
	ssl.truststore.type = JKS
	value.deserializer = class org.apache.kafka.common.serialization.StringDeserializer

2024-12-15 14:00:44 INFO  o.a.k.c.t.i.KafkaMetricsCollector - initializing Kafka metrics collector
2024-12-15 14:00:44 INFO  o.a.kafka.common.utils.AppInfoParser - Kafka version: 3.7.1
2024-12-15 14:00:44 INFO  o.a.kafka.common.utils.AppInfoParser - Kafka commitId: e2494e6ffb89f828
2024-12-15 14:00:44 INFO  o.a.kafka.common.utils.AppInfoParser - Kafka startTimeMs: 1734246044744
2024-12-15 14:00:44 INFO  o.a.k.c.c.i.LegacyKafkaConsumer - [Consumer clientId=consumer-auth_service-2, groupId=auth_service] Subscribed to topic(s): profile
2024-12-15 14:00:44 INFO  o.a.k.c.consumer.ConsumerConfig - ConsumerConfig values: 
	allow.auto.create.topics = true
	auto.commit.interval.ms = 5000
	auto.include.jmx.reporter = true
	auto.offset.reset = latest
	bootstrap.servers = [37.194.168.90:9092]
	check.crcs = true
	client.dns.lookup = use_all_dns_ips
	client.id = consumer-auth_service-3
	client.rack = 
	connections.max.idle.ms = 540000
	default.api.timeout.ms = 60000
	enable.auto.commit = false
	enable.metrics.push = true
	exclude.internal.topics = true
	fetch.max.bytes = 52428800
	fetch.max.wait.ms = 500
	fetch.min.bytes = 1
	group.id = auth_service
	group.instance.id = null
	group.protocol = classic
	group.remote.assignor = null
	heartbeat.interval.ms = 3000
	interceptor.classes = []
	internal.leave.group.on.close = true
	internal.throw.on.fetch.stable.offset.unsupported = false
	isolation.level = read_uncommitted
	key.deserializer = class org.apache.kafka.common.serialization.StringDeserializer
	max.partition.fetch.bytes = 1048576
	max.poll.interval.ms = 300000
	max.poll.records = 500
	metadata.max.age.ms = 300000
	metric.reporters = []
	metrics.num.samples = 2
	metrics.recording.level = INFO
	metrics.sample.window.ms = 30000
	partition.assignment.strategy = [class org.apache.kafka.clients.consumer.RangeAssignor, class org.apache.kafka.clients.consumer.CooperativeStickyAssignor]
	receive.buffer.bytes = 65536
	reconnect.backoff.max.ms = 1000
	reconnect.backoff.ms = 50
	request.timeout.ms = 30000
	retry.backoff.max.ms = 1000
	retry.backoff.ms = 100
	sasl.client.callback.handler.class = null
	sasl.jaas.config = null
	sasl.kerberos.kinit.cmd = /usr/bin/kinit
	sasl.kerberos.min.time.before.relogin = 60000
	sasl.kerberos.service.name = null
	sasl.kerberos.ticket.renew.jitter = 0.05
	sasl.kerberos.ticket.renew.window.factor = 0.8
	sasl.login.callback.handler.class = null
	sasl.login.class = null
	sasl.login.connect.timeout.ms = null
	sasl.login.read.timeout.ms = null
	sasl.login.refresh.buffer.seconds = 300
	sasl.login.refresh.min.period.seconds = 60
	sasl.login.refresh.window.factor = 0.8
	sasl.login.refresh.window.jitter = 0.05
	sasl.login.retry.backoff.max.ms = 10000
	sasl.login.retry.backoff.ms = 100
	sasl.mechanism = GSSAPI
	sasl.oauthbearer.clock.skew.seconds = 30
	sasl.oauthbearer.expected.audience = null
	sasl.oauthbearer.expected.issuer = null
	sasl.oauthbearer.jwks.endpoint.refresh.ms = 3600000
	sasl.oauthbearer.jwks.endpoint.retry.backoff.max.ms = 10000
	sasl.oauthbearer.jwks.endpoint.retry.backoff.ms = 100
	sasl.oauthbearer.jwks.endpoint.url = null
	sasl.oauthbearer.scope.claim.name = scope
	sasl.oauthbearer.sub.claim.name = sub
	sasl.oauthbearer.token.endpoint.url = null
	security.protocol = PLAINTEXT
	security.providers = null
	send.buffer.bytes = 131072
	session.timeout.ms = 45000
	socket.connection.setup.timeout.max.ms = 30000
	socket.connection.setup.timeout.ms = 10000
	ssl.cipher.suites = null
	ssl.enabled.protocols = [TLSv1.2, TLSv1.3]
	ssl.endpoint.identification.algorithm = https
	ssl.engine.factory.class = null
	ssl.key.password = null
	ssl.keymanager.algorithm = SunX509
	ssl.keystore.certificate.chain = null
	ssl.keystore.key = null
	ssl.keystore.location = null
	ssl.keystore.password = null
	ssl.keystore.type = JKS
	ssl.protocol = TLSv1.3
	ssl.provider = null
	ssl.secure.random.implementation = null
	ssl.trustmanager.algorithm = PKIX
	ssl.truststore.certificates = null
	ssl.truststore.location = null
	ssl.truststore.password = null
	ssl.truststore.type = JKS
	value.deserializer = class org.apache.kafka.common.serialization.StringDeserializer

2024-12-15 14:00:44 INFO  o.a.k.c.t.i.KafkaMetricsCollector - initializing Kafka metrics collector
2024-12-15 14:00:44 INFO  o.a.kafka.common.utils.AppInfoParser - Kafka version: 3.7.1
2024-12-15 14:00:44 INFO  o.a.kafka.common.utils.AppInfoParser - Kafka commitId: e2494e6ffb89f828
2024-12-15 14:00:44 INFO  o.a.kafka.common.utils.AppInfoParser - Kafka startTimeMs: 1734246044750
2024-12-15 14:00:44 INFO  o.a.k.c.c.i.LegacyKafkaConsumer - [Consumer clientId=consumer-auth_service-3, groupId=auth_service] Subscribed to topic(s): stop
2024-12-15 14:00:44 INFO  o.a.k.c.consumer.ConsumerConfig - ConsumerConfig values: 
	allow.auto.create.topics = true
	auto.commit.interval.ms = 5000
	auto.include.jmx.reporter = true
	auto.offset.reset = latest
	bootstrap.servers = [37.194.168.90:9092]
	check.crcs = true
	client.dns.lookup = use_all_dns_ips
	client.id = consumer-auth_service-4
	client.rack = 
	connections.max.idle.ms = 540000
	default.api.timeout.ms = 60000
	enable.auto.commit = false
	enable.metrics.push = true
	exclude.internal.topics = true
	fetch.max.bytes = 52428800
	fetch.max.wait.ms = 500
	fetch.min.bytes = 1
	group.id = auth_service
	group.instance.id = null
	group.protocol = classic
	group.remote.assignor = null
	heartbeat.interval.ms = 3000
	interceptor.classes = []
	internal.leave.group.on.close = true
	internal.throw.on.fetch.stable.offset.unsupported = false
	isolation.level = read_uncommitted
	key.deserializer = class org.apache.kafka.common.serialization.StringDeserializer
	max.partition.fetch.bytes = 1048576
	max.poll.interval.ms = 300000
	max.poll.records = 500
	metadata.max.age.ms = 300000
	metric.reporters = []
	metrics.num.samples = 2
	metrics.recording.level = INFO
	metrics.sample.window.ms = 30000
	partition.assignment.strategy = [class org.apache.kafka.clients.consumer.RangeAssignor, class org.apache.kafka.clients.consumer.CooperativeStickyAssignor]
	receive.buffer.bytes = 65536
	reconnect.backoff.max.ms = 1000
	reconnect.backoff.ms = 50
	request.timeout.ms = 30000
	retry.backoff.max.ms = 1000
	retry.backoff.ms = 100
	sasl.client.callback.handler.class = null
	sasl.jaas.config = null
	sasl.kerberos.kinit.cmd = /usr/bin/kinit
	sasl.kerberos.min.time.before.relogin = 60000
	sasl.kerberos.service.name = null
	sasl.kerberos.ticket.renew.jitter = 0.05
	sasl.kerberos.ticket.renew.window.factor = 0.8
	sasl.login.callback.handler.class = null
	sasl.login.class = null
	sasl.login.connect.timeout.ms = null
	sasl.login.read.timeout.ms = null
	sasl.login.refresh.buffer.seconds = 300
	sasl.login.refresh.min.period.seconds = 60
	sasl.login.refresh.window.factor = 0.8
	sasl.login.refresh.window.jitter = 0.05
	sasl.login.retry.backoff.max.ms = 10000
	sasl.login.retry.backoff.ms = 100
	sasl.mechanism = GSSAPI
	sasl.oauthbearer.clock.skew.seconds = 30
	sasl.oauthbearer.expected.audience = null
	sasl.oauthbearer.expected.issuer = null
	sasl.oauthbearer.jwks.endpoint.refresh.ms = 3600000
	sasl.oauthbearer.jwks.endpoint.retry.backoff.max.ms = 10000
	sasl.oauthbearer.jwks.endpoint.retry.backoff.ms = 100
	sasl.oauthbearer.jwks.endpoint.url = null
	sasl.oauthbearer.scope.claim.name = scope
	sasl.oauthbearer.sub.claim.name = sub
	sasl.oauthbearer.token.endpoint.url = null
	security.protocol = PLAINTEXT
	security.providers = null
	send.buffer.bytes = 131072
	session.timeout.ms = 45000
	socket.connection.setup.timeout.max.ms = 30000
	socket.connection.setup.timeout.ms = 10000
	ssl.cipher.suites = null
	ssl.enabled.protocols = [TLSv1.2, TLSv1.3]
	ssl.endpoint.identification.algorithm = https
	ssl.engine.factory.class = null
	ssl.key.password = null
	ssl.keymanager.algorithm = SunX509
	ssl.keystore.certificate.chain = null
	ssl.keystore.key = null
	ssl.keystore.location = null
	ssl.keystore.password = null
	ssl.keystore.type = JKS
	ssl.protocol = TLSv1.3
	ssl.provider = null
	ssl.secure.random.implementation = null
	ssl.trustmanager.algorithm = PKIX
	ssl.truststore.certificates = null
	ssl.truststore.location = null
	ssl.truststore.password = null
	ssl.truststore.type = JKS
	value.deserializer = class org.apache.kafka.common.serialization.StringDeserializer

2024-12-15 14:00:44 INFO  o.a.k.c.t.i.KafkaMetricsCollector - initializing Kafka metrics collector
2024-12-15 14:00:44 INFO  o.a.kafka.common.utils.AppInfoParser - Kafka version: 3.7.1
2024-12-15 14:00:44 INFO  o.a.kafka.common.utils.AppInfoParser - Kafka commitId: e2494e6ffb89f828
2024-12-15 14:00:44 INFO  o.a.kafka.common.utils.AppInfoParser - Kafka startTimeMs: 1734246044756
2024-12-15 14:00:44 INFO  o.a.k.c.c.i.LegacyKafkaConsumer - [Consumer clientId=consumer-auth_service-4, groupId=auth_service] Subscribed to topic(s): status
2024-12-15 14:00:44 INFO  o.a.k.c.consumer.ConsumerConfig - ConsumerConfig values: 
	allow.auto.create.topics = true
	auto.commit.interval.ms = 5000
	auto.include.jmx.reporter = true
	auto.offset.reset = latest
	bootstrap.servers = [37.194.168.90:9092]
	check.crcs = true
	client.dns.lookup = use_all_dns_ips
	client.id = consumer-auth_service-5
	client.rack = 
	connections.max.idle.ms = 540000
	default.api.timeout.ms = 60000
	enable.auto.commit = false
	enable.metrics.push = true
	exclude.internal.topics = true
	fetch.max.bytes = 52428800
	fetch.max.wait.ms = 500
	fetch.min.bytes = 1
	group.id = auth_service
	group.instance.id = null
	group.protocol = classic
	group.remote.assignor = null
	heartbeat.interval.ms = 3000
	interceptor.classes = []
	internal.leave.group.on.close = true
	internal.throw.on.fetch.stable.offset.unsupported = false
	isolation.level = read_uncommitted
	key.deserializer = class org.apache.kafka.common.serialization.StringDeserializer
	max.partition.fetch.bytes = 1048576
	max.poll.interval.ms = 300000
	max.poll.records = 500
	metadata.max.age.ms = 300000
	metric.reporters = []
	metrics.num.samples = 2
	metrics.recording.level = INFO
	metrics.sample.window.ms = 30000
	partition.assignment.strategy = [class org.apache.kafka.clients.consumer.RangeAssignor, class org.apache.kafka.clients.consumer.CooperativeStickyAssignor]
	receive.buffer.bytes = 65536
	reconnect.backoff.max.ms = 1000
	reconnect.backoff.ms = 50
	request.timeout.ms = 30000
	retry.backoff.max.ms = 1000
	retry.backoff.ms = 100
	sasl.client.callback.handler.class = null
	sasl.jaas.config = null
	sasl.kerberos.kinit.cmd = /usr/bin/kinit
	sasl.kerberos.min.time.before.relogin = 60000
	sasl.kerberos.service.name = null
	sasl.kerberos.ticket.renew.jitter = 0.05
	sasl.kerberos.ticket.renew.window.factor = 0.8
	sasl.login.callback.handler.class = null
	sasl.login.class = null
	sasl.login.connect.timeout.ms = null
	sasl.login.read.timeout.ms = null
	sasl.login.refresh.buffer.seconds = 300
	sasl.login.refresh.min.period.seconds = 60
	sasl.login.refresh.window.factor = 0.8
	sasl.login.refresh.window.jitter = 0.05
	sasl.login.retry.backoff.max.ms = 10000
	sasl.login.retry.backoff.ms = 100
	sasl.mechanism = GSSAPI
	sasl.oauthbearer.clock.skew.seconds = 30
	sasl.oauthbearer.expected.audience = null
	sasl.oauthbearer.expected.issuer = null
	sasl.oauthbearer.jwks.endpoint.refresh.ms = 3600000
	sasl.oauthbearer.jwks.endpoint.retry.backoff.max.ms = 10000
	sasl.oauthbearer.jwks.endpoint.retry.backoff.ms = 100
	sasl.oauthbearer.jwks.endpoint.url = null
	sasl.oauthbearer.scope.claim.name = scope
	sasl.oauthbearer.sub.claim.name = sub
	sasl.oauthbearer.token.endpoint.url = null
	security.protocol = PLAINTEXT
	security.providers = null
	send.buffer.bytes = 131072
	session.timeout.ms = 45000
	socket.connection.setup.timeout.max.ms = 30000
	socket.connection.setup.timeout.ms = 10000
	ssl.cipher.suites = null
	ssl.enabled.protocols = [TLSv1.2, TLSv1.3]
	ssl.endpoint.identification.algorithm = https
	ssl.engine.factory.class = null
	ssl.key.password = null
	ssl.keymanager.algorithm = SunX509
	ssl.keystore.certificate.chain = null
	ssl.keystore.key = null
	ssl.keystore.location = null
	ssl.keystore.password = null
	ssl.keystore.type = JKS
	ssl.protocol = TLSv1.3
	ssl.provider = null
	ssl.secure.random.implementation = null
	ssl.trustmanager.algorithm = PKIX
	ssl.truststore.certificates = null
	ssl.truststore.location = null
	ssl.truststore.password = null
	ssl.truststore.type = JKS
	value.deserializer = class org.apache.kafka.common.serialization.StringDeserializer

2024-12-15 14:00:44 INFO  o.a.k.c.t.i.KafkaMetricsCollector - initializing Kafka metrics collector
2024-12-15 14:00:44 INFO  o.a.kafka.common.utils.AppInfoParser - Kafka version: 3.7.1
2024-12-15 14:00:44 INFO  o.a.kafka.common.utils.AppInfoParser - Kafka commitId: e2494e6ffb89f828
2024-12-15 14:00:44 INFO  o.a.kafka.common.utils.AppInfoParser - Kafka startTimeMs: 1734246044761
2024-12-15 14:00:44 INFO  o.a.k.c.c.i.LegacyKafkaConsumer - [Consumer clientId=consumer-auth_service-5, groupId=auth_service] Subscribed to topic(s): getLink
2024-12-15 14:00:44 INFO  o.a.k.c.consumer.ConsumerConfig - ConsumerConfig values: 
	allow.auto.create.topics = true
	auto.commit.interval.ms = 5000
	auto.include.jmx.reporter = true
	auto.offset.reset = latest
	bootstrap.servers = [37.194.168.90:9092]
	check.crcs = true
	client.dns.lookup = use_all_dns_ips
	client.id = consumer-auth_service-6
	client.rack = 
	connections.max.idle.ms = 540000
	default.api.timeout.ms = 60000
	enable.auto.commit = false
	enable.metrics.push = true
	exclude.internal.topics = true
	fetch.max.bytes = 52428800
	fetch.max.wait.ms = 500
	fetch.min.bytes = 1
	group.id = auth_service
	group.instance.id = null
	group.protocol = classic
	group.remote.assignor = null
	heartbeat.interval.ms = 3000
	interceptor.classes = []
	internal.leave.group.on.close = true
	internal.throw.on.fetch.stable.offset.unsupported = false
	isolation.level = read_uncommitted
	key.deserializer = class org.apache.kafka.common.serialization.StringDeserializer
	max.partition.fetch.bytes = 1048576
	max.poll.interval.ms = 300000
	max.poll.records = 500
	metadata.max.age.ms = 300000
	metric.reporters = []
	metrics.num.samples = 2
	metrics.recording.level = INFO
	metrics.sample.window.ms = 30000
	partition.assignment.strategy = [class org.apache.kafka.clients.consumer.RangeAssignor, class org.apache.kafka.clients.consumer.CooperativeStickyAssignor]
	receive.buffer.bytes = 65536
	reconnect.backoff.max.ms = 1000
	reconnect.backoff.ms = 50
	request.timeout.ms = 30000
	retry.backoff.max.ms = 1000
	retry.backoff.ms = 100
	sasl.client.callback.handler.class = null
	sasl.jaas.config = null
	sasl.kerberos.kinit.cmd = /usr/bin/kinit
	sasl.kerberos.min.time.before.relogin = 60000
	sasl.kerberos.service.name = null
	sasl.kerberos.ticket.renew.jitter = 0.05
	sasl.kerberos.ticket.renew.window.factor = 0.8
	sasl.login.callback.handler.class = null
	sasl.login.class = null
	sasl.login.connect.timeout.ms = null
	sasl.login.read.timeout.ms = null
	sasl.login.refresh.buffer.seconds = 300
	sasl.login.refresh.min.period.seconds = 60
	sasl.login.refresh.window.factor = 0.8
	sasl.login.refresh.window.jitter = 0.05
	sasl.login.retry.backoff.max.ms = 10000
	sasl.login.retry.backoff.ms = 100
	sasl.mechanism = GSSAPI
	sasl.oauthbearer.clock.skew.seconds = 30
	sasl.oauthbearer.expected.audience = null
	sasl.oauthbearer.expected.issuer = null
	sasl.oauthbearer.jwks.endpoint.refresh.ms = 3600000
	sasl.oauthbearer.jwks.endpoint.retry.backoff.max.ms = 10000
	sasl.oauthbearer.jwks.endpoint.retry.backoff.ms = 100
	sasl.oauthbearer.jwks.endpoint.url = null
	sasl.oauthbearer.scope.claim.name = scope
	sasl.oauthbearer.sub.claim.name = sub
	sasl.oauthbearer.token.endpoint.url = null
	security.protocol = PLAINTEXT
	security.providers = null
	send.buffer.bytes = 131072
	session.timeout.ms = 45000
	socket.connection.setup.timeout.max.ms = 30000
	socket.connection.setup.timeout.ms = 10000
	ssl.cipher.suites = null
	ssl.enabled.protocols = [TLSv1.2, TLSv1.3]
	ssl.endpoint.identification.algorithm = https
	ssl.engine.factory.class = null
	ssl.key.password = null
	ssl.keymanager.algorithm = SunX509
	ssl.keystore.certificate.chain = null
	ssl.keystore.key = null
	ssl.keystore.location = null
	ssl.keystore.password = null
	ssl.keystore.type = JKS
	ssl.protocol = TLSv1.3
	ssl.provider = null
	ssl.secure.random.implementation = null
	ssl.trustmanager.algorithm = PKIX
	ssl.truststore.certificates = null
	ssl.truststore.location = null
	ssl.truststore.password = null
	ssl.truststore.type = JKS
	value.deserializer = class org.apache.kafka.common.serialization.StringDeserializer

2024-12-15 14:00:44 INFO  o.a.k.c.t.i.KafkaMetricsCollector - initializing Kafka metrics collector
2024-12-15 14:00:44 INFO  o.a.kafka.common.utils.AppInfoParser - Kafka version: 3.7.1
2024-12-15 14:00:44 INFO  o.a.kafka.common.utils.AppInfoParser - Kafka commitId: e2494e6ffb89f828
2024-12-15 14:00:44 INFO  o.a.kafka.common.utils.AppInfoParser - Kafka startTimeMs: 1734246044766
2024-12-15 14:00:44 INFO  o.a.k.c.c.i.LegacyKafkaConsumer - [Consumer clientId=consumer-auth_service-6, groupId=auth_service] Subscribed to topic(s): registry
2024-12-15 14:00:44 INFO  o.a.k.c.consumer.ConsumerConfig - ConsumerConfig values: 
	allow.auto.create.topics = true
	auto.commit.interval.ms = 5000
	auto.include.jmx.reporter = true
	auto.offset.reset = latest
	bootstrap.servers = [37.194.168.90:9092]
	check.crcs = true
	client.dns.lookup = use_all_dns_ips
	client.id = consumer-auth_service-7
	client.rack = 
	connections.max.idle.ms = 540000
	default.api.timeout.ms = 60000
	enable.auto.commit = false
	enable.metrics.push = true
	exclude.internal.topics = true
	fetch.max.bytes = 52428800
	fetch.max.wait.ms = 500
	fetch.min.bytes = 1
	group.id = auth_service
	group.instance.id = null
	group.protocol = classic
	group.remote.assignor = null
	heartbeat.interval.ms = 3000
	interceptor.classes = []
	internal.leave.group.on.close = true
	internal.throw.on.fetch.stable.offset.unsupported = false
	isolation.level = read_uncommitted
	key.deserializer = class org.apache.kafka.common.serialization.StringDeserializer
	max.partition.fetch.bytes = 1048576
	max.poll.interval.ms = 300000
	max.poll.records = 500
	metadata.max.age.ms = 300000
	metric.reporters = []
	metrics.num.samples = 2
	metrics.recording.level = INFO
	metrics.sample.window.ms = 30000
	partition.assignment.strategy = [class org.apache.kafka.clients.consumer.RangeAssignor, class org.apache.kafka.clients.consumer.CooperativeStickyAssignor]
	receive.buffer.bytes = 65536
	reconnect.backoff.max.ms = 1000
	reconnect.backoff.ms = 50
	request.timeout.ms = 30000
	retry.backoff.max.ms = 1000
	retry.backoff.ms = 100
	sasl.client.callback.handler.class = null
	sasl.jaas.config = null
	sasl.kerberos.kinit.cmd = /usr/bin/kinit
	sasl.kerberos.min.time.before.relogin = 60000
	sasl.kerberos.service.name = null
	sasl.kerberos.ticket.renew.jitter = 0.05
	sasl.kerberos.ticket.renew.window.factor = 0.8
	sasl.login.callback.handler.class = null
	sasl.login.class = null
	sasl.login.connect.timeout.ms = null
	sasl.login.read.timeout.ms = null
	sasl.login.refresh.buffer.seconds = 300
	sasl.login.refresh.min.period.seconds = 60
	sasl.login.refresh.window.factor = 0.8
	sasl.login.refresh.window.jitter = 0.05
	sasl.login.retry.backoff.max.ms = 10000
	sasl.login.retry.backoff.ms = 100
	sasl.mechanism = GSSAPI
	sasl.oauthbearer.clock.skew.seconds = 30
	sasl.oauthbearer.expected.audience = null
	sasl.oauthbearer.expected.issuer = null
	sasl.oauthbearer.jwks.endpoint.refresh.ms = 3600000
	sasl.oauthbearer.jwks.endpoint.retry.backoff.max.ms = 10000
	sasl.oauthbearer.jwks.endpoint.retry.backoff.ms = 100
	sasl.oauthbearer.jwks.endpoint.url = null
	sasl.oauthbearer.scope.claim.name = scope
	sasl.oauthbearer.sub.claim.name = sub
	sasl.oauthbearer.token.endpoint.url = null
	security.protocol = PLAINTEXT
	security.providers = null
	send.buffer.bytes = 131072
	session.timeout.ms = 45000
	socket.connection.setup.timeout.max.ms = 30000
	socket.connection.setup.timeout.ms = 10000
	ssl.cipher.suites = null
	ssl.enabled.protocols = [TLSv1.2, TLSv1.3]
	ssl.endpoint.identification.algorithm = https
	ssl.engine.factory.class = null
	ssl.key.password = null
	ssl.keymanager.algorithm = SunX509
	ssl.keystore.certificate.chain = null
	ssl.keystore.key = null
	ssl.keystore.location = null
	ssl.keystore.password = null
	ssl.keystore.type = JKS
	ssl.protocol = TLSv1.3
	ssl.provider = null
	ssl.secure.random.implementation = null
	ssl.trustmanager.algorithm = PKIX
	ssl.truststore.certificates = null
	ssl.truststore.location = null
	ssl.truststore.password = null
	ssl.truststore.type = JKS
	value.deserializer = class org.apache.kafka.common.serialization.StringDeserializer

2024-12-15 14:00:44 INFO  o.a.k.c.t.i.KafkaMetricsCollector - initializing Kafka metrics collector
2024-12-15 14:00:44 INFO  o.a.kafka.common.utils.AppInfoParser - Kafka version: 3.7.1
2024-12-15 14:00:44 INFO  o.a.kafka.common.utils.AppInfoParser - Kafka commitId: e2494e6ffb89f828
2024-12-15 14:00:44 INFO  o.a.kafka.common.utils.AppInfoParser - Kafka startTimeMs: 1734246044770
2024-12-15 14:00:44 INFO  o.a.k.c.c.i.LegacyKafkaConsumer - [Consumer clientId=consumer-auth_service-7, groupId=auth_service] Subscribed to topic(s): filter
2024-12-15 14:00:44 INFO  o.a.k.c.consumer.ConsumerConfig - ConsumerConfig values: 
	allow.auto.create.topics = true
	auto.commit.interval.ms = 5000
	auto.include.jmx.reporter = true
	auto.offset.reset = latest
	bootstrap.servers = [37.194.168.90:9092]
	check.crcs = true
	client.dns.lookup = use_all_dns_ips
	client.id = consumer-auth_service-8
	client.rack = 
	connections.max.idle.ms = 540000
	default.api.timeout.ms = 60000
	enable.auto.commit = false
	enable.metrics.push = true
	exclude.internal.topics = true
	fetch.max.bytes = 52428800
	fetch.max.wait.ms = 500
	fetch.min.bytes = 1
	group.id = auth_service
	group.instance.id = null
	group.protocol = classic
	group.remote.assignor = null
	heartbeat.interval.ms = 3000
	interceptor.classes = []
	internal.leave.group.on.close = true
	internal.throw.on.fetch.stable.offset.unsupported = false
	isolation.level = read_uncommitted
	key.deserializer = class org.apache.kafka.common.serialization.StringDeserializer
	max.partition.fetch.bytes = 1048576
	max.poll.interval.ms = 300000
	max.poll.records = 500
	metadata.max.age.ms = 300000
	metric.reporters = []
	metrics.num.samples = 2
	metrics.recording.level = INFO
	metrics.sample.window.ms = 30000
	partition.assignment.strategy = [class org.apache.kafka.clients.consumer.RangeAssignor, class org.apache.kafka.clients.consumer.CooperativeStickyAssignor]
	receive.buffer.bytes = 65536
	reconnect.backoff.max.ms = 1000
	reconnect.backoff.ms = 50
	request.timeout.ms = 30000
	retry.backoff.max.ms = 1000
	retry.backoff.ms = 100
	sasl.client.callback.handler.class = null
	sasl.jaas.config = null
	sasl.kerberos.kinit.cmd = /usr/bin/kinit
	sasl.kerberos.min.time.before.relogin = 60000
	sasl.kerberos.service.name = null
	sasl.kerberos.ticket.renew.jitter = 0.05
	sasl.kerberos.ticket.renew.window.factor = 0.8
	sasl.login.callback.handler.class = null
	sasl.login.class = null
	sasl.login.connect.timeout.ms = null
	sasl.login.read.timeout.ms = null
	sasl.login.refresh.buffer.seconds = 300
	sasl.login.refresh.min.period.seconds = 60
	sasl.login.refresh.window.factor = 0.8
	sasl.login.refresh.window.jitter = 0.05
	sasl.login.retry.backoff.max.ms = 10000
	sasl.login.retry.backoff.ms = 100
	sasl.mechanism = GSSAPI
	sasl.oauthbearer.clock.skew.seconds = 30
	sasl.oauthbearer.expected.audience = null
	sasl.oauthbearer.expected.issuer = null
	sasl.oauthbearer.jwks.endpoint.refresh.ms = 3600000
	sasl.oauthbearer.jwks.endpoint.retry.backoff.max.ms = 10000
	sasl.oauthbearer.jwks.endpoint.retry.backoff.ms = 100
	sasl.oauthbearer.jwks.endpoint.url = null
	sasl.oauthbearer.scope.claim.name = scope
	sasl.oauthbearer.sub.claim.name = sub
	sasl.oauthbearer.token.endpoint.url = null
	security.protocol = PLAINTEXT
	security.providers = null
	send.buffer.bytes = 131072
	session.timeout.ms = 45000
	socket.connection.setup.timeout.max.ms = 30000
	socket.connection.setup.timeout.ms = 10000
	ssl.cipher.suites = null
	ssl.enabled.protocols = [TLSv1.2, TLSv1.3]
	ssl.endpoint.identification.algorithm = https
	ssl.engine.factory.class = null
	ssl.key.password = null
	ssl.keymanager.algorithm = SunX509
	ssl.keystore.certificate.chain = null
	ssl.keystore.key = null
	ssl.keystore.location = null
	ssl.keystore.password = null
	ssl.keystore.type = JKS
	ssl.protocol = TLSv1.3
	ssl.provider = null
	ssl.secure.random.implementation = null
	ssl.trustmanager.algorithm = PKIX
	ssl.truststore.certificates = null
	ssl.truststore.location = null
	ssl.truststore.password = null
	ssl.truststore.type = JKS
	value.deserializer = class org.apache.kafka.common.serialization.StringDeserializer

2024-12-15 14:00:44 INFO  o.a.k.c.t.i.KafkaMetricsCollector - initializing Kafka metrics collector
2024-12-15 14:00:44 INFO  o.a.kafka.common.utils.AppInfoParser - Kafka version: 3.7.1
2024-12-15 14:00:44 INFO  o.a.kafka.common.utils.AppInfoParser - Kafka commitId: e2494e6ffb89f828
2024-12-15 14:00:44 INFO  o.a.kafka.common.utils.AppInfoParser - Kafka startTimeMs: 1734246044781
2024-12-15 14:00:44 INFO  o.a.k.c.c.i.LegacyKafkaConsumer - [Consumer clientId=consumer-auth_service-8, groupId=auth_service] Subscribed to topic(s): start
2024-12-15 14:00:44 INFO  c.e.demo.HhRecruiterApplicationKt - Started HhRecruiterApplicationKt in 9.425 seconds (process running for 9.827)
2024-12-15 14:00:44 INFO  c.e.demo.service.NotificationService - Запуск нотификации
2024-12-15 14:00:45 INFO  org.apache.kafka.clients.Metadata - [Consumer clientId=consumer-auth_service-1, groupId=auth_service] Cluster ID: rs0KtrdkQsGY2gwAHle7dQ
2024-12-15 14:00:45 INFO  org.apache.kafka.clients.Metadata - [Consumer clientId=consumer-auth_service-5, groupId=auth_service] Cluster ID: rs0KtrdkQsGY2gwAHle7dQ
2024-12-15 14:00:45 INFO  org.apache.kafka.clients.Metadata - [Consumer clientId=consumer-auth_service-2, groupId=auth_service] Cluster ID: rs0KtrdkQsGY2gwAHle7dQ
2024-12-15 14:00:45 INFO  org.apache.kafka.clients.Metadata - [Consumer clientId=consumer-auth_service-4, groupId=auth_service] Cluster ID: rs0KtrdkQsGY2gwAHle7dQ
2024-12-15 14:00:45 INFO  o.a.k.c.c.i.ConsumerCoordinator - [Consumer clientId=consumer-auth_service-2, groupId=auth_service] Discovered group coordinator 37.194.168.90:9092 (id: 2147483646 rack: null)
2024-12-15 14:00:45 INFO  o.a.k.c.c.i.ConsumerCoordinator - [Consumer clientId=consumer-auth_service-2, groupId=auth_service] (Re-)joining group
2024-12-15 14:00:45 INFO  org.apache.kafka.clients.Metadata - [Consumer clientId=consumer-auth_service-8, groupId=auth_service] Cluster ID: rs0KtrdkQsGY2gwAHle7dQ
2024-12-15 14:00:45 INFO  org.apache.kafka.clients.Metadata - [Consumer clientId=consumer-auth_service-3, groupId=auth_service] Cluster ID: rs0KtrdkQsGY2gwAHle7dQ
2024-12-15 14:00:45 INFO  org.apache.kafka.clients.Metadata - [Consumer clientId=consumer-auth_service-7, groupId=auth_service] Cluster ID: rs0KtrdkQsGY2gwAHle7dQ
2024-12-15 14:00:45 INFO  o.a.k.c.c.i.ConsumerCoordinator - [Consumer clientId=consumer-auth_service-4, groupId=auth_service] Discovered group coordinator 37.194.168.90:9092 (id: 2147483646 rack: null)
2024-12-15 14:00:45 INFO  o.a.k.c.c.i.ConsumerCoordinator - [Consumer clientId=consumer-auth_service-3, groupId=auth_service] Discovered group coordinator 37.194.168.90:9092 (id: 2147483646 rack: null)
2024-12-15 14:00:45 INFO  o.a.k.c.c.i.ConsumerCoordinator - [Consumer clientId=consumer-auth_service-1, groupId=auth_service] Discovered group coordinator 37.194.168.90:9092 (id: 2147483646 rack: null)
2024-12-15 14:00:45 INFO  org.apache.kafka.clients.Metadata - [Consumer clientId=consumer-auth_service-6, groupId=auth_service] Cluster ID: rs0KtrdkQsGY2gwAHle7dQ
2024-12-15 14:00:45 INFO  o.a.k.c.c.i.ConsumerCoordinator - [Consumer clientId=consumer-auth_service-5, groupId=auth_service] Discovered group coordinator 37.194.168.90:9092 (id: 2147483646 rack: null)
2024-12-15 14:00:45 INFO  o.a.k.c.c.i.ConsumerCoordinator - [Consumer clientId=consumer-auth_service-8, groupId=auth_service] Discovered group coordinator 37.194.168.90:9092 (id: 2147483646 rack: null)
2024-12-15 14:00:45 INFO  o.a.k.c.c.i.ConsumerCoordinator - [Consumer clientId=consumer-auth_service-7, groupId=auth_service] Discovered group coordinator 37.194.168.90:9092 (id: 2147483646 rack: null)
2024-12-15 14:00:45 INFO  o.a.k.c.c.i.ConsumerCoordinator - [Consumer clientId=consumer-auth_service-3, groupId=auth_service] (Re-)joining group
2024-12-15 14:00:45 INFO  o.a.k.c.c.i.ConsumerCoordinator - [Consumer clientId=consumer-auth_service-1, groupId=auth_service] (Re-)joining group
2024-12-15 14:00:45 INFO  o.a.k.c.c.i.ConsumerCoordinator - [Consumer clientId=consumer-auth_service-4, groupId=auth_service] (Re-)joining group
2024-12-15 14:00:45 INFO  o.a.k.c.c.i.ConsumerCoordinator - [Consumer clientId=consumer-auth_service-6, groupId=auth_service] Discovered group coordinator 37.194.168.90:9092 (id: 2147483646 rack: null)
2024-12-15 14:00:45 INFO  o.a.k.c.c.i.ConsumerCoordinator - [Consumer clientId=consumer-auth_service-5, groupId=auth_service] (Re-)joining group
2024-12-15 14:00:45 INFO  o.a.k.c.c.i.ConsumerCoordinator - [Consumer clientId=consumer-auth_service-8, groupId=auth_service] (Re-)joining group
2024-12-15 14:00:45 INFO  o.a.k.c.c.i.ConsumerCoordinator - [Consumer clientId=consumer-auth_service-7, groupId=auth_service] (Re-)joining group
2024-12-15 14:00:45 INFO  o.a.k.c.c.i.ConsumerCoordinator - [Consumer clientId=consumer-auth_service-6, groupId=auth_service] (Re-)joining group
2024-12-15 14:00:45 INFO  o.a.k.c.c.i.ConsumerCoordinator - [Consumer clientId=consumer-auth_service-7, groupId=auth_service] Request joining group due to: need to re-join with the given member-id: consumer-auth_service-7-90e1dc80-4b31-4e47-9685-66a8530da5e0
2024-12-15 14:00:45 INFO  o.a.k.c.c.i.ConsumerCoordinator - [Consumer clientId=consumer-auth_service-2, groupId=auth_service] Request joining group due to: need to re-join with the given member-id: consumer-auth_service-2-75169594-0604-4ec9-b71a-7af16be66049
2024-12-15 14:00:45 INFO  o.a.k.c.c.i.ConsumerCoordinator - [Consumer clientId=consumer-auth_service-2, groupId=auth_service] (Re-)joining group
2024-12-15 14:00:45 INFO  o.a.k.c.c.i.ConsumerCoordinator - [Consumer clientId=consumer-auth_service-7, groupId=auth_service] (Re-)joining group
2024-12-15 14:00:45 INFO  o.a.k.c.c.i.ConsumerCoordinator - [Consumer clientId=consumer-auth_service-3, groupId=auth_service] Request joining group due to: need to re-join with the given member-id: consumer-auth_service-3-3380736d-6758-4012-8961-67b6fc01166f
2024-12-15 14:00:45 INFO  o.a.k.c.c.i.ConsumerCoordinator - [Consumer clientId=consumer-auth_service-6, groupId=auth_service] Request joining group due to: need to re-join with the given member-id: consumer-auth_service-6-9d66e750-2274-470d-a655-c59c8156a312
2024-12-15 14:00:45 INFO  o.a.k.c.c.i.ConsumerCoordinator - [Consumer clientId=consumer-auth_service-6, groupId=auth_service] (Re-)joining group
2024-12-15 14:00:45 INFO  o.a.k.c.c.i.ConsumerCoordinator - [Consumer clientId=consumer-auth_service-3, groupId=auth_service] (Re-)joining group
2024-12-15 14:00:45 INFO  o.a.k.c.c.i.ConsumerCoordinator - [Consumer clientId=consumer-auth_service-1, groupId=auth_service] Request joining group due to: need to re-join with the given member-id: consumer-auth_service-1-3b5a5c0c-05ff-4500-b767-b5be2fd58b1c
2024-12-15 14:00:45 INFO  o.a.k.c.c.i.ConsumerCoordinator - [Consumer clientId=consumer-auth_service-1, groupId=auth_service] (Re-)joining group
2024-12-15 14:00:45 INFO  o.a.k.c.c.i.ConsumerCoordinator - [Consumer clientId=consumer-auth_service-4, groupId=auth_service] Request joining group due to: need to re-join with the given member-id: consumer-auth_service-4-a1144f30-1ec9-495e-a0fa-2d8b80d92d65
2024-12-15 14:00:45 INFO  o.a.k.c.c.i.ConsumerCoordinator - [Consumer clientId=consumer-auth_service-4, groupId=auth_service] (Re-)joining group
2024-12-15 14:00:45 INFO  o.a.k.c.c.i.ConsumerCoordinator - [Consumer clientId=consumer-auth_service-8, groupId=auth_service] Request joining group due to: need to re-join with the given member-id: consumer-auth_service-8-99f937a9-d8fe-49ed-a96d-a961c288ab8e
2024-12-15 14:00:45 INFO  o.a.k.c.c.i.ConsumerCoordinator - [Consumer clientId=consumer-auth_service-8, groupId=auth_service] (Re-)joining group
2024-12-15 14:00:45 INFO  o.a.k.c.c.i.ConsumerCoordinator - [Consumer clientId=consumer-auth_service-5, groupId=auth_service] Request joining group due to: need to re-join with the given member-id: consumer-auth_service-5-9fd5941e-001a-46ad-b205-a3cc6f841737
2024-12-15 14:00:45 INFO  o.a.k.c.c.i.ConsumerCoordinator - [Consumer clientId=consumer-auth_service-5, groupId=auth_service] (Re-)joining group
2024-12-15 14:00:46 INFO  c.e.demo.service.NotificationService - Всего пользователей: 1
2024-12-15 14:00:46 INFO  c.e.demo.service.VacancyService - https://api.hh.ru/negotiations?status=active
2024-12-15 14:00:46 ERROR c.e.demo.service.VacancyService - {id=4208452197, state={id=discard, name=Отказ}, created_at=2024-12-14T13:33:18+0300, updated_at=2024-12-15T07:11:06+0300, resume={id=999442fcff094a83d90039ed1f6c794d4e6436, title=Java-разработчик, url=https://api.hh.ru/resumes/999442fcff094a83d90039ed1f6c794d4e6436, alternate_url=https://hh.ru/resume/999442fcff094a83d90039ed1f6c794d4e6436}, viewed_by_opponent=true, has_updates=true, messages_url=https://api.hh.ru/negotiations/4208452197/messages, url=https://api.hh.ru/negotiations/4208452197, counters={messages=1, unread_messages=0}, chat_states={response_reminder_state={allowed=false}}, source=NEGOTIATION, chat_id=4217539512, messaging_status=no_invitation, decline_allowed=false, read=true, has_new_messages=true, applicant_question_state=false, hidden=false, vacancy={id=113121623, premium=false, name=Middle Java-разработчик, department=null, has_test=false, response_letter_required=false, area={id=2759, name=Ташкент, url=https://api.hh.ru/areas/2759}, salary=null, type={id=open, name=Открытая}, address={city=Ташкент, street=улица Аккурган, building=31А, lat=41.330567, lng=69.30515, description=null, raw=Ташкент, улица Аккурган, 31А, metro=null, metro_stations=[], id=15904087}, response_url=null, sort_point_distance=null, published_at=2024-12-12T10:32:07+0300, created_at=2024-12-12T10:32:07+0300, archived=false, apply_alternate_url=https://hh.ru/applicant/vacancy_response?vacancyId=113121623, insider_interview=null, url=https://api.hh.ru/vacancies/113121623?host=hh.ru, alternate_url=https://hh.ru/vacancy/113121623, employer={id=11134730, name=NOMADIAN, url=https://api.hh.ru/employers/11134730, alternate_url=https://hh.ru/employer/11134730, logo_urls=null, vacancies_url=https://api.hh.ru/vacancies?employer_id=11134730, accredited_it_employer=false, trusted=true}, professional_roles=[{id=96, name=Программист, разработчик}]}}
2024-12-15 14:00:46 ERROR c.e.demo.service.VacancyService - {id=4207544657, state={id=discard, name=Отказ}, created_at=2024-12-13T16:58:50+0300, updated_at=2024-12-14T21:36:18+0300, resume={id=999442fcff094a83d90039ed1f6c794d4e6436, title=Java-разработчик, url=https://api.hh.ru/resumes/999442fcff094a83d90039ed1f6c794d4e6436, alternate_url=https://hh.ru/resume/999442fcff094a83d90039ed1f6c794d4e6436}, viewed_by_opponent=true, has_updates=true, messages_url=https://api.hh.ru/negotiations/4207544657/messages, url=https://api.hh.ru/negotiations/4207544657, counters={messages=1, unread_messages=0}, chat_states={response_reminder_state={allowed=false}}, source=NEGOTIATION, chat_id=4216604722, messaging_status=no_invitation, decline_allowed=false, read=true, has_new_messages=true, applicant_question_state=false, hidden=false, vacancy={id=112550547, premium=false, name=Java-разработчик (Modeus), department=null, has_test=false, response_letter_required=false, area={id=1, name=Москва, url=https://api.hh.ru/areas/1}, salary=null, type={id=open, name=Открытая}, address={city=Москва, street=Лесная улица, building=43, lat=55.780583, lng=37.590677, description=null, raw=Москва, Лесная улица, 43, metro={station_name=Белорусская, line_name=Замоскворецкая, station_id=2.19, line_id=2, lat=55.777439, lng=37.582107}, metro_stations=[{station_name=Белорусская, line_name=Замоскворецкая, station_id=2.19, line_id=2, lat=55.777439, lng=37.582107}], id=130273}, response_url=null, sort_point_distance=null, published_at=2024-12-04T21:35:42+0300, created_at=2024-12-04T21:35:42+0300, archived=false, apply_alternate_url=https://hh.ru/applicant/vacancy_response?vacancyId=112550547, show_logo_in_search=null, insider_interview=null, url=https://api.hh.ru/vacancies/112550547?host=hh.ru, alternate_url=https://hh.ru/vacancy/112550547, employer={id=2537, name=CUSTIS, url=https://api.hh.ru/employers/2537, alternate_url=https://hh.ru/employer/2537, logo_urls={90=https://img.hhcdn.ru/employer-logo/3388917.png, 240=https://img.hhcdn.ru/employer-logo/3388918.png, original=https://img.hhcdn.ru/employer-logo-original/736985.png}, vacancies_url=https://api.hh.ru/vacancies?employer_id=2537, accredited_it_employer=false, trusted=true}, professional_roles=[{id=96, name=Программист, разработчик}]}}
2024-12-15 14:00:46 ERROR c.e.demo.service.VacancyService - {id=4208453093, state={id=discard, name=Отказ}, created_at=2024-12-14T13:34:14+0300, updated_at=2024-12-14T16:14:11+0300, resume={id=999442fcff094a83d90039ed1f6c794d4e6436, title=Java-разработчик, url=https://api.hh.ru/resumes/999442fcff094a83d90039ed1f6c794d4e6436, alternate_url=https://hh.ru/resume/999442fcff094a83d90039ed1f6c794d4e6436}, viewed_by_opponent=true, has_updates=true, messages_url=https://api.hh.ru/negotiations/4208453093/messages, url=https://api.hh.ru/negotiations/4208453093, counters={messages=1, unread_messages=0}, chat_states={response_reminder_state={allowed=false}}, source=NEGOTIATION, chat_id=4217540427, messaging_status=no_invitation, decline_allowed=false, read=true, has_new_messages=true, applicant_question_state=false, hidden=false, vacancy={id=112966487, premium=false, name=Java Developer со знанием немецкого языка, department=null, has_test=false, response_letter_required=false, area={id=1002, name=Минск, url=https://api.hh.ru/areas/1002}, salary=null, type={id=open, name=Открытая}, address=null, response_url=null, sort_point_distance=null, published_at=2024-12-11T09:59:54+0300, created_at=2024-12-11T09:59:54+0300, archived=false, apply_alternate_url=https://hh.ru/applicant/vacancy_response?vacancyId=112966487, show_logo_in_search=null, insider_interview=null, url=https://api.hh.ru/vacancies/112966487?host=hh.ru, alternate_url=https://hh.ru/vacancy/112966487, employer={id=1858119, name=Innowise Group / Фабрика инноваций и решений, url=https://api.hh.ru/employers/1858119, alternate_url=https://hh.ru/employer/1858119, logo_urls={90=https://img.hhcdn.ru/employer-logo/3339492.png, 240=https://img.hhcdn.ru/employer-logo/3339493.png, original=https://img.hhcdn.ru/employer-logo-original/724601.png}, vacancies_url=https://api.hh.ru/vacancies?employer_id=1858119, accredited_it_employer=false, trusted=true}, professional_roles=[{id=96, name=Программист, разработчик}]}}
2024-12-15 14:00:46 ERROR c.e.demo.service.VacancyService - {id=4208534571, state={id=discard, name=Отказ}, created_at=2024-12-14T14:55:44+0300, updated_at=2024-12-14T15:11:42+0300, resume={id=999442fcff094a83d90039ed1f6c794d4e6436, title=Java-разработчик, url=https://api.hh.ru/resumes/999442fcff094a83d90039ed1f6c794d4e6436, alternate_url=https://hh.ru/resume/999442fcff094a83d90039ed1f6c794d4e6436}, viewed_by_opponent=true, has_updates=true, messages_url=https://api.hh.ru/negotiations/4208534571/messages, url=https://api.hh.ru/negotiations/4208534571, counters={messages=1, unread_messages=0}, chat_states={response_reminder_state={allowed=false}}, source=NEGOTIATION, chat_id=4217623741, messaging_status=no_invitation, decline_allowed=false, read=true, has_new_messages=true, applicant_question_state=false, hidden=false, vacancy={id=109767065, premium=false, name=Trainee Java developer, department=null, has_test=false, response_letter_required=false, area={id=1002, name=Минск, url=https://api.hh.ru/areas/1002}, salary=null, type={id=open, name=Открытая}, address={city=Минск, street=Интернациональная улица, building=25А, lat=53.904384, lng=27.558489, description=null, raw=Минск, Интернациональная улица, 25А, metro=null, metro_stations=[], id=13459438}, response_url=null, sort_point_distance=null, published_at=2024-11-30T16:01:40+0300, created_at=2024-11-30T16:01:40+0300, archived=false, apply_alternate_url=https://hh.ru/applicant/vacancy_response?vacancyId=109767065, show_logo_in_search=null, insider_interview=null, url=https://api.hh.ru/vacancies/109767065?host=hh.ru, alternate_url=https://hh.ru/vacancy/109767065, employer={id=9903768, name=Айфортекс, url=https://api.hh.ru/employers/9903768, alternate_url=https://hh.ru/employer/9903768, logo_urls={240=https://img.hhcdn.ru/employer-logo/7020407.png, 90=https://img.hhcdn.ru/employer-logo/7020406.png, original=https://img.hhcdn.ru/employer-logo-original/1350116.png}, vacancies_url=https://api.hh.ru/vacancies?employer_id=9903768, accredited_it_employer=false, trusted=true}, professional_roles=[{id=96, name=Программист, разработчик}]}}
2024-12-15 14:00:46 ERROR c.e.demo.service.VacancyService - {id=4208534766, state={id=discard, name=Отказ}, created_at=2024-12-14T14:55:55+0300, updated_at=2024-12-14T15:11:42+0300, resume={id=999442fcff094a83d90039ed1f6c794d4e6436, title=Java-разработчик, url=https://api.hh.ru/resumes/999442fcff094a83d90039ed1f6c794d4e6436, alternate_url=https://hh.ru/resume/999442fcff094a83d90039ed1f6c794d4e6436}, viewed_by_opponent=true, has_updates=true, messages_url=https://api.hh.ru/negotiations/4208534766/messages, url=https://api.hh.ru/negotiations/4208534766, counters={messages=1, unread_messages=0}, chat_states={response_reminder_state={allowed=false}}, source=NEGOTIATION, chat_id=4217623945, messaging_status=no_invitation, decline_allowed=false, read=true, has_new_messages=true, applicant_question_state=false, hidden=false, vacancy={id=113151771, premium=false, name=Automated Testing in Java Trainee, department=null, has_test=false, response_letter_required=false, area={id=2784, name=Коканд, url=https://api.hh.ru/areas/2784}, salary=null, type={id=open, name=Открытая}, address=null, response_url=null, sort_point_distance=null, published_at=2024-12-12T15:19:23+0300, created_at=2024-12-12T15:19:23+0300, archived=false, apply_alternate_url=https://hh.ru/applicant/vacancy_response?vacancyId=113151771, show_logo_in_search=null, insider_interview=null, url=https://api.hh.ru/vacancies/113151771?host=hh.ru, alternate_url=https://hh.ru/vacancy/113151771, employer={id=6085050, name=EPAM Uzbekistan, url=https://api.hh.ru/employers/6085050, alternate_url=https://hh.ru/employer/6085050, logo_urls={240=https://img.hhcdn.ru/employer-logo/6900367.jpeg, original=https://img.hhcdn.ru/employer-logo-original/1320077.jpeg, 90=https://img.hhcdn.ru/employer-logo/6900366.jpeg}, vacancies_url=https://api.hh.ru/vacancies?employer_id=6085050, accredited_it_employer=false, trusted=true}, professional_roles=[{id=124, name=Тестировщик}]}}
2024-12-15 14:00:46 ERROR c.e.demo.service.VacancyService - {id=4208534806, state={id=discard, name=Отказ}, created_at=2024-12-14T14:55:58+0300, updated_at=2024-12-14T15:11:41+0300, resume={id=999442fcff094a83d90039ed1f6c794d4e6436, title=Java-разработчик, url=https://api.hh.ru/resumes/999442fcff094a83d90039ed1f6c794d4e6436, alternate_url=https://hh.ru/resume/999442fcff094a83d90039ed1f6c794d4e6436}, viewed_by_opponent=true, has_updates=true, messages_url=https://api.hh.ru/negotiations/4208534806/messages, url=https://api.hh.ru/negotiations/4208534806, counters={messages=1, unread_messages=0}, chat_states={response_reminder_state={allowed=false}}, source=NEGOTIATION, chat_id=4217623988, messaging_status=no_invitation, decline_allowed=false, read=true, has_new_messages=true, applicant_question_state=false, hidden=false, vacancy={id=113151772, premium=false, name=Automated Testing in Java Trainee, department=null, has_test=false, response_letter_required=false, area={id=2889, name=Кува, url=https://api.hh.ru/areas/2889}, salary=null, type={id=open, name=Открытая}, address=null, response_url=null, sort_point_distance=null, published_at=2024-12-12T15:19:23+0300, created_at=2024-12-12T15:19:23+0300, archived=false, apply_alternate_url=https://hh.ru/applicant/vacancy_response?vacancyId=113151772, show_logo_in_search=null, insider_interview=null, url=https://api.hh.ru/vacancies/113151772?host=hh.ru, alternate_url=https://hh.ru/vacancy/113151772, employer={id=6085050, name=EPAM Uzbekistan, url=https://api.hh.ru/employers/6085050, alternate_url=https://hh.ru/employer/6085050, logo_urls={240=https://img.hhcdn.ru/employer-logo/6900367.jpeg, original=https://img.hhcdn.ru/employer-logo-original/1320077.jpeg, 90=https://img.hhcdn.ru/employer-logo/6900366.jpeg}, vacancies_url=https://api.hh.ru/vacancies?employer_id=6085050, accredited_it_employer=false, trusted=true}, professional_roles=[{id=124, name=Тестировщик}]}}
2024-12-15 14:00:46 ERROR c.e.demo.service.VacancyService - {id=4208534820, state={id=discard, name=Отказ}, created_at=2024-12-14T14:55:59+0300, updated_at=2024-12-14T15:11:41+0300, resume={id=999442fcff094a83d90039ed1f6c794d4e6436, title=Java-разработчик, url=https://api.hh.ru/resumes/999442fcff094a83d90039ed1f6c794d4e6436, alternate_url=https://hh.ru/resume/999442fcff094a83d90039ed1f6c794d4e6436}, viewed_by_opponent=true, has_updates=true, messages_url=https://api.hh.ru/negotiations/4208534820/messages, url=https://api.hh.ru/negotiations/4208534820, counters={messages=1, unread_messages=0}, chat_states={response_reminder_state={allowed=false}}, source=NEGOTIATION, chat_id=4217624003, messaging_status=no_invitation, decline_allowed=false, read=true, has_new_messages=true, applicant_question_state=false, hidden=false, vacancy={id=113151773, premium=false, name=Automated Testing in Java Trainee, department=null, has_test=false, response_letter_required=false, area={id=2785, name=Маргилан, url=https://api.hh.ru/areas/2785}, salary=null, type={id=open, name=Открытая}, address=null, response_url=null, sort_point_distance=null, published_at=2024-12-12T15:19:23+0300, created_at=2024-12-12T15:19:23+0300, archived=false, apply_alternate_url=https://hh.ru/applicant/vacancy_response?vacancyId=113151773, show_logo_in_search=null, insider_interview=null, url=https://api.hh.ru/vacancies/113151773?host=hh.ru, alternate_url=https://hh.ru/vacancy/113151773, employer={id=6085050, name=EPAM Uzbekistan, url=https://api.hh.ru/employers/6085050, alternate_url=https://hh.ru/employer/6085050, logo_urls={240=https://img.hhcdn.ru/employer-logo/6900367.jpeg, original=https://img.hhcdn.ru/employer-logo-original/1320077.jpeg, 90=https://img.hhcdn.ru/employer-logo/6900366.jpeg}, vacancies_url=https://api.hh.ru/vacancies?employer_id=6085050, accredited_it_employer=false, trusted=true}, professional_roles=[{id=124, name=Тестировщик}]}}
2024-12-15 14:00:46 ERROR c.e.demo.service.VacancyService - {id=4208534510, state={id=discard, name=Отказ}, created_at=2024-12-14T14:55:40+0300, updated_at=2024-12-14T15:11:41+0300, resume={id=999442fcff094a83d90039ed1f6c794d4e6436, title=Java-разработчик, url=https://api.hh.ru/resumes/999442fcff094a83d90039ed1f6c794d4e6436, alternate_url=https://hh.ru/resume/999442fcff094a83d90039ed1f6c794d4e6436}, viewed_by_opponent=true, has_updates=true, messages_url=https://api.hh.ru/negotiations/4208534510/messages, url=https://api.hh.ru/negotiations/4208534510, counters={messages=1, unread_messages=0}, chat_states={response_reminder_state={allowed=false}}, source=NEGOTIATION, chat_id=4217623677, messaging_status=no_invitation, decline_allowed=false, read=true, has_new_messages=true, applicant_question_state=false, hidden=false, vacancy={id=113151785, premium=false, name=Automated Testing in Java Trainee, department=null, has_test=false, response_letter_required=false, area={id=2781, name=Бухара, url=https://api.hh.ru/areas/2781}, salary=null, type={id=open, name=Открытая}, address=null, response_url=null, sort_point_distance=null, published_at=2024-12-12T15:19:23+0300, created_at=2024-12-12T15:19:23+0300, archived=false, apply_alternate_url=https://hh.ru/applicant/vacancy_response?vacancyId=113151785, show_logo_in_search=null, insider_interview=null, url=https://api.hh.ru/vacancies/113151785?host=hh.ru, alternate_url=https://hh.ru/vacancy/113151785, employer={id=6085050, name=EPAM Uzbekistan, url=https://api.hh.ru/employers/6085050, alternate_url=https://hh.ru/employer/6085050, logo_urls={240=https://img.hhcdn.ru/employer-logo/6900367.jpeg, original=https://img.hhcdn.ru/employer-logo-original/1320077.jpeg, 90=https://img.hhcdn.ru/employer-logo/6900366.jpeg}, vacancies_url=https://api.hh.ru/vacancies?employer_id=6085050, accredited_it_employer=false, trusted=true}, professional_roles=[{id=124, name=Тестировщик}]}}
2024-12-15 14:00:46 ERROR c.e.demo.service.VacancyService - {id=4208534724, state={id=discard, name=Отказ}, created_at=2024-12-14T14:55:53+0300, updated_at=2024-12-14T15:11:40+0300, resume={id=999442fcff094a83d90039ed1f6c794d4e6436, title=Java-разработчик, url=https://api.hh.ru/resumes/999442fcff094a83d90039ed1f6c794d4e6436, alternate_url=https://hh.ru/resume/999442fcff094a83d90039ed1f6c794d4e6436}, viewed_by_opponent=true, has_updates=true, messages_url=https://api.hh.ru/negotiations/4208534724/messages, url=https://api.hh.ru/negotiations/4208534724, counters={messages=1, unread_messages=0}, chat_states={response_reminder_state={allowed=false}}, source=NEGOTIATION, chat_id=4217623902, messaging_status=no_invitation, decline_allowed=false, read=true, has_new_messages=true, applicant_question_state=false, hidden=false, vacancy={id=113151770, premium=false, name=Automated Testing in Java Trainee, department=null, has_test=false, response_letter_required=false, area={id=2888, name=Китаб, url=https://api.hh.ru/areas/2888}, salary=null, type={id=open, name=Открытая}, address=null, response_url=null, sort_point_distance=null, published_at=2024-12-12T15:19:23+0300, created_at=2024-12-12T15:19:23+0300, archived=false, apply_alternate_url=https://hh.ru/applicant/vacancy_response?vacancyId=113151770, show_logo_in_search=null, insider_interview=null, url=https://api.hh.ru/vacancies/113151770?host=hh.ru, alternate_url=https://hh.ru/vacancy/113151770, employer={id=6085050, name=EPAM Uzbekistan, url=https://api.hh.ru/employers/6085050, alternate_url=https://hh.ru/employer/6085050, logo_urls={240=https://img.hhcdn.ru/employer-logo/6900367.jpeg, original=https://img.hhcdn.ru/employer-logo-original/1320077.jpeg, 90=https://img.hhcdn.ru/employer-logo/6900366.jpeg}, vacancies_url=https://api.hh.ru/vacancies?employer_id=6085050, accredited_it_employer=false, trusted=true}, professional_roles=[{id=124, name=Тестировщик}]}}
2024-12-15 14:00:46 ERROR c.e.demo.service.VacancyService - {id=4208534355, state={id=discard, name=Отказ}, created_at=2024-12-14T14:55:30+0300, updated_at=2024-12-14T15:10:42+0300, resume={id=999442fcff094a83d90039ed1f6c794d4e6436, title=Java-разработчик, url=https://api.hh.ru/resumes/999442fcff094a83d90039ed1f6c794d4e6436, alternate_url=https://hh.ru/resume/999442fcff094a83d90039ed1f6c794d4e6436}, viewed_by_opponent=true, has_updates=true, messages_url=https://api.hh.ru/negotiations/4208534355/messages, url=https://api.hh.ru/negotiations/4208534355, counters={messages=1, unread_messages=0}, chat_states={response_reminder_state={allowed=false}}, source=NEGOTIATION, chat_id=4217623518, messaging_status=no_invitation, decline_allowed=false, read=true, has_new_messages=true, applicant_question_state=false, hidden=false, vacancy={id=113151780, premium=false, name=Automated Testing in Java Trainee, department=null, has_test=false, response_letter_required=false, area={id=2788, name=Ургенч, url=https://api.hh.ru/areas/2788}, salary=null, type={id=open, name=Открытая}, address=null, response_url=null, sort_point_distance=null, published_at=2024-12-12T15:19:23+0300, created_at=2024-12-12T15:19:23+0300, archived=false, apply_alternate_url=https://hh.ru/applicant/vacancy_response?vacancyId=113151780, show_logo_in_search=null, insider_interview=null, url=https://api.hh.ru/vacancies/113151780?host=hh.ru, alternate_url=https://hh.ru/vacancy/113151780, employer={id=6085050, name=EPAM Uzbekistan, url=https://api.hh.ru/employers/6085050, alternate_url=https://hh.ru/employer/6085050, logo_urls={240=https://img.hhcdn.ru/employer-logo/6900367.jpeg, original=https://img.hhcdn.ru/employer-logo-original/1320077.jpeg, 90=https://img.hhcdn.ru/employer-logo/6900366.jpeg}, vacancies_url=https://api.hh.ru/vacancies?employer_id=6085050, accredited_it_employer=false, trusted=true}, professional_roles=[{id=124, name=Тестировщик}]}}
2024-12-15 14:00:46 ERROR c.e.demo.service.VacancyService - {id=4208534444, state={id=discard, name=Отказ}, created_at=2024-12-14T14:55:36+0300, updated_at=2024-12-14T15:10:41+0300, resume={id=999442fcff094a83d90039ed1f6c794d4e6436, title=Java-разработчик, url=https://api.hh.ru/resumes/999442fcff094a83d90039ed1f6c794d4e6436, alternate_url=https://hh.ru/resume/999442fcff094a83d90039ed1f6c794d4e6436}, viewed_by_opponent=true, has_updates=true, messages_url=https://api.hh.ru/negotiations/4208534444/messages, url=https://api.hh.ru/negotiations/4208534444, counters={messages=1, unread_messages=0}, chat_states={response_reminder_state={allowed=false}}, source=NEGOTIATION, chat_id=4217623609, messaging_status=no_invitation, decline_allowed=false, read=true, has_new_messages=true, applicant_question_state=false, hidden=false, vacancy={id=113151783, premium=false, name=Automated Testing in Java Trainee, department=null, has_test=false, response_letter_required=false, area={id=2923, name=Ходжаабад, url=https://api.hh.ru/areas/2923}, salary=null, type={id=open, name=Открытая}, address=null, response_url=null, sort_point_distance=null, published_at=2024-12-12T15:19:23+0300, created_at=2024-12-12T15:19:23+0300, archived=false, apply_alternate_url=https://hh.ru/applicant/vacancy_response?vacancyId=113151783, show_logo_in_search=null, insider_interview=null, url=https://api.hh.ru/vacancies/113151783?host=hh.ru, alternate_url=https://hh.ru/vacancy/113151783, employer={id=6085050, name=EPAM Uzbekistan, url=https://api.hh.ru/employers/6085050, alternate_url=https://hh.ru/employer/6085050, logo_urls={240=https://img.hhcdn.ru/employer-logo/6900367.jpeg, original=https://img.hhcdn.ru/employer-logo-original/1320077.jpeg, 90=https://img.hhcdn.ru/employer-logo/6900366.jpeg}, vacancies_url=https://api.hh.ru/vacancies?employer_id=6085050, accredited_it_employer=false, trusted=true}, professional_roles=[{id=124, name=Тестировщик}]}}
2024-12-15 14:00:46 ERROR c.e.demo.service.VacancyService - {id=4208534422, state={id=discard, name=Отказ}, created_at=2024-12-14T14:55:35+0300, updated_at=2024-12-14T15:10:41+0300, resume={id=999442fcff094a83d90039ed1f6c794d4e6436, title=Java-разработчик, url=https://api.hh.ru/resumes/999442fcff094a83d90039ed1f6c794d4e6436, alternate_url=https://hh.ru/resume/999442fcff094a83d90039ed1f6c794d4e6436}, viewed_by_opponent=true, has_updates=true, messages_url=https://api.hh.ru/negotiations/4208534422/messages, url=https://api.hh.ru/negotiations/4208534422, counters={messages=1, unread_messages=0}, chat_states={response_reminder_state={allowed=false}}, source=NEGOTIATION, chat_id=4217623587, messaging_status=no_invitation, decline_allowed=false, read=true, has_new_messages=true, applicant_question_state=false, hidden=false, vacancy={id=113151782, premium=false, name=Automated Testing in Java Trainee, department=null, has_test=false, response_letter_required=false, area={id=2922, name=Хива, url=https://api.hh.ru/areas/2922}, salary=null, type={id=open, name=Открытая}, address=null, response_url=null, sort_point_distance=null, published_at=2024-12-12T15:19:23+0300, created_at=2024-12-12T15:19:23+0300, archived=false, apply_alternate_url=https://hh.ru/applicant/vacancy_response?vacancyId=113151782, show_logo_in_search=null, insider_interview=null, url=https://api.hh.ru/vacancies/113151782?host=hh.ru, alternate_url=https://hh.ru/vacancy/113151782, employer={id=6085050, name=EPAM Uzbekistan, url=https://api.hh.ru/employers/6085050, alternate_url=https://hh.ru/employer/6085050, logo_urls={240=https://img.hhcdn.ru/employer-logo/6900367.jpeg, original=https://img.hhcdn.ru/employer-logo-original/1320077.jpeg, 90=https://img.hhcdn.ru/employer-logo/6900366.jpeg}, vacancies_url=https://api.hh.ru/vacancies?employer_id=6085050, accredited_it_employer=false, trusted=true}, professional_roles=[{id=124, name=Тестировщик}]}}
2024-12-15 14:00:46 ERROR c.e.demo.service.VacancyService - {id=4208534473, state={id=discard, name=Отказ}, created_at=2024-12-14T14:55:37+0300, updated_at=2024-12-14T15:10:41+0300, resume={id=999442fcff094a83d90039ed1f6c794d4e6436, title=Java-разработчик, url=https://api.hh.ru/resumes/999442fcff094a83d90039ed1f6c794d4e6436, alternate_url=https://hh.ru/resume/999442fcff094a83d90039ed1f6c794d4e6436}, viewed_by_opponent=true, has_updates=true, messages_url=https://api.hh.ru/negotiations/4208534473/messages, url=https://api.hh.ru/negotiations/4208534473, counters={messages=1, unread_messages=0}, chat_states={response_reminder_state={allowed=false}}, source=NEGOTIATION, chat_id=4217623639, messaging_status=no_invitation, decline_allowed=false, read=true, has_new_messages=true, applicant_question_state=false, hidden=false, vacancy={id=113151784, premium=false, name=Automated Testing in Java Trainee, department=null, has_test=false, response_letter_required=false, area={id=2778, name=Самарканд, url=https://api.hh.ru/areas/2778}, salary=null, type={id=open, name=Открытая}, address=null, response_url=null, sort_point_distance=null, published_at=2024-12-12T15:19:23+0300, created_at=2024-12-12T15:19:23+0300, archived=false, apply_alternate_url=https://hh.ru/applicant/vacancy_response?vacancyId=113151784, show_logo_in_search=null, insider_interview=null, url=https://api.hh.ru/vacancies/113151784?host=hh.ru, alternate_url=https://hh.ru/vacancy/113151784, employer={id=6085050, name=EPAM Uzbekistan, url=https://api.hh.ru/employers/6085050, alternate_url=https://hh.ru/employer/6085050, logo_urls={240=https://img.hhcdn.ru/employer-logo/6900367.jpeg, original=https://img.hhcdn.ru/employer-logo-original/1320077.jpeg, 90=https://img.hhcdn.ru/employer-logo/6900366.jpeg}, vacancies_url=https://api.hh.ru/vacancies?employer_id=6085050, accredited_it_employer=false, trusted=true}, professional_roles=[{id=124, name=Тестировщик}]}}
2024-12-15 14:00:46 ERROR c.e.demo.service.VacancyService - {id=4208534400, state={id=discard, name=Отказ}, created_at=2024-12-14T14:55:34+0300, updated_at=2024-12-14T15:10:39+0300, resume={id=999442fcff094a83d90039ed1f6c794d4e6436, title=Java-разработчик, url=https://api.hh.ru/resumes/999442fcff094a83d90039ed1f6c794d4e6436, alternate_url=https://hh.ru/resume/999442fcff094a83d90039ed1f6c794d4e6436}, viewed_by_opponent=true, has_updates=true, messages_url=https://api.hh.ru/negotiations/4208534400/messages, url=https://api.hh.ru/negotiations/4208534400, counters={messages=1, unread_messages=0}, chat_states={response_reminder_state={allowed=false}}, source=NEGOTIATION, chat_id=4217623565, messaging_status=no_invitation, decline_allowed=false, read=true, has_new_messages=true, applicant_question_state=false, hidden=false, vacancy={id=113151781, premium=false, name=Automated Testing in Java Trainee, department=null, has_test=false, response_letter_required=false, area={id=2782, name=Фергана, url=https://api.hh.ru/areas/2782}, salary=null, type={id=open, name=Открытая}, address=null, response_url=null, sort_point_distance=null, published_at=2024-12-12T15:19:23+0300, created_at=2024-12-12T15:19:23+0300, archived=false, apply_alternate_url=https://hh.ru/applicant/vacancy_response?vacancyId=113151781, show_logo_in_search=null, insider_interview=null, url=https://api.hh.ru/vacancies/113151781?host=hh.ru, alternate_url=https://hh.ru/vacancy/113151781, employer={id=6085050, name=EPAM Uzbekistan, url=https://api.hh.ru/employers/6085050, alternate_url=https://hh.ru/employer/6085050, logo_urls={240=https://img.hhcdn.ru/employer-logo/6900367.jpeg, original=https://img.hhcdn.ru/employer-logo-original/1320077.jpeg, 90=https://img.hhcdn.ru/employer-logo/6900366.jpeg}, vacancies_url=https://api.hh.ru/vacancies?employer_id=6085050, accredited_it_employer=false, trusted=true}, professional_roles=[{id=124, name=Тестировщик}]}}
2024-12-15 14:00:46 ERROR c.e.demo.service.VacancyService - {id=4208529863, state={id=discard, name=Отказ}, created_at=2024-12-14T14:50:58+0300, updated_at=2024-12-14T15:06:37+0300, resume={id=999442fcff094a83d90039ed1f6c794d4e6436, title=Java-разработчик, url=https://api.hh.ru/resumes/999442fcff094a83d90039ed1f6c794d4e6436, alternate_url=https://hh.ru/resume/999442fcff094a83d90039ed1f6c794d4e6436}, viewed_by_opponent=true, has_updates=true, messages_url=https://api.hh.ru/negotiations/4208529863/messages, url=https://api.hh.ru/negotiations/4208529863, counters={messages=1, unread_messages=0}, chat_states={response_reminder_state={allowed=false}}, source=NEGOTIATION, chat_id=4217618914, messaging_status=no_invitation, decline_allowed=false, read=true, has_new_messages=true, applicant_question_state=false, hidden=false, vacancy={id=111052222, premium=false, name=QA/автотестировщик на Java, department=null, has_test=false, response_letter_required=false, area={id=72, name=Пермь, url=https://api.hh.ru/areas/72}, salary={from=null, to=150000, currency=RUR, gross=false}, type={id=open, name=Открытая}, address={city=Пермь, street=Решетниковский спуск, building=1Ю, lat=58.014827, lng=56.211136, description=null, raw=Пермь, Решетниковский спуск, 1Ю, metro=null, metro_stations=[], id=13647676}, response_url=null, sort_point_distance=null, published_at=2024-12-12T13:23:41+0300, created_at=2024-12-12T13:23:41+0300, archived=false, apply_alternate_url=https://hh.ru/applicant/vacancy_response?vacancyId=111052222, show_logo_in_search=null, insider_interview=null, url=https://api.hh.ru/vacancies/111052222?host=hh.ru, alternate_url=https://hh.ru/vacancy/111052222, employer={id=2770726, name=Spectr, url=https://api.hh.ru/employers/2770726, alternate_url=https://hh.ru/employer/2770726, logo_urls={original=https://img.hhcdn.ru/employer-logo-original/963278.png, 90=https://img.hhcdn.ru/employer-logo/5387132.png, 240=https://img.hhcdn.ru/employer-logo/5387133.png}, vacancies_url=https://api.hh.ru/vacancies?employer_id=2770726, accredited_it_employer=true, trusted=true}, professional_roles=[{id=124, name=Тестировщик}]}}
2024-12-15 14:00:46 ERROR c.e.demo.service.VacancyService - {id=4208529784, state={id=discard, name=Отказ}, created_at=2024-12-14T14:50:53+0300, updated_at=2024-12-14T15:06:36+0300, resume={id=999442fcff094a83d90039ed1f6c794d4e6436, title=Java-разработчик, url=https://api.hh.ru/resumes/999442fcff094a83d90039ed1f6c794d4e6436, alternate_url=https://hh.ru/resume/999442fcff094a83d90039ed1f6c794d4e6436}, viewed_by_opponent=true, has_updates=true, messages_url=https://api.hh.ru/negotiations/4208529784/messages, url=https://api.hh.ru/negotiations/4208529784, counters={messages=1, unread_messages=0}, chat_states={response_reminder_state={allowed=false}}, source=NEGOTIATION, chat_id=4217618833, messaging_status=no_invitation, decline_allowed=false, read=true, has_new_messages=true, applicant_question_state=false, hidden=false, vacancy={id=108411836, premium=false, name=Trainee AQA in Java, department=null, has_test=false, response_letter_required=false, area={id=1003, name=Гомель, url=https://api.hh.ru/areas/1003}, salary=null, type={id=open, name=Открытая}, address=null, response_url=null, sort_point_distance=null, published_at=2024-12-02T09:20:20+0300, created_at=2024-12-02T09:20:20+0300, archived=false, apply_alternate_url=https://hh.ru/applicant/vacancy_response?vacancyId=108411836, show_logo_in_search=null, insider_interview=null, url=https://api.hh.ru/vacancies/108411836?host=hh.ru, alternate_url=https://hh.ru/vacancy/108411836, employer={id=1858119, name=Innowise Group / Фабрика инноваций и решений, url=https://api.hh.ru/employers/1858119, alternate_url=https://hh.ru/employer/1858119, logo_urls={90=https://img.hhcdn.ru/employer-logo/3339492.png, 240=https://img.hhcdn.ru/employer-logo/3339493.png, original=https://img.hhcdn.ru/employer-logo-original/724601.png}, vacancies_url=https://api.hh.ru/vacancies?employer_id=1858119, accredited_it_employer=false, trusted=true}, professional_roles=[{id=124, name=Тестировщик}]}}
2024-12-15 14:00:46 ERROR c.e.demo.service.VacancyService - {id=4208529424, state={id=discard, name=Отказ}, created_at=2024-12-14T14:50:31+0300, updated_at=2024-12-14T15:05:37+0300, resume={id=999442fcff094a83d90039ed1f6c794d4e6436, title=Java-разработчик, url=https://api.hh.ru/resumes/999442fcff094a83d90039ed1f6c794d4e6436, alternate_url=https://hh.ru/resume/999442fcff094a83d90039ed1f6c794d4e6436}, viewed_by_opponent=true, has_updates=true, messages_url=https://api.hh.ru/negotiations/4208529424/messages, url=https://api.hh.ru/negotiations/4208529424, counters={messages=1, unread_messages=0}, chat_states={response_reminder_state={allowed=false}}, source=NEGOTIATION, chat_id=4217618461, messaging_status=no_invitation, decline_allowed=false, read=true, has_new_messages=true, applicant_question_state=false, hidden=false, vacancy={id=111293705, premium=false, name=Middle Java Software Engineer, department=null, has_test=false, response_letter_required=false, area={id=159, name=Астана, url=https://api.hh.ru/areas/159}, salary={from=350000, to=600000, currency=KZT, gross=false}, type={id=open, name=Открытая}, address={city=Астана, street=улица Иманбаевой, building=5, lat=51.161189, lng=71.435451, description=null, raw=Астана, улица Иманбаевой, 5, metro=null, metro_stations=[], id=13825683}, response_url=null, sort_point_distance=null, published_at=2024-12-13T08:58:31+0300, created_at=2024-12-13T08:58:31+0300, archived=false, apply_alternate_url=https://hh.ru/applicant/vacancy_response?vacancyId=111293705, show_logo_in_search=null, insider_interview=null, url=https://api.hh.ru/vacancies/111293705?host=hh.ru, alternate_url=https://hh.ru/vacancy/111293705, employer={id=10084842, name=Fundsmarket, url=https://api.hh.ru/employers/10084842, alternate_url=https://hh.ru/employer/10084842, logo_urls={original=https://img.hhcdn.ru/employer-logo-original/1132671.png, 90=https://img.hhcdn.ru/employer-logo/6151273.png, 240=https://img.hhcdn.ru/employer-logo/6151274.png}, vacancies_url=https://api.hh.ru/vacancies?employer_id=10084842, accredited_it_employer=false, trusted=true}, professional_roles=[{id=96, name=Программист, разработчик}]}}
2024-12-15 14:00:46 ERROR c.e.demo.service.VacancyService - {id=4208534292, state={id=invitation, name=Приглашение}, created_at=2024-12-14T14:55:27+0300, updated_at=2024-12-14T14:57:00+0300, resume={id=999442fcff094a83d90039ed1f6c794d4e6436, title=Java-разработчик, url=https://api.hh.ru/resumes/999442fcff094a83d90039ed1f6c794d4e6436, alternate_url=https://hh.ru/resume/999442fcff094a83d90039ed1f6c794d4e6436}, viewed_by_opponent=true, has_updates=true, messages_url=https://api.hh.ru/negotiations/4208534292/messages, url=https://api.hh.ru/negotiations/4208534292, counters={messages=1, unread_messages=0}, chat_states={response_reminder_state={allowed=false}}, source=NEGOTIATION, chat_id=4217623455, messaging_status=ok, decline_allowed=true, read=true, has_new_messages=true, applicant_question_state=false, hidden=false, vacancy={id=112733439, premium=false, name=Backend-разработчик в IT-Хаб (Java/Python/Golang/.NET), department=null, has_test=false, response_letter_required=false, area={id=99, name=Уфа, url=https://api.hh.ru/areas/99}, salary=null, type={id=open, name=Открытая}, address=null, response_url=null, sort_point_distance=null, published_at=2024-12-09T05:15:14+0300, created_at=2024-12-09T05:15:14+0300, archived=false, apply_alternate_url=https://hh.ru/applicant/vacancy_response?vacancyId=112733439, show_logo_in_search=null, insider_interview=null, url=https://api.hh.ru/vacancies/112733439?host=hh.ru, alternate_url=https://hh.ru/vacancy/112733439, employer={id=9479446, name=Мартынцев Артем Сергеевич, url=https://api.hh.ru/employers/9479446, alternate_url=https://hh.ru/employer/9479446, logo_urls={original=https://img.hhcdn.ru/employer-logo-original/1264204.png, 90=https://img.hhcdn.ru/employer-logo/6677142.png, 240=https://img.hhcdn.ru/employer-logo/6677143.png}, vacancies_url=https://api.hh.ru/vacancies?employer_id=9479446, accredited_it_employer=false, trusted=true}, professional_roles=[{id=96, name=Программист, разработчик}]}}
2024-12-15 14:00:46 INFO  c.e.demo.service.VacancyService - Ссылка на вакансию (alternate_url): https://hh.ru/vacancy/112733439
2024-12-15 14:00:46 ERROR c.e.demo.service.VacancyService - {id=4208534190, state={id=invitation, name=Приглашение}, created_at=2024-12-14T14:55:21+0300, updated_at=2024-12-14T14:56:30+0300, resume={id=999442fcff094a83d90039ed1f6c794d4e6436, title=Java-разработчик, url=https://api.hh.ru/resumes/999442fcff094a83d90039ed1f6c794d4e6436, alternate_url=https://hh.ru/resume/999442fcff094a83d90039ed1f6c794d4e6436}, viewed_by_opponent=true, has_updates=true, messages_url=https://api.hh.ru/negotiations/4208534190/messages, url=https://api.hh.ru/negotiations/4208534190, counters={messages=1, unread_messages=0}, chat_states={response_reminder_state={allowed=false}}, source=NEGOTIATION, chat_id=4217623350, messaging_status=ok, decline_allowed=true, read=true, has_new_messages=true, applicant_question_state=false, hidden=false, vacancy={id=112371843, premium=false, name=Junior Java разработчик (Стажер), department=null, has_test=false, response_letter_required=false, area={id=54, name=Красноярск, url=https://api.hh.ru/areas/54}, salary=null, type={id=open, name=Открытая}, address=null, response_url=null, sort_point_distance=null, published_at=2024-12-03T06:13:32+0300, created_at=2024-12-03T06:13:32+0300, archived=false, apply_alternate_url=https://hh.ru/applicant/vacancy_response?vacancyId=112371843, show_logo_in_search=null, insider_interview=null, url=https://api.hh.ru/vacancies/112371843?host=hh.ru, alternate_url=https://hh.ru/vacancy/112371843, employer={id=8550, name=Центр финансовых технологий, url=https://api.hh.ru/employers/8550, alternate_url=https://hh.ru/employer/8550, logo_urls={original=https://img.hhcdn.ru/employer-logo-original/690133.gif, 240=https://img.hhcdn.ru/employer-logo/3201665.png, 90=https://img.hhcdn.ru/employer-logo/3201664.png}, vacancies_url=https://api.hh.ru/vacancies?employer_id=8550, accredited_it_employer=true, trusted=true}, professional_roles=[{id=96, name=Программист, разработчик}]}}
2024-12-15 14:00:46 INFO  c.e.demo.service.VacancyService - Ссылка на вакансию (alternate_url): https://hh.ru/vacancy/112371843
2024-12-15 14:00:46 ERROR c.e.demo.service.VacancyService - {id=4208534210, state={id=invitation, name=Приглашение}, created_at=2024-12-14T14:55:22+0300, updated_at=2024-12-14T14:56:30+0300, resume={id=999442fcff094a83d90039ed1f6c794d4e6436, title=Java-разработчик, url=https://api.hh.ru/resumes/999442fcff094a83d90039ed1f6c794d4e6436, alternate_url=https://hh.ru/resume/999442fcff094a83d90039ed1f6c794d4e6436}, viewed_by_opponent=true, has_updates=true, messages_url=https://api.hh.ru/negotiations/4208534210/messages, url=https://api.hh.ru/negotiations/4208534210, counters={messages=1, unread_messages=0}, chat_states={response_reminder_state={allowed=false}}, source=NEGOTIATION, chat_id=4217623370, messaging_status=ok, decline_allowed=true, read=true, has_new_messages=true, applicant_question_state=false, hidden=false, vacancy={id=112371842, premium=false, name=Junior Java разработчик (Стажер), department=null, has_test=false, response_letter_required=false, area={id=90, name=Томск, url=https://api.hh.ru/areas/90}, salary=null, type={id=open, name=Открытая}, address=null, response_url=null, sort_point_distance=null, published_at=2024-12-03T06:13:32+0300, created_at=2024-12-03T06:13:32+0300, archived=false, apply_alternate_url=https://hh.ru/applicant/vacancy_response?vacancyId=112371842, show_logo_in_search=null, insider_interview=null, url=https://api.hh.ru/vacancies/112371842?host=hh.ru, alternate_url=https://hh.ru/vacancy/112371842, employer={id=8550, name=Центр финансовых технологий, url=https://api.hh.ru/employers/8550, alternate_url=https://hh.ru/employer/8550, logo_urls={original=https://img.hhcdn.ru/employer-logo-original/690133.gif, 240=https://img.hhcdn.ru/employer-logo/3201665.png, 90=https://img.hhcdn.ru/employer-logo/3201664.png}, vacancies_url=https://api.hh.ru/vacancies?employer_id=8550, accredited_it_employer=true, trusted=true}, professional_roles=[{id=96, name=Программист, разработчик}]}}
2024-12-15 14:00:46 INFO  c.e.demo.service.VacancyService - Ссылка на вакансию (alternate_url): https://hh.ru/vacancy/112371842
2024-12-15 14:00:46 DEBUG c.e.demo.service.NotificationService - Отправка уведомления в Telegram: []
2024-12-15 14:00:48 INFO  o.a.k.c.c.i.ConsumerCoordinator - [Consumer clientId=consumer-auth_service-2, groupId=auth_service] Successfully joined group with generation Generation{generationId=1251, memberId='consumer-auth_service-2-75169594-0604-4ec9-b71a-7af16be66049', protocol='range'}
2024-12-15 14:00:48 INFO  o.a.k.c.c.i.ConsumerCoordinator - [Consumer clientId=consumer-auth_service-7, groupId=auth_service] Successfully joined group with generation Generation{generationId=1251, memberId='consumer-auth_service-7-90e1dc80-4b31-4e47-9685-66a8530da5e0', protocol='range'}
2024-12-15 14:00:48 INFO  o.a.k.c.c.i.ConsumerCoordinator - [Consumer clientId=consumer-auth_service-6, groupId=auth_service] Successfully joined group with generation Generation{generationId=1251, memberId='consumer-auth_service-6-9d66e750-2274-470d-a655-c59c8156a312', protocol='range'}
2024-12-15 14:00:48 INFO  o.a.k.c.c.i.ConsumerCoordinator - [Consumer clientId=consumer-auth_service-3, groupId=auth_service] Successfully joined group with generation Generation{generationId=1251, memberId='consumer-auth_service-3-3380736d-6758-4012-8961-67b6fc01166f', protocol='range'}
2024-12-15 14:00:48 INFO  o.a.k.c.c.i.ConsumerCoordinator - [Consumer clientId=consumer-auth_service-1, groupId=auth_service] Successfully joined group with generation Generation{generationId=1251, memberId='consumer-auth_service-1-3b5a5c0c-05ff-4500-b767-b5be2fd58b1c', protocol='range'}
2024-12-15 14:00:48 INFO  o.a.k.c.c.i.ConsumerCoordinator - [Consumer clientId=consumer-auth_service-4, groupId=auth_service] Successfully joined group with generation Generation{generationId=1251, memberId='consumer-auth_service-4-a1144f30-1ec9-495e-a0fa-2d8b80d92d65', protocol='range'}
2024-12-15 14:00:48 INFO  o.a.k.c.c.i.ConsumerCoordinator - [Consumer clientId=consumer-auth_service-5, groupId=auth_service] Successfully joined group with generation Generation{generationId=1251, memberId='consumer-auth_service-5-9fd5941e-001a-46ad-b205-a3cc6f841737', protocol='range'}
2024-12-15 14:00:48 INFO  o.a.k.c.c.i.ConsumerCoordinator - [Consumer clientId=consumer-auth_service-8, groupId=auth_service] Successfully joined group with generation Generation{generationId=1251, memberId='consumer-auth_service-8-99f937a9-d8fe-49ed-a96d-a961c288ab8e', protocol='range'}
2024-12-15 14:00:49 INFO  o.a.k.c.c.i.ConsumerCoordinator - [Consumer clientId=consumer-auth_service-3, groupId=auth_service] Finished assignment for group at generation 1251: {consumer-auth_service-6-9d66e750-2274-470d-a655-c59c8156a312=Assignment(partitions=[registry-0]), consumer-auth_service-7-90e1dc80-4b31-4e47-9685-66a8530da5e0=Assignment(partitions=[filter-0]), consumer-auth_service-5-9fd5941e-001a-46ad-b205-a3cc6f841737=Assignment(partitions=[getLink-0]), consumer-auth_service-3-3380736d-6758-4012-8961-67b6fc01166f=Assignment(partitions=[stop-0]), consumer-auth_service-4-a1144f30-1ec9-495e-a0fa-2d8b80d92d65=Assignment(partitions=[status-0]), consumer-auth_service-1-3b5a5c0c-05ff-4500-b767-b5be2fd58b1c=Assignment(partitions=[ping-0]), consumer-auth_service-8-99f937a9-d8fe-49ed-a96d-a961c288ab8e=Assignment(partitions=[start-0]), consumer-auth_service-2-75169594-0604-4ec9-b71a-7af16be66049=Assignment(partitions=[profile-0])}
2024-12-15 14:00:49 INFO  o.a.k.c.c.i.ConsumerCoordinator - [Consumer clientId=consumer-auth_service-7, groupId=auth_service] Successfully synced group in generation Generation{generationId=1251, memberId='consumer-auth_service-7-90e1dc80-4b31-4e47-9685-66a8530da5e0', protocol='range'}
2024-12-15 14:00:49 INFO  o.a.k.c.c.i.ConsumerCoordinator - [Consumer clientId=consumer-auth_service-2, groupId=auth_service] Successfully synced group in generation Generation{generationId=1251, memberId='consumer-auth_service-2-75169594-0604-4ec9-b71a-7af16be66049', protocol='range'}
2024-12-15 14:00:49 INFO  o.a.k.c.c.i.ConsumerCoordinator - [Consumer clientId=consumer-auth_service-7, groupId=auth_service] Notifying assignor about the new Assignment(partitions=[filter-0])
2024-12-15 14:00:49 INFO  o.a.k.c.c.i.ConsumerCoordinator - [Consumer clientId=consumer-auth_service-2, groupId=auth_service] Notifying assignor about the new Assignment(partitions=[profile-0])
2024-12-15 14:00:49 INFO  o.a.k.c.c.i.ConsumerCoordinator - [Consumer clientId=consumer-auth_service-6, groupId=auth_service] Successfully synced group in generation Generation{generationId=1251, memberId='consumer-auth_service-6-9d66e750-2274-470d-a655-c59c8156a312', protocol='range'}
2024-12-15 14:00:49 INFO  o.a.k.c.c.i.ConsumerCoordinator - [Consumer clientId=consumer-auth_service-3, groupId=auth_service] Successfully synced group in generation Generation{generationId=1251, memberId='consumer-auth_service-3-3380736d-6758-4012-8961-67b6fc01166f', protocol='range'}
2024-12-15 14:00:49 INFO  o.a.k.c.c.i.ConsumerCoordinator - [Consumer clientId=consumer-auth_service-6, groupId=auth_service] Notifying assignor about the new Assignment(partitions=[registry-0])
2024-12-15 14:00:49 INFO  o.a.k.c.c.i.ConsumerCoordinator - [Consumer clientId=consumer-auth_service-3, groupId=auth_service] Notifying assignor about the new Assignment(partitions=[stop-0])
2024-12-15 14:00:49 INFO  o.a.k.c.c.i.ConsumerRebalanceListenerInvoker - [Consumer clientId=consumer-auth_service-6, groupId=auth_service] Adding newly assigned partitions: registry-0
2024-12-15 14:00:49 INFO  o.a.k.c.c.i.ConsumerRebalanceListenerInvoker - [Consumer clientId=consumer-auth_service-2, groupId=auth_service] Adding newly assigned partitions: profile-0
2024-12-15 14:00:49 INFO  o.a.k.c.c.i.ConsumerRebalanceListenerInvoker - [Consumer clientId=consumer-auth_service-7, groupId=auth_service] Adding newly assigned partitions: filter-0
2024-12-15 14:00:49 INFO  o.a.k.c.c.i.ConsumerRebalanceListenerInvoker - [Consumer clientId=consumer-auth_service-3, groupId=auth_service] Adding newly assigned partitions: stop-0
2024-12-15 14:00:49 INFO  o.a.k.c.c.i.ConsumerCoordinator - [Consumer clientId=consumer-auth_service-1, groupId=auth_service] Successfully synced group in generation Generation{generationId=1251, memberId='consumer-auth_service-1-3b5a5c0c-05ff-4500-b767-b5be2fd58b1c', protocol='range'}
2024-12-15 14:00:49 INFO  o.a.k.c.c.i.ConsumerCoordinator - [Consumer clientId=consumer-auth_service-4, groupId=auth_service] Successfully synced group in generation Generation{generationId=1251, memberId='consumer-auth_service-4-a1144f30-1ec9-495e-a0fa-2d8b80d92d65', protocol='range'}
2024-12-15 14:00:49 INFO  o.a.k.c.c.i.ConsumerCoordinator - [Consumer clientId=consumer-auth_service-1, groupId=auth_service] Notifying assignor about the new Assignment(partitions=[ping-0])
2024-12-15 14:00:49 INFO  o.a.k.c.c.i.ConsumerCoordinator - [Consumer clientId=consumer-auth_service-4, groupId=auth_service] Notifying assignor about the new Assignment(partitions=[status-0])
2024-12-15 14:00:49 INFO  o.a.k.c.c.i.ConsumerRebalanceListenerInvoker - [Consumer clientId=consumer-auth_service-1, groupId=auth_service] Adding newly assigned partitions: ping-0
2024-12-15 14:00:49 INFO  o.a.k.c.c.i.ConsumerRebalanceListenerInvoker - [Consumer clientId=consumer-auth_service-4, groupId=auth_service] Adding newly assigned partitions: status-0
2024-12-15 14:00:49 INFO  o.a.k.c.c.i.ConsumerCoordinator - [Consumer clientId=consumer-auth_service-5, groupId=auth_service] Successfully synced group in generation Generation{generationId=1251, memberId='consumer-auth_service-5-9fd5941e-001a-46ad-b205-a3cc6f841737', protocol='range'}
2024-12-15 14:00:49 INFO  o.a.k.c.c.i.ConsumerCoordinator - [Consumer clientId=consumer-auth_service-5, groupId=auth_service] Notifying assignor about the new Assignment(partitions=[getLink-0])
2024-12-15 14:00:49 INFO  o.a.k.c.c.i.ConsumerCoordinator - [Consumer clientId=consumer-auth_service-8, groupId=auth_service] Successfully synced group in generation Generation{generationId=1251, memberId='consumer-auth_service-8-99f937a9-d8fe-49ed-a96d-a961c288ab8e', protocol='range'}
2024-12-15 14:00:49 INFO  o.a.k.c.c.i.ConsumerRebalanceListenerInvoker - [Consumer clientId=consumer-auth_service-5, groupId=auth_service] Adding newly assigned partitions: getLink-0
2024-12-15 14:00:49 INFO  o.a.k.c.c.i.ConsumerCoordinator - [Consumer clientId=consumer-auth_service-8, groupId=auth_service] Notifying assignor about the new Assignment(partitions=[start-0])
2024-12-15 14:00:49 INFO  o.a.k.c.c.i.ConsumerRebalanceListenerInvoker - [Consumer clientId=consumer-auth_service-8, groupId=auth_service] Adding newly assigned partitions: start-0
2024-12-15 14:00:49 INFO  o.a.k.c.c.internals.ConsumerUtils - Setting offset for partition filter-0 to the committed offset FetchPosition{offset=62, offsetEpoch=Optional.empty, currentLeader=LeaderAndEpoch{leader=Optional[37.194.168.90:9092 (id: 1 rack: null)], epoch=0}}
2024-12-15 14:00:49 INFO  o.a.k.c.c.internals.ConsumerUtils - Setting offset for partition stop-0 to the committed offset FetchPosition{offset=20, offsetEpoch=Optional.empty, currentLeader=LeaderAndEpoch{leader=Optional[37.194.168.90:9092 (id: 1 rack: null)], epoch=0}}
2024-12-15 14:00:49 INFO  o.a.k.c.c.internals.ConsumerUtils - Setting offset for partition profile-0 to the committed offset FetchPosition{offset=60, offsetEpoch=Optional.empty, currentLeader=LeaderAndEpoch{leader=Optional[37.194.168.90:9092 (id: 1 rack: null)], epoch=0}}
2024-12-15 14:00:49 INFO  o.a.k.c.c.internals.ConsumerUtils - Setting offset for partition registry-0 to the committed offset FetchPosition{offset=143, offsetEpoch=Optional.empty, currentLeader=LeaderAndEpoch{leader=Optional[37.194.168.90:9092 (id: 1 rack: null)], epoch=0}}
2024-12-15 14:00:49 INFO  o.s.k.l.KafkaMessageListenerContainer - auth_service: partitions assigned: [stop-0]
2024-12-15 14:00:49 INFO  o.s.k.l.KafkaMessageListenerContainer - auth_service: partitions assigned: [profile-0]
2024-12-15 14:00:49 INFO  o.a.k.c.c.internals.ConsumerUtils - Setting offset for partition ping-0 to the committed offset FetchPosition{offset=1142, offsetEpoch=Optional.empty, currentLeader=LeaderAndEpoch{leader=Optional[37.194.168.90:9092 (id: 1 rack: null)], epoch=0}}
2024-12-15 14:00:49 INFO  o.s.k.l.KafkaMessageListenerContainer - auth_service: partitions assigned: [ping-0]
2024-12-15 14:00:49 INFO  o.a.k.c.c.internals.ConsumerUtils - Setting offset for partition status-0 to the committed offset FetchPosition{offset=85, offsetEpoch=Optional.empty, currentLeader=LeaderAndEpoch{leader=Optional[37.194.168.90:9092 (id: 1 rack: null)], epoch=0}}
2024-12-15 14:00:49 INFO  o.a.k.c.c.internals.ConsumerUtils - Setting offset for partition getLink-0 to the committed offset FetchPosition{offset=86, offsetEpoch=Optional.empty, currentLeader=LeaderAndEpoch{leader=Optional[37.194.168.90:9092 (id: 1 rack: null)], epoch=0}}
2024-12-15 14:00:49 INFO  o.a.k.c.c.internals.ConsumerUtils - Setting offset for partition start-0 to the committed offset FetchPosition{offset=243, offsetEpoch=Optional.empty, currentLeader=LeaderAndEpoch{leader=Optional[37.194.168.90:9092 (id: 1 rack: null)], epoch=0}}
2024-12-15 14:00:49 INFO  o.s.k.l.KafkaMessageListenerContainer - auth_service: partitions assigned: [start-0]
2024-12-15 14:00:49 INFO  o.s.k.l.KafkaMessageListenerContainer - auth_service: partitions assigned: [getLink-0]
2024-12-15 14:00:49 INFO  o.s.k.l.KafkaMessageListenerContainer - auth_service: partitions assigned: [registry-0]
2024-12-15 14:00:49 INFO  o.s.k.l.KafkaMessageListenerContainer - auth_service: partitions assigned: [filter-0]
2024-12-15 14:00:49 INFO  o.s.k.l.KafkaMessageListenerContainer - auth_service: partitions assigned: [status-0]
2024-12-15 14:01:07 INFO  o.a.coyote.http11.Http11Processor - Error parsing HTTP request header
 Note: further occurrences of HTTP request parsing errors will be logged at DEBUG level.
java.lang.IllegalArgumentException: Invalid character found in method name [0x160x030x010x060xc00x010x000x060xbc0x030x03(0xce0x8a0xdd0xda0x170x8d0xe90x9dxoV{V0x120xa1#zh0x100x1c-0xfbw0xd2=0x8aN<0xfe>p ]. HTTP method names must be tokens
	at org.apache.coyote.http11.Http11InputBuffer.parseRequestLine(Http11InputBuffer.java:407)
	at org.apache.coyote.http11.Http11Processor.service(Http11Processor.java:257)
	at org.apache.coyote.AbstractProcessorLight.process(AbstractProcessorLight.java:63)
	at org.apache.coyote.AbstractProtocol$ConnectionHandler.process(AbstractProtocol.java:905)
	at org.apache.tomcat.util.net.NioEndpoint$SocketProcessor.doRun(NioEndpoint.java:1741)
	at org.apache.tomcat.util.net.SocketProcessorBase.run(SocketProcessorBase.java:52)
	at org.apache.tomcat.util.threads.ThreadPoolExecutor.runWorker(ThreadPoolExecutor.java:1190)
	at org.apache.tomcat.util.threads.ThreadPoolExecutor$Worker.run(ThreadPoolExecutor.java:659)
	at org.apache.tomcat.util.threads.TaskThread$WrappingRunnable.run(TaskThread.java:63)
	at java.base/java.lang.Thread.run(Thread.java:840)
2024-12-15 14:02:04 INFO  o.a.k.c.c.i.ConsumerRebalanceListenerInvoker - [Consumer clientId=consumer-auth_service-4, groupId=auth_service] Revoke previously assigned partitions status-0
2024-12-15 14:02:04 INFO  o.a.k.c.c.i.ConsumerRebalanceListenerInvoker - [Consumer clientId=consumer-auth_service-1, groupId=auth_service] Revoke previously assigned partitions ping-0
2024-12-15 14:02:04 INFO  o.a.k.c.c.i.ConsumerRebalanceListenerInvoker - [Consumer clientId=consumer-auth_service-5, groupId=auth_service] Revoke previously assigned partitions getLink-0
2024-12-15 14:02:04 INFO  o.a.k.c.c.i.ConsumerRebalanceListenerInvoker - [Consumer clientId=consumer-auth_service-2, groupId=auth_service] Revoke previously assigned partitions profile-0
2024-12-15 14:02:04 INFO  o.a.k.c.c.i.ConsumerRebalanceListenerInvoker - [Consumer clientId=consumer-auth_service-7, groupId=auth_service] Revoke previously assigned partitions filter-0
2024-12-15 14:02:04 INFO  o.a.k.c.c.i.ConsumerRebalanceListenerInvoker - [Consumer clientId=consumer-auth_service-8, groupId=auth_service] Revoke previously assigned partitions start-0
2024-12-15 14:02:04 INFO  o.a.k.c.c.i.ConsumerRebalanceListenerInvoker - [Consumer clientId=consumer-auth_service-3, groupId=auth_service] Revoke previously assigned partitions stop-0
2024-12-15 14:02:04 INFO  o.a.k.c.c.i.ConsumerRebalanceListenerInvoker - [Consumer clientId=consumer-auth_service-6, groupId=auth_service] Revoke previously assigned partitions registry-0
2024-12-15 14:02:04 INFO  o.s.k.l.KafkaMessageListenerContainer - auth_service: partitions revoked: [stop-0]
2024-12-15 14:02:04 INFO  o.s.k.l.KafkaMessageListenerContainer - auth_service: partitions revoked: [filter-0]
2024-12-15 14:02:04 INFO  o.s.k.l.KafkaMessageListenerContainer - auth_service: partitions revoked: [start-0]
2024-12-15 14:02:04 INFO  o.s.k.l.KafkaMessageListenerContainer - auth_service: partitions revoked: [status-0]
2024-12-15 14:02:04 INFO  o.s.k.l.KafkaMessageListenerContainer - auth_service: partitions revoked: [getLink-0]
2024-12-15 14:02:04 INFO  o.s.k.l.KafkaMessageListenerContainer - auth_service: partitions revoked: [registry-0]
2024-12-15 14:02:04 INFO  o.s.k.l.KafkaMessageListenerContainer - auth_service: partitions revoked: [ping-0]
2024-12-15 14:02:04 INFO  o.s.k.l.KafkaMessageListenerContainer - auth_service: partitions revoked: [profile-0]
2024-12-15 14:02:04 INFO  o.a.k.c.c.i.ConsumerCoordinator - [Consumer clientId=consumer-auth_service-3, groupId=auth_service] Member consumer-auth_service-3-3380736d-6758-4012-8961-67b6fc01166f sending LeaveGroup request to coordinator 37.194.168.90:9092 (id: 2147483646 rack: null) due to the consumer unsubscribed from all topics
2024-12-15 14:02:04 INFO  o.a.k.c.c.i.ConsumerCoordinator - [Consumer clientId=consumer-auth_service-7, groupId=auth_service] Member consumer-auth_service-7-90e1dc80-4b31-4e47-9685-66a8530da5e0 sending LeaveGroup request to coordinator 37.194.168.90:9092 (id: 2147483646 rack: null) due to the consumer unsubscribed from all topics
2024-12-15 14:02:04 INFO  o.a.k.c.c.i.ConsumerCoordinator - [Consumer clientId=consumer-auth_service-6, groupId=auth_service] Member consumer-auth_service-6-9d66e750-2274-470d-a655-c59c8156a312 sending LeaveGroup request to coordinator 37.194.168.90:9092 (id: 2147483646 rack: null) due to the consumer unsubscribed from all topics
2024-12-15 14:02:04 INFO  o.a.k.c.c.i.ConsumerCoordinator - [Consumer clientId=consumer-auth_service-5, groupId=auth_service] Member consumer-auth_service-5-9fd5941e-001a-46ad-b205-a3cc6f841737 sending LeaveGroup request to coordinator 37.194.168.90:9092 (id: 2147483646 rack: null) due to the consumer unsubscribed from all topics
2024-12-15 14:02:04 INFO  o.a.k.c.c.i.ConsumerCoordinator - [Consumer clientId=consumer-auth_service-1, groupId=auth_service] Member consumer-auth_service-1-3b5a5c0c-05ff-4500-b767-b5be2fd58b1c sending LeaveGroup request to coordinator 37.194.168.90:9092 (id: 2147483646 rack: null) due to the consumer unsubscribed from all topics
2024-12-15 14:02:04 INFO  o.a.k.c.c.i.ConsumerCoordinator - [Consumer clientId=consumer-auth_service-4, groupId=auth_service] Member consumer-auth_service-4-a1144f30-1ec9-495e-a0fa-2d8b80d92d65 sending LeaveGroup request to coordinator 37.194.168.90:9092 (id: 2147483646 rack: null) due to the consumer unsubscribed from all topics
2024-12-15 14:02:04 INFO  o.a.k.c.c.i.ConsumerCoordinator - [Consumer clientId=consumer-auth_service-8, groupId=auth_service] Member consumer-auth_service-8-99f937a9-d8fe-49ed-a96d-a961c288ab8e sending LeaveGroup request to coordinator 37.194.168.90:9092 (id: 2147483646 rack: null) due to the consumer unsubscribed from all topics
2024-12-15 14:02:04 INFO  o.a.k.c.c.i.ConsumerCoordinator - [Consumer clientId=consumer-auth_service-2, groupId=auth_service] Member consumer-auth_service-2-75169594-0604-4ec9-b71a-7af16be66049 sending LeaveGroup request to coordinator 37.194.168.90:9092 (id: 2147483646 rack: null) due to the consumer unsubscribed from all topics
2024-12-15 14:02:04 INFO  o.a.k.c.c.i.ConsumerCoordinator - [Consumer clientId=consumer-auth_service-4, groupId=auth_service] Resetting generation and member id due to: consumer pro-actively leaving the group
2024-12-15 14:02:04 INFO  o.a.k.c.c.i.ConsumerCoordinator - [Consumer clientId=consumer-auth_service-7, groupId=auth_service] Resetting generation and member id due to: consumer pro-actively leaving the group
2024-12-15 14:02:04 INFO  o.a.k.c.c.i.ConsumerCoordinator - [Consumer clientId=consumer-auth_service-6, groupId=auth_service] Resetting generation and member id due to: consumer pro-actively leaving the group
2024-12-15 14:02:04 INFO  o.a.k.c.c.i.ConsumerCoordinator - [Consumer clientId=consumer-auth_service-7, groupId=auth_service] Request joining group due to: consumer pro-actively leaving the group
2024-12-15 14:02:04 INFO  o.a.k.c.c.i.ConsumerCoordinator - [Consumer clientId=consumer-auth_service-8, groupId=auth_service] Resetting generation and member id due to: consumer pro-actively leaving the group
2024-12-15 14:02:04 INFO  o.a.k.c.c.i.ConsumerCoordinator - [Consumer clientId=consumer-auth_service-6, groupId=auth_service] Request joining group due to: consumer pro-actively leaving the group
2024-12-15 14:02:04 INFO  o.a.k.c.c.i.ConsumerCoordinator - [Consumer clientId=consumer-auth_service-3, groupId=auth_service] Resetting generation and member id due to: consumer pro-actively leaving the group
2024-12-15 14:02:04 INFO  o.a.k.c.c.i.ConsumerCoordinator - [Consumer clientId=consumer-auth_service-2, groupId=auth_service] Resetting generation and member id due to: consumer pro-actively leaving the group
2024-12-15 14:02:04 INFO  o.a.k.c.c.i.ConsumerCoordinator - [Consumer clientId=consumer-auth_service-5, groupId=auth_service] Resetting generation and member id due to: consumer pro-actively leaving the group
2024-12-15 14:02:04 INFO  o.a.k.c.c.i.ConsumerCoordinator - [Consumer clientId=consumer-auth_service-1, groupId=auth_service] Resetting generation and member id due to: consumer pro-actively leaving the group
2024-12-15 14:02:04 INFO  o.a.k.c.c.i.ConsumerCoordinator - [Consumer clientId=consumer-auth_service-5, groupId=auth_service] Request joining group due to: consumer pro-actively leaving the group
2024-12-15 14:02:04 INFO  o.a.k.c.c.i.ConsumerCoordinator - [Consumer clientId=consumer-auth_service-1, groupId=auth_service] Request joining group due to: consumer pro-actively leaving the group
2024-12-15 14:02:04 INFO  o.a.k.c.c.i.ConsumerCoordinator - [Consumer clientId=consumer-auth_service-4, groupId=auth_service] Request joining group due to: consumer pro-actively leaving the group
2024-12-15 14:02:04 INFO  o.a.k.c.c.i.LegacyKafkaConsumer - [Consumer clientId=consumer-auth_service-7, groupId=auth_service] Unsubscribed all topics or patterns and assigned partitions
2024-12-15 14:02:04 INFO  o.a.k.c.c.i.ConsumerCoordinator - [Consumer clientId=consumer-auth_service-8, groupId=auth_service] Request joining group due to: consumer pro-actively leaving the group
2024-12-15 14:02:04 INFO  o.a.k.c.c.i.LegacyKafkaConsumer - [Consumer clientId=consumer-auth_service-6, groupId=auth_service] Unsubscribed all topics or patterns and assigned partitions
2024-12-15 14:02:04 INFO  o.a.k.c.c.i.ConsumerCoordinator - [Consumer clientId=consumer-auth_service-3, groupId=auth_service] Request joining group due to: consumer pro-actively leaving the group
2024-12-15 14:02:04 INFO  o.a.k.c.c.i.ConsumerCoordinator - [Consumer clientId=consumer-auth_service-2, groupId=auth_service] Request joining group due to: consumer pro-actively leaving the group
2024-12-15 14:02:04 INFO  o.a.k.c.c.i.LegacyKafkaConsumer - [Consumer clientId=consumer-auth_service-3, groupId=auth_service] Unsubscribed all topics or patterns and assigned partitions
2024-12-15 14:02:04 INFO  o.a.k.c.c.i.LegacyKafkaConsumer - [Consumer clientId=consumer-auth_service-2, groupId=auth_service] Unsubscribed all topics or patterns and assigned partitions
2024-12-15 14:02:04 INFO  o.a.k.c.c.i.LegacyKafkaConsumer - [Consumer clientId=consumer-auth_service-5, groupId=auth_service] Unsubscribed all topics or patterns and assigned partitions
2024-12-15 14:02:04 INFO  o.a.k.c.c.i.LegacyKafkaConsumer - [Consumer clientId=consumer-auth_service-1, groupId=auth_service] Unsubscribed all topics or patterns and assigned partitions
2024-12-15 14:02:04 INFO  o.a.k.c.c.i.LegacyKafkaConsumer - [Consumer clientId=consumer-auth_service-4, groupId=auth_service] Unsubscribed all topics or patterns and assigned partitions
2024-12-15 14:02:04 INFO  o.a.k.c.c.i.LegacyKafkaConsumer - [Consumer clientId=consumer-auth_service-8, groupId=auth_service] Unsubscribed all topics or patterns and assigned partitions
2024-12-15 14:02:04 INFO  o.a.k.c.c.i.ConsumerCoordinator - [Consumer clientId=consumer-auth_service-7, groupId=auth_service] Resetting generation and member id due to: consumer pro-actively leaving the group
2024-12-15 14:02:04 INFO  o.a.k.c.c.i.ConsumerCoordinator - [Consumer clientId=consumer-auth_service-4, groupId=auth_service] Resetting generation and member id due to: consumer pro-actively leaving the group
2024-12-15 14:02:04 INFO  o.a.k.c.c.i.ConsumerCoordinator - [Consumer clientId=consumer-auth_service-5, groupId=auth_service] Resetting generation and member id due to: consumer pro-actively leaving the group
2024-12-15 14:02:04 INFO  o.a.k.c.c.i.ConsumerCoordinator - [Consumer clientId=consumer-auth_service-4, groupId=auth_service] Request joining group due to: consumer pro-actively leaving the group
2024-12-15 14:02:04 INFO  o.a.k.c.c.i.ConsumerCoordinator - [Consumer clientId=consumer-auth_service-8, groupId=auth_service] Resetting generation and member id due to: consumer pro-actively leaving the group
2024-12-15 14:02:04 INFO  o.a.k.c.c.i.ConsumerCoordinator - [Consumer clientId=consumer-auth_service-1, groupId=auth_service] Resetting generation and member id due to: consumer pro-actively leaving the group
2024-12-15 14:02:04 INFO  o.a.k.c.c.i.ConsumerCoordinator - [Consumer clientId=consumer-auth_service-8, groupId=auth_service] Request joining group due to: consumer pro-actively leaving the group
2024-12-15 14:02:04 INFO  o.a.k.c.c.i.ConsumerCoordinator - [Consumer clientId=consumer-auth_service-2, groupId=auth_service] Resetting generation and member id due to: consumer pro-actively leaving the group
2024-12-15 14:02:04 INFO  o.a.k.c.c.i.ConsumerCoordinator - [Consumer clientId=consumer-auth_service-3, groupId=auth_service] Resetting generation and member id due to: consumer pro-actively leaving the group
2024-12-15 14:02:04 INFO  o.a.k.c.c.i.ConsumerCoordinator - [Consumer clientId=consumer-auth_service-6, groupId=auth_service] Resetting generation and member id due to: consumer pro-actively leaving the group
2024-12-15 14:02:04 INFO  o.a.k.c.c.i.ConsumerCoordinator - [Consumer clientId=consumer-auth_service-3, groupId=auth_service] Request joining group due to: consumer pro-actively leaving the group
2024-12-15 14:02:04 INFO  o.a.k.c.c.i.ConsumerCoordinator - [Consumer clientId=consumer-auth_service-7, groupId=auth_service] Request joining group due to: consumer pro-actively leaving the group
2024-12-15 14:02:04 INFO  o.a.k.c.c.i.ConsumerCoordinator - [Consumer clientId=consumer-auth_service-5, groupId=auth_service] Request joining group due to: consumer pro-actively leaving the group
2024-12-15 14:02:04 INFO  o.a.k.c.c.i.ConsumerCoordinator - [Consumer clientId=consumer-auth_service-1, groupId=auth_service] Request joining group due to: consumer pro-actively leaving the group
2024-12-15 14:02:04 INFO  o.a.k.c.c.i.ConsumerCoordinator - [Consumer clientId=consumer-auth_service-2, groupId=auth_service] Request joining group due to: consumer pro-actively leaving the group
2024-12-15 14:02:04 INFO  o.a.k.c.c.i.ConsumerCoordinator - [Consumer clientId=consumer-auth_service-6, groupId=auth_service] Request joining group due to: consumer pro-actively leaving the group
2024-12-15 14:02:04 INFO  o.a.kafka.common.metrics.Metrics - Metrics scheduler closed
2024-12-15 14:02:04 INFO  o.a.kafka.common.metrics.Metrics - Closing reporter org.apache.kafka.common.metrics.JmxReporter
2024-12-15 14:02:04 INFO  o.a.kafka.common.metrics.Metrics - Closing reporter org.apache.kafka.common.telemetry.internals.ClientTelemetryReporter
2024-12-15 14:02:04 INFO  o.a.kafka.common.metrics.Metrics - Metrics reporters closed
2024-12-15 14:02:04 INFO  o.a.kafka.common.metrics.Metrics - Metrics scheduler closed
2024-12-15 14:02:04 INFO  o.a.kafka.common.metrics.Metrics - Metrics scheduler closed
2024-12-15 14:02:04 INFO  o.a.kafka.common.metrics.Metrics - Metrics scheduler closed
2024-12-15 14:02:04 INFO  o.a.kafka.common.metrics.Metrics - Closing reporter org.apache.kafka.common.metrics.JmxReporter
2024-12-15 14:02:04 INFO  o.a.kafka.common.metrics.Metrics - Closing reporter org.apache.kafka.common.metrics.JmxReporter
2024-12-15 14:02:04 INFO  o.a.kafka.common.metrics.Metrics - Closing reporter org.apache.kafka.common.metrics.JmxReporter
2024-12-15 14:02:04 INFO  o.a.kafka.common.metrics.Metrics - Closing reporter org.apache.kafka.common.telemetry.internals.ClientTelemetryReporter
2024-12-15 14:02:04 INFO  o.a.kafka.common.metrics.Metrics - Metrics reporters closed
2024-12-15 14:02:04 INFO  o.a.kafka.common.metrics.Metrics - Closing reporter org.apache.kafka.common.telemetry.internals.ClientTelemetryReporter
2024-12-15 14:02:04 INFO  o.a.kafka.common.metrics.Metrics - Closing reporter org.apache.kafka.common.telemetry.internals.ClientTelemetryReporter
2024-12-15 14:02:04 INFO  o.a.kafka.common.metrics.Metrics - Metrics reporters closed
2024-12-15 14:02:04 INFO  o.a.kafka.common.metrics.Metrics - Metrics reporters closed
2024-12-15 14:02:04 INFO  o.a.kafka.common.metrics.Metrics - Metrics scheduler closed
2024-12-15 14:02:04 INFO  o.a.kafka.common.metrics.Metrics - Closing reporter org.apache.kafka.common.metrics.JmxReporter
2024-12-15 14:02:04 INFO  o.a.kafka.common.metrics.Metrics - Closing reporter org.apache.kafka.common.telemetry.internals.ClientTelemetryReporter
2024-12-15 14:02:04 INFO  o.a.kafka.common.metrics.Metrics - Metrics reporters closed
2024-12-15 14:02:04 INFO  o.a.kafka.common.metrics.Metrics - Metrics scheduler closed
2024-12-15 14:02:04 INFO  o.a.kafka.common.metrics.Metrics - Closing reporter org.apache.kafka.common.metrics.JmxReporter
2024-12-15 14:02:04 INFO  o.a.kafka.common.metrics.Metrics - Closing reporter org.apache.kafka.common.telemetry.internals.ClientTelemetryReporter
2024-12-15 14:02:04 INFO  o.a.kafka.common.metrics.Metrics - Metrics reporters closed
2024-12-15 14:02:04 INFO  o.a.kafka.common.utils.AppInfoParser - App info kafka.consumer for consumer-auth_service-1 unregistered
2024-12-15 14:02:04 INFO  o.s.k.l.KafkaMessageListenerContainer - auth_service: Consumer stopped
2024-12-15 14:02:04 INFO  o.a.kafka.common.metrics.Metrics - Metrics scheduler closed
2024-12-15 14:02:04 INFO  o.a.kafka.common.metrics.Metrics - Closing reporter org.apache.kafka.common.metrics.JmxReporter
2024-12-15 14:02:04 INFO  o.a.kafka.common.metrics.Metrics - Closing reporter org.apache.kafka.common.telemetry.internals.ClientTelemetryReporter
2024-12-15 14:02:04 INFO  o.a.kafka.common.metrics.Metrics - Metrics reporters closed
2024-12-15 14:02:04 INFO  o.a.kafka.common.utils.AppInfoParser - App info kafka.consumer for consumer-auth_service-3 unregistered
2024-12-15 14:02:04 INFO  o.s.k.l.KafkaMessageListenerContainer - auth_service: Consumer stopped
2024-12-15 14:02:04 INFO  o.a.kafka.common.utils.AppInfoParser - App info kafka.consumer for consumer-auth_service-2 unregistered
2024-12-15 14:02:04 INFO  o.s.k.l.KafkaMessageListenerContainer - auth_service: Consumer stopped
2024-12-15 14:02:04 INFO  o.a.kafka.common.utils.AppInfoParser - App info kafka.consumer for consumer-auth_service-7 unregistered
2024-12-15 14:02:04 INFO  o.s.k.l.KafkaMessageListenerContainer - auth_service: Consumer stopped
2024-12-15 14:02:04 INFO  o.a.kafka.common.utils.AppInfoParser - App info kafka.consumer for consumer-auth_service-5 unregistered
2024-12-15 14:02:04 INFO  o.s.k.l.KafkaMessageListenerContainer - auth_service: Consumer stopped
2024-12-15 14:02:04 INFO  o.a.kafka.common.utils.AppInfoParser - App info kafka.consumer for consumer-auth_service-4 unregistered
2024-12-15 14:02:04 INFO  o.s.k.l.KafkaMessageListenerContainer - auth_service: Consumer stopped
2024-12-15 14:02:04 INFO  o.a.kafka.common.utils.AppInfoParser - App info kafka.consumer for consumer-auth_service-8 unregistered
2024-12-15 14:02:04 INFO  o.s.k.l.KafkaMessageListenerContainer - auth_service: Consumer stopped
2024-12-15 14:02:04 INFO  o.a.kafka.common.metrics.Metrics - Metrics scheduler closed
2024-12-15 14:02:04 INFO  o.a.kafka.common.metrics.Metrics - Closing reporter org.apache.kafka.common.metrics.JmxReporter
2024-12-15 14:02:04 INFO  o.a.kafka.common.metrics.Metrics - Closing reporter org.apache.kafka.common.telemetry.internals.ClientTelemetryReporter
2024-12-15 14:02:04 INFO  o.a.kafka.common.metrics.Metrics - Metrics reporters closed
2024-12-15 14:02:04 INFO  o.a.kafka.common.utils.AppInfoParser - App info kafka.consumer for consumer-auth_service-6 unregistered
2024-12-15 14:02:04 INFO  o.s.k.l.KafkaMessageListenerContainer - auth_service: Consumer stopped
2024-12-15 14:02:06 INFO  o.s.o.j.LocalContainerEntityManagerFactoryBean - Closing JPA EntityManagerFactory for persistence unit 'default'
2024-12-15 14:02:06 INFO  com.zaxxer.hikari.HikariDataSource - HikariPool-1 - Shutdown initiated...
2024-12-15 14:02:07 INFO  c.e.demo.HhRecruiterApplicationKt - Starting HhRecruiterApplicationKt using Java 17.0.13 with PID 78492 (/Users/macygabr/Projects/hhRecruiter/build/classes/kotlin/main started by macygabr in /Users/macygabr/Projects/hhRecruiter)
2024-12-15 14:02:07 DEBUG c.e.demo.HhRecruiterApplicationKt - Running with Spring Boot v3.3.4, Spring v6.1.13
2024-12-15 14:02:07 INFO  c.e.demo.HhRecruiterApplicationKt - No active profile set, falling back to 1 default profile: "default"
2024-12-15 14:02:07 INFO  o.s.d.r.c.RepositoryConfigurationDelegate - Bootstrapping Spring Data JPA repositories in DEFAULT mode.
2024-12-15 14:02:07 INFO  o.s.d.r.c.RepositoryConfigurationDelegate - Finished Spring Data repository scanning in 107 ms. Found 4 JPA repository interfaces.
2024-12-15 14:02:08 INFO  o.s.b.w.e.tomcat.TomcatWebServer - Tomcat initialized with port 8080 (http)
2024-12-15 14:02:08 INFO  o.a.coyote.http11.Http11NioProtocol - Initializing ProtocolHandler ["http-nio-8080"]
2024-12-15 14:02:08 INFO  o.a.catalina.core.StandardService - Starting service [Tomcat]
2024-12-15 14:02:08 INFO  o.a.catalina.core.StandardEngine - Starting Servlet engine: [Apache Tomcat/10.1.30]
2024-12-15 14:02:08 INFO  o.a.c.c.C.[Tomcat].[localhost].[/] - Initializing Spring embedded WebApplicationContext
2024-12-15 14:02:08 INFO  o.s.b.w.s.c.ServletWebServerApplicationContext - Root WebApplicationContext: initialization completed in 1202 ms
2024-12-15 14:02:08 INFO  o.h.jpa.internal.util.LogHelper - HHH000204: Processing PersistenceUnitInfo [name: default]
2024-12-15 14:02:08 INFO  org.hibernate.Version - HHH000412: Hibernate ORM core version 6.5.3.Final
2024-12-15 14:02:08 INFO  o.h.c.i.RegionFactoryInitiator - HHH000026: Second-level cache disabled
2024-12-15 14:02:08 INFO  o.s.o.j.p.SpringPersistenceUnitInfo - No LoadTimeWeaver setup: ignoring JPA class transformer
2024-12-15 14:02:08 INFO  com.zaxxer.hikari.HikariDataSource - HikariPool-1 - Starting...
2024-12-15 14:02:08 INFO  com.zaxxer.hikari.HikariDataSource - HikariPool-1 - Shutdown completed.
2024-12-15 14:02:10 INFO  com.zaxxer.hikari.pool.HikariPool - HikariPool-1 - Added connection org.postgresql.jdbc.PgConnection@6949cead
2024-12-15 14:02:10 INFO  com.zaxxer.hikari.HikariDataSource - HikariPool-1 - Start completed.
2024-12-15 14:02:11 INFO  o.h.e.t.j.p.i.JtaPlatformInitiator - HHH000489: No JTA platform available (set 'hibernate.transaction.jta.platform' to enable JTA platform integration)
2024-12-15 14:02:15 INFO  o.s.o.j.LocalContainerEntityManagerFactoryBean - Initialized JPA EntityManagerFactory for persistence unit 'default'
2024-12-15 14:02:15 WARN  o.s.b.a.o.j.JpaBaseConfiguration$JpaWebConfiguration - spring.jpa.open-in-view is enabled by default. Therefore, database queries may be performed during view rendering. Explicitly configure spring.jpa.open-in-view to disable this warning
2024-12-15 14:02:15 INFO  o.a.coyote.http11.Http11NioProtocol - Starting ProtocolHandler ["http-nio-8080"]
2024-12-15 14:02:15 INFO  o.s.b.w.e.tomcat.TomcatWebServer - Tomcat started on port 8080 (http) with context path '/'
2024-12-15 14:02:15 INFO  o.a.k.c.consumer.ConsumerConfig - ConsumerConfig values: 
	allow.auto.create.topics = true
	auto.commit.interval.ms = 5000
	auto.include.jmx.reporter = true
	auto.offset.reset = latest
	bootstrap.servers = [37.194.168.90:9092]
	check.crcs = true
	client.dns.lookup = use_all_dns_ips
	client.id = consumer-auth_service-1
	client.rack = 
	connections.max.idle.ms = 540000
	default.api.timeout.ms = 60000
	enable.auto.commit = false
	enable.metrics.push = true
	exclude.internal.topics = true
	fetch.max.bytes = 52428800
	fetch.max.wait.ms = 500
	fetch.min.bytes = 1
	group.id = auth_service
	group.instance.id = null
	group.protocol = classic
	group.remote.assignor = null
	heartbeat.interval.ms = 3000
	interceptor.classes = []
	internal.leave.group.on.close = true
	internal.throw.on.fetch.stable.offset.unsupported = false
	isolation.level = read_uncommitted
	key.deserializer = class org.apache.kafka.common.serialization.StringDeserializer
	max.partition.fetch.bytes = 1048576
	max.poll.interval.ms = 300000
	max.poll.records = 500
	metadata.max.age.ms = 300000
	metric.reporters = []
	metrics.num.samples = 2
	metrics.recording.level = INFO
	metrics.sample.window.ms = 30000
	partition.assignment.strategy = [class org.apache.kafka.clients.consumer.RangeAssignor, class org.apache.kafka.clients.consumer.CooperativeStickyAssignor]
	receive.buffer.bytes = 65536
	reconnect.backoff.max.ms = 1000
	reconnect.backoff.ms = 50
	request.timeout.ms = 30000
	retry.backoff.max.ms = 1000
	retry.backoff.ms = 100
	sasl.client.callback.handler.class = null
	sasl.jaas.config = null
	sasl.kerberos.kinit.cmd = /usr/bin/kinit
	sasl.kerberos.min.time.before.relogin = 60000
	sasl.kerberos.service.name = null
	sasl.kerberos.ticket.renew.jitter = 0.05
	sasl.kerberos.ticket.renew.window.factor = 0.8
	sasl.login.callback.handler.class = null
	sasl.login.class = null
	sasl.login.connect.timeout.ms = null
	sasl.login.read.timeout.ms = null
	sasl.login.refresh.buffer.seconds = 300
	sasl.login.refresh.min.period.seconds = 60
	sasl.login.refresh.window.factor = 0.8
	sasl.login.refresh.window.jitter = 0.05
	sasl.login.retry.backoff.max.ms = 10000
	sasl.login.retry.backoff.ms = 100
	sasl.mechanism = GSSAPI
	sasl.oauthbearer.clock.skew.seconds = 30
	sasl.oauthbearer.expected.audience = null
	sasl.oauthbearer.expected.issuer = null
	sasl.oauthbearer.jwks.endpoint.refresh.ms = 3600000
	sasl.oauthbearer.jwks.endpoint.retry.backoff.max.ms = 10000
	sasl.oauthbearer.jwks.endpoint.retry.backoff.ms = 100
	sasl.oauthbearer.jwks.endpoint.url = null
	sasl.oauthbearer.scope.claim.name = scope
	sasl.oauthbearer.sub.claim.name = sub
	sasl.oauthbearer.token.endpoint.url = null
	security.protocol = PLAINTEXT
	security.providers = null
	send.buffer.bytes = 131072
	session.timeout.ms = 45000
	socket.connection.setup.timeout.max.ms = 30000
	socket.connection.setup.timeout.ms = 10000
	ssl.cipher.suites = null
	ssl.enabled.protocols = [TLSv1.2, TLSv1.3]
	ssl.endpoint.identification.algorithm = https
	ssl.engine.factory.class = null
	ssl.key.password = null
	ssl.keymanager.algorithm = SunX509
	ssl.keystore.certificate.chain = null
	ssl.keystore.key = null
	ssl.keystore.location = null
	ssl.keystore.password = null
	ssl.keystore.type = JKS
	ssl.protocol = TLSv1.3
	ssl.provider = null
	ssl.secure.random.implementation = null
	ssl.trustmanager.algorithm = PKIX
	ssl.truststore.certificates = null
	ssl.truststore.location = null
	ssl.truststore.password = null
	ssl.truststore.type = JKS
	value.deserializer = class org.apache.kafka.common.serialization.StringDeserializer

2024-12-15 14:02:15 INFO  o.a.k.c.t.i.KafkaMetricsCollector - initializing Kafka metrics collector
2024-12-15 14:02:16 INFO  o.a.kafka.common.utils.AppInfoParser - Kafka version: 3.7.1
2024-12-15 14:02:16 INFO  o.a.kafka.common.utils.AppInfoParser - Kafka commitId: e2494e6ffb89f828
2024-12-15 14:02:16 INFO  o.a.kafka.common.utils.AppInfoParser - Kafka startTimeMs: 1734246136012
2024-12-15 14:02:16 INFO  o.a.k.c.c.i.LegacyKafkaConsumer - [Consumer clientId=consumer-auth_service-1, groupId=auth_service] Subscribed to topic(s): ping
2024-12-15 14:02:16 INFO  o.a.k.c.consumer.ConsumerConfig - ConsumerConfig values: 
	allow.auto.create.topics = true
	auto.commit.interval.ms = 5000
	auto.include.jmx.reporter = true
	auto.offset.reset = latest
	bootstrap.servers = [37.194.168.90:9092]
	check.crcs = true
	client.dns.lookup = use_all_dns_ips
	client.id = consumer-auth_service-2
	client.rack = 
	connections.max.idle.ms = 540000
	default.api.timeout.ms = 60000
	enable.auto.commit = false
	enable.metrics.push = true
	exclude.internal.topics = true
	fetch.max.bytes = 52428800
	fetch.max.wait.ms = 500
	fetch.min.bytes = 1
	group.id = auth_service
	group.instance.id = null
	group.protocol = classic
	group.remote.assignor = null
	heartbeat.interval.ms = 3000
	interceptor.classes = []
	internal.leave.group.on.close = true
	internal.throw.on.fetch.stable.offset.unsupported = false
	isolation.level = read_uncommitted
	key.deserializer = class org.apache.kafka.common.serialization.StringDeserializer
	max.partition.fetch.bytes = 1048576
	max.poll.interval.ms = 300000
	max.poll.records = 500
	metadata.max.age.ms = 300000
	metric.reporters = []
	metrics.num.samples = 2
	metrics.recording.level = INFO
	metrics.sample.window.ms = 30000
	partition.assignment.strategy = [class org.apache.kafka.clients.consumer.RangeAssignor, class org.apache.kafka.clients.consumer.CooperativeStickyAssignor]
	receive.buffer.bytes = 65536
	reconnect.backoff.max.ms = 1000
	reconnect.backoff.ms = 50
	request.timeout.ms = 30000
	retry.backoff.max.ms = 1000
	retry.backoff.ms = 100
	sasl.client.callback.handler.class = null
	sasl.jaas.config = null
	sasl.kerberos.kinit.cmd = /usr/bin/kinit
	sasl.kerberos.min.time.before.relogin = 60000
	sasl.kerberos.service.name = null
	sasl.kerberos.ticket.renew.jitter = 0.05
	sasl.kerberos.ticket.renew.window.factor = 0.8
	sasl.login.callback.handler.class = null
	sasl.login.class = null
	sasl.login.connect.timeout.ms = null
	sasl.login.read.timeout.ms = null
	sasl.login.refresh.buffer.seconds = 300
	sasl.login.refresh.min.period.seconds = 60
	sasl.login.refresh.window.factor = 0.8
	sasl.login.refresh.window.jitter = 0.05
	sasl.login.retry.backoff.max.ms = 10000
	sasl.login.retry.backoff.ms = 100
	sasl.mechanism = GSSAPI
	sasl.oauthbearer.clock.skew.seconds = 30
	sasl.oauthbearer.expected.audience = null
	sasl.oauthbearer.expected.issuer = null
	sasl.oauthbearer.jwks.endpoint.refresh.ms = 3600000
	sasl.oauthbearer.jwks.endpoint.retry.backoff.max.ms = 10000
	sasl.oauthbearer.jwks.endpoint.retry.backoff.ms = 100
	sasl.oauthbearer.jwks.endpoint.url = null
	sasl.oauthbearer.scope.claim.name = scope
	sasl.oauthbearer.sub.claim.name = sub
	sasl.oauthbearer.token.endpoint.url = null
	security.protocol = PLAINTEXT
	security.providers = null
	send.buffer.bytes = 131072
	session.timeout.ms = 45000
	socket.connection.setup.timeout.max.ms = 30000
	socket.connection.setup.timeout.ms = 10000
	ssl.cipher.suites = null
	ssl.enabled.protocols = [TLSv1.2, TLSv1.3]
	ssl.endpoint.identification.algorithm = https
	ssl.engine.factory.class = null
	ssl.key.password = null
	ssl.keymanager.algorithm = SunX509
	ssl.keystore.certificate.chain = null
	ssl.keystore.key = null
	ssl.keystore.location = null
	ssl.keystore.password = null
	ssl.keystore.type = JKS
	ssl.protocol = TLSv1.3
	ssl.provider = null
	ssl.secure.random.implementation = null
	ssl.trustmanager.algorithm = PKIX
	ssl.truststore.certificates = null
	ssl.truststore.location = null
	ssl.truststore.password = null
	ssl.truststore.type = JKS
	value.deserializer = class org.apache.kafka.common.serialization.StringDeserializer

2024-12-15 14:02:16 INFO  o.a.k.c.t.i.KafkaMetricsCollector - initializing Kafka metrics collector
2024-12-15 14:02:16 INFO  o.a.kafka.common.utils.AppInfoParser - Kafka version: 3.7.1
2024-12-15 14:02:16 INFO  o.a.kafka.common.utils.AppInfoParser - Kafka commitId: e2494e6ffb89f828
2024-12-15 14:02:16 INFO  o.a.kafka.common.utils.AppInfoParser - Kafka startTimeMs: 1734246136026
2024-12-15 14:02:16 INFO  o.a.k.c.c.i.LegacyKafkaConsumer - [Consumer clientId=consumer-auth_service-2, groupId=auth_service] Subscribed to topic(s): profile
2024-12-15 14:02:16 INFO  o.a.k.c.consumer.ConsumerConfig - ConsumerConfig values: 
	allow.auto.create.topics = true
	auto.commit.interval.ms = 5000
	auto.include.jmx.reporter = true
	auto.offset.reset = latest
	bootstrap.servers = [37.194.168.90:9092]
	check.crcs = true
	client.dns.lookup = use_all_dns_ips
	client.id = consumer-auth_service-3
	client.rack = 
	connections.max.idle.ms = 540000
	default.api.timeout.ms = 60000
	enable.auto.commit = false
	enable.metrics.push = true
	exclude.internal.topics = true
	fetch.max.bytes = 52428800
	fetch.max.wait.ms = 500
	fetch.min.bytes = 1
	group.id = auth_service
	group.instance.id = null
	group.protocol = classic
	group.remote.assignor = null
	heartbeat.interval.ms = 3000
	interceptor.classes = []
	internal.leave.group.on.close = true
	internal.throw.on.fetch.stable.offset.unsupported = false
	isolation.level = read_uncommitted
	key.deserializer = class org.apache.kafka.common.serialization.StringDeserializer
	max.partition.fetch.bytes = 1048576
	max.poll.interval.ms = 300000
	max.poll.records = 500
	metadata.max.age.ms = 300000
	metric.reporters = []
	metrics.num.samples = 2
	metrics.recording.level = INFO
	metrics.sample.window.ms = 30000
	partition.assignment.strategy = [class org.apache.kafka.clients.consumer.RangeAssignor, class org.apache.kafka.clients.consumer.CooperativeStickyAssignor]
	receive.buffer.bytes = 65536
	reconnect.backoff.max.ms = 1000
	reconnect.backoff.ms = 50
	request.timeout.ms = 30000
	retry.backoff.max.ms = 1000
	retry.backoff.ms = 100
	sasl.client.callback.handler.class = null
	sasl.jaas.config = null
	sasl.kerberos.kinit.cmd = /usr/bin/kinit
	sasl.kerberos.min.time.before.relogin = 60000
	sasl.kerberos.service.name = null
	sasl.kerberos.ticket.renew.jitter = 0.05
	sasl.kerberos.ticket.renew.window.factor = 0.8
	sasl.login.callback.handler.class = null
	sasl.login.class = null
	sasl.login.connect.timeout.ms = null
	sasl.login.read.timeout.ms = null
	sasl.login.refresh.buffer.seconds = 300
	sasl.login.refresh.min.period.seconds = 60
	sasl.login.refresh.window.factor = 0.8
	sasl.login.refresh.window.jitter = 0.05
	sasl.login.retry.backoff.max.ms = 10000
	sasl.login.retry.backoff.ms = 100
	sasl.mechanism = GSSAPI
	sasl.oauthbearer.clock.skew.seconds = 30
	sasl.oauthbearer.expected.audience = null
	sasl.oauthbearer.expected.issuer = null
	sasl.oauthbearer.jwks.endpoint.refresh.ms = 3600000
	sasl.oauthbearer.jwks.endpoint.retry.backoff.max.ms = 10000
	sasl.oauthbearer.jwks.endpoint.retry.backoff.ms = 100
	sasl.oauthbearer.jwks.endpoint.url = null
	sasl.oauthbearer.scope.claim.name = scope
	sasl.oauthbearer.sub.claim.name = sub
	sasl.oauthbearer.token.endpoint.url = null
	security.protocol = PLAINTEXT
	security.providers = null
	send.buffer.bytes = 131072
	session.timeout.ms = 45000
	socket.connection.setup.timeout.max.ms = 30000
	socket.connection.setup.timeout.ms = 10000
	ssl.cipher.suites = null
	ssl.enabled.protocols = [TLSv1.2, TLSv1.3]
	ssl.endpoint.identification.algorithm = https
	ssl.engine.factory.class = null
	ssl.key.password = null
	ssl.keymanager.algorithm = SunX509
	ssl.keystore.certificate.chain = null
	ssl.keystore.key = null
	ssl.keystore.location = null
	ssl.keystore.password = null
	ssl.keystore.type = JKS
	ssl.protocol = TLSv1.3
	ssl.provider = null
	ssl.secure.random.implementation = null
	ssl.trustmanager.algorithm = PKIX
	ssl.truststore.certificates = null
	ssl.truststore.location = null
	ssl.truststore.password = null
	ssl.truststore.type = JKS
	value.deserializer = class org.apache.kafka.common.serialization.StringDeserializer

2024-12-15 14:02:16 INFO  o.a.k.c.t.i.KafkaMetricsCollector - initializing Kafka metrics collector
2024-12-15 14:02:16 INFO  o.a.kafka.common.utils.AppInfoParser - Kafka version: 3.7.1
2024-12-15 14:02:16 INFO  o.a.kafka.common.utils.AppInfoParser - Kafka commitId: e2494e6ffb89f828
2024-12-15 14:02:16 INFO  o.a.kafka.common.utils.AppInfoParser - Kafka startTimeMs: 1734246136033
2024-12-15 14:02:16 INFO  o.a.k.c.c.i.LegacyKafkaConsumer - [Consumer clientId=consumer-auth_service-3, groupId=auth_service] Subscribed to topic(s): stop
2024-12-15 14:02:16 INFO  o.a.k.c.consumer.ConsumerConfig - ConsumerConfig values: 
	allow.auto.create.topics = true
	auto.commit.interval.ms = 5000
	auto.include.jmx.reporter = true
	auto.offset.reset = latest
	bootstrap.servers = [37.194.168.90:9092]
	check.crcs = true
	client.dns.lookup = use_all_dns_ips
	client.id = consumer-auth_service-4
	client.rack = 
	connections.max.idle.ms = 540000
	default.api.timeout.ms = 60000
	enable.auto.commit = false
	enable.metrics.push = true
	exclude.internal.topics = true
	fetch.max.bytes = 52428800
	fetch.max.wait.ms = 500
	fetch.min.bytes = 1
	group.id = auth_service
	group.instance.id = null
	group.protocol = classic
	group.remote.assignor = null
	heartbeat.interval.ms = 3000
	interceptor.classes = []
	internal.leave.group.on.close = true
	internal.throw.on.fetch.stable.offset.unsupported = false
	isolation.level = read_uncommitted
	key.deserializer = class org.apache.kafka.common.serialization.StringDeserializer
	max.partition.fetch.bytes = 1048576
	max.poll.interval.ms = 300000
	max.poll.records = 500
	metadata.max.age.ms = 300000
	metric.reporters = []
	metrics.num.samples = 2
	metrics.recording.level = INFO
	metrics.sample.window.ms = 30000
	partition.assignment.strategy = [class org.apache.kafka.clients.consumer.RangeAssignor, class org.apache.kafka.clients.consumer.CooperativeStickyAssignor]
	receive.buffer.bytes = 65536
	reconnect.backoff.max.ms = 1000
	reconnect.backoff.ms = 50
	request.timeout.ms = 30000
	retry.backoff.max.ms = 1000
	retry.backoff.ms = 100
	sasl.client.callback.handler.class = null
	sasl.jaas.config = null
	sasl.kerberos.kinit.cmd = /usr/bin/kinit
	sasl.kerberos.min.time.before.relogin = 60000
	sasl.kerberos.service.name = null
	sasl.kerberos.ticket.renew.jitter = 0.05
	sasl.kerberos.ticket.renew.window.factor = 0.8
	sasl.login.callback.handler.class = null
	sasl.login.class = null
	sasl.login.connect.timeout.ms = null
	sasl.login.read.timeout.ms = null
	sasl.login.refresh.buffer.seconds = 300
	sasl.login.refresh.min.period.seconds = 60
	sasl.login.refresh.window.factor = 0.8
	sasl.login.refresh.window.jitter = 0.05
	sasl.login.retry.backoff.max.ms = 10000
	sasl.login.retry.backoff.ms = 100
	sasl.mechanism = GSSAPI
	sasl.oauthbearer.clock.skew.seconds = 30
	sasl.oauthbearer.expected.audience = null
	sasl.oauthbearer.expected.issuer = null
	sasl.oauthbearer.jwks.endpoint.refresh.ms = 3600000
	sasl.oauthbearer.jwks.endpoint.retry.backoff.max.ms = 10000
	sasl.oauthbearer.jwks.endpoint.retry.backoff.ms = 100
	sasl.oauthbearer.jwks.endpoint.url = null
	sasl.oauthbearer.scope.claim.name = scope
	sasl.oauthbearer.sub.claim.name = sub
	sasl.oauthbearer.token.endpoint.url = null
	security.protocol = PLAINTEXT
	security.providers = null
	send.buffer.bytes = 131072
	session.timeout.ms = 45000
	socket.connection.setup.timeout.max.ms = 30000
	socket.connection.setup.timeout.ms = 10000
	ssl.cipher.suites = null
	ssl.enabled.protocols = [TLSv1.2, TLSv1.3]
	ssl.endpoint.identification.algorithm = https
	ssl.engine.factory.class = null
	ssl.key.password = null
	ssl.keymanager.algorithm = SunX509
	ssl.keystore.certificate.chain = null
	ssl.keystore.key = null
	ssl.keystore.location = null
	ssl.keystore.password = null
	ssl.keystore.type = JKS
	ssl.protocol = TLSv1.3
	ssl.provider = null
	ssl.secure.random.implementation = null
	ssl.trustmanager.algorithm = PKIX
	ssl.truststore.certificates = null
	ssl.truststore.location = null
	ssl.truststore.password = null
	ssl.truststore.type = JKS
	value.deserializer = class org.apache.kafka.common.serialization.StringDeserializer

2024-12-15 14:02:16 INFO  o.a.k.c.t.i.KafkaMetricsCollector - initializing Kafka metrics collector
2024-12-15 14:02:16 INFO  o.a.kafka.common.utils.AppInfoParser - Kafka version: 3.7.1
2024-12-15 14:02:16 INFO  o.a.kafka.common.utils.AppInfoParser - Kafka commitId: e2494e6ffb89f828
2024-12-15 14:02:16 INFO  o.a.kafka.common.utils.AppInfoParser - Kafka startTimeMs: 1734246136039
2024-12-15 14:02:16 INFO  o.a.k.c.c.i.LegacyKafkaConsumer - [Consumer clientId=consumer-auth_service-4, groupId=auth_service] Subscribed to topic(s): status
2024-12-15 14:02:16 INFO  o.a.k.c.consumer.ConsumerConfig - ConsumerConfig values: 
	allow.auto.create.topics = true
	auto.commit.interval.ms = 5000
	auto.include.jmx.reporter = true
	auto.offset.reset = latest
	bootstrap.servers = [37.194.168.90:9092]
	check.crcs = true
	client.dns.lookup = use_all_dns_ips
	client.id = consumer-auth_service-5
	client.rack = 
	connections.max.idle.ms = 540000
	default.api.timeout.ms = 60000
	enable.auto.commit = false
	enable.metrics.push = true
	exclude.internal.topics = true
	fetch.max.bytes = 52428800
	fetch.max.wait.ms = 500
	fetch.min.bytes = 1
	group.id = auth_service
	group.instance.id = null
	group.protocol = classic
	group.remote.assignor = null
	heartbeat.interval.ms = 3000
	interceptor.classes = []
	internal.leave.group.on.close = true
	internal.throw.on.fetch.stable.offset.unsupported = false
	isolation.level = read_uncommitted
	key.deserializer = class org.apache.kafka.common.serialization.StringDeserializer
	max.partition.fetch.bytes = 1048576
	max.poll.interval.ms = 300000
	max.poll.records = 500
	metadata.max.age.ms = 300000
	metric.reporters = []
	metrics.num.samples = 2
	metrics.recording.level = INFO
	metrics.sample.window.ms = 30000
	partition.assignment.strategy = [class org.apache.kafka.clients.consumer.RangeAssignor, class org.apache.kafka.clients.consumer.CooperativeStickyAssignor]
	receive.buffer.bytes = 65536
	reconnect.backoff.max.ms = 1000
	reconnect.backoff.ms = 50
	request.timeout.ms = 30000
	retry.backoff.max.ms = 1000
	retry.backoff.ms = 100
	sasl.client.callback.handler.class = null
	sasl.jaas.config = null
	sasl.kerberos.kinit.cmd = /usr/bin/kinit
	sasl.kerberos.min.time.before.relogin = 60000
	sasl.kerberos.service.name = null
	sasl.kerberos.ticket.renew.jitter = 0.05
	sasl.kerberos.ticket.renew.window.factor = 0.8
	sasl.login.callback.handler.class = null
	sasl.login.class = null
	sasl.login.connect.timeout.ms = null
	sasl.login.read.timeout.ms = null
	sasl.login.refresh.buffer.seconds = 300
	sasl.login.refresh.min.period.seconds = 60
	sasl.login.refresh.window.factor = 0.8
	sasl.login.refresh.window.jitter = 0.05
	sasl.login.retry.backoff.max.ms = 10000
	sasl.login.retry.backoff.ms = 100
	sasl.mechanism = GSSAPI
	sasl.oauthbearer.clock.skew.seconds = 30
	sasl.oauthbearer.expected.audience = null
	sasl.oauthbearer.expected.issuer = null
	sasl.oauthbearer.jwks.endpoint.refresh.ms = 3600000
	sasl.oauthbearer.jwks.endpoint.retry.backoff.max.ms = 10000
	sasl.oauthbearer.jwks.endpoint.retry.backoff.ms = 100
	sasl.oauthbearer.jwks.endpoint.url = null
	sasl.oauthbearer.scope.claim.name = scope
	sasl.oauthbearer.sub.claim.name = sub
	sasl.oauthbearer.token.endpoint.url = null
	security.protocol = PLAINTEXT
	security.providers = null
	send.buffer.bytes = 131072
	session.timeout.ms = 45000
	socket.connection.setup.timeout.max.ms = 30000
	socket.connection.setup.timeout.ms = 10000
	ssl.cipher.suites = null
	ssl.enabled.protocols = [TLSv1.2, TLSv1.3]
	ssl.endpoint.identification.algorithm = https
	ssl.engine.factory.class = null
	ssl.key.password = null
	ssl.keymanager.algorithm = SunX509
	ssl.keystore.certificate.chain = null
	ssl.keystore.key = null
	ssl.keystore.location = null
	ssl.keystore.password = null
	ssl.keystore.type = JKS
	ssl.protocol = TLSv1.3
	ssl.provider = null
	ssl.secure.random.implementation = null
	ssl.trustmanager.algorithm = PKIX
	ssl.truststore.certificates = null
	ssl.truststore.location = null
	ssl.truststore.password = null
	ssl.truststore.type = JKS
	value.deserializer = class org.apache.kafka.common.serialization.StringDeserializer

2024-12-15 14:02:16 INFO  o.a.k.c.t.i.KafkaMetricsCollector - initializing Kafka metrics collector
2024-12-15 14:02:16 INFO  o.a.kafka.common.utils.AppInfoParser - Kafka version: 3.7.1
2024-12-15 14:02:16 INFO  o.a.kafka.common.utils.AppInfoParser - Kafka commitId: e2494e6ffb89f828
2024-12-15 14:02:16 INFO  o.a.kafka.common.utils.AppInfoParser - Kafka startTimeMs: 1734246136044
2024-12-15 14:02:16 INFO  o.a.k.c.c.i.LegacyKafkaConsumer - [Consumer clientId=consumer-auth_service-5, groupId=auth_service] Subscribed to topic(s): registry
2024-12-15 14:02:16 INFO  o.a.k.c.consumer.ConsumerConfig - ConsumerConfig values: 
	allow.auto.create.topics = true
	auto.commit.interval.ms = 5000
	auto.include.jmx.reporter = true
	auto.offset.reset = latest
	bootstrap.servers = [37.194.168.90:9092]
	check.crcs = true
	client.dns.lookup = use_all_dns_ips
	client.id = consumer-auth_service-6
	client.rack = 
	connections.max.idle.ms = 540000
	default.api.timeout.ms = 60000
	enable.auto.commit = false
	enable.metrics.push = true
	exclude.internal.topics = true
	fetch.max.bytes = 52428800
	fetch.max.wait.ms = 500
	fetch.min.bytes = 1
	group.id = auth_service
	group.instance.id = null
	group.protocol = classic
	group.remote.assignor = null
	heartbeat.interval.ms = 3000
	interceptor.classes = []
	internal.leave.group.on.close = true
	internal.throw.on.fetch.stable.offset.unsupported = false
	isolation.level = read_uncommitted
	key.deserializer = class org.apache.kafka.common.serialization.StringDeserializer
	max.partition.fetch.bytes = 1048576
	max.poll.interval.ms = 300000
	max.poll.records = 500
	metadata.max.age.ms = 300000
	metric.reporters = []
	metrics.num.samples = 2
	metrics.recording.level = INFO
	metrics.sample.window.ms = 30000
	partition.assignment.strategy = [class org.apache.kafka.clients.consumer.RangeAssignor, class org.apache.kafka.clients.consumer.CooperativeStickyAssignor]
	receive.buffer.bytes = 65536
	reconnect.backoff.max.ms = 1000
	reconnect.backoff.ms = 50
	request.timeout.ms = 30000
	retry.backoff.max.ms = 1000
	retry.backoff.ms = 100
	sasl.client.callback.handler.class = null
	sasl.jaas.config = null
	sasl.kerberos.kinit.cmd = /usr/bin/kinit
	sasl.kerberos.min.time.before.relogin = 60000
	sasl.kerberos.service.name = null
	sasl.kerberos.ticket.renew.jitter = 0.05
	sasl.kerberos.ticket.renew.window.factor = 0.8
	sasl.login.callback.handler.class = null
	sasl.login.class = null
	sasl.login.connect.timeout.ms = null
	sasl.login.read.timeout.ms = null
	sasl.login.refresh.buffer.seconds = 300
	sasl.login.refresh.min.period.seconds = 60
	sasl.login.refresh.window.factor = 0.8
	sasl.login.refresh.window.jitter = 0.05
	sasl.login.retry.backoff.max.ms = 10000
	sasl.login.retry.backoff.ms = 100
	sasl.mechanism = GSSAPI
	sasl.oauthbearer.clock.skew.seconds = 30
	sasl.oauthbearer.expected.audience = null
	sasl.oauthbearer.expected.issuer = null
	sasl.oauthbearer.jwks.endpoint.refresh.ms = 3600000
	sasl.oauthbearer.jwks.endpoint.retry.backoff.max.ms = 10000
	sasl.oauthbearer.jwks.endpoint.retry.backoff.ms = 100
	sasl.oauthbearer.jwks.endpoint.url = null
	sasl.oauthbearer.scope.claim.name = scope
	sasl.oauthbearer.sub.claim.name = sub
	sasl.oauthbearer.token.endpoint.url = null
	security.protocol = PLAINTEXT
	security.providers = null
	send.buffer.bytes = 131072
	session.timeout.ms = 45000
	socket.connection.setup.timeout.max.ms = 30000
	socket.connection.setup.timeout.ms = 10000
	ssl.cipher.suites = null
	ssl.enabled.protocols = [TLSv1.2, TLSv1.3]
	ssl.endpoint.identification.algorithm = https
	ssl.engine.factory.class = null
	ssl.key.password = null
	ssl.keymanager.algorithm = SunX509
	ssl.keystore.certificate.chain = null
	ssl.keystore.key = null
	ssl.keystore.location = null
	ssl.keystore.password = null
	ssl.keystore.type = JKS
	ssl.protocol = TLSv1.3
	ssl.provider = null
	ssl.secure.random.implementation = null
	ssl.trustmanager.algorithm = PKIX
	ssl.truststore.certificates = null
	ssl.truststore.location = null
	ssl.truststore.password = null
	ssl.truststore.type = JKS
	value.deserializer = class org.apache.kafka.common.serialization.StringDeserializer

2024-12-15 14:02:16 INFO  o.a.k.c.t.i.KafkaMetricsCollector - initializing Kafka metrics collector
2024-12-15 14:02:16 INFO  o.a.kafka.common.utils.AppInfoParser - Kafka version: 3.7.1
2024-12-15 14:02:16 INFO  o.a.kafka.common.utils.AppInfoParser - Kafka commitId: e2494e6ffb89f828
2024-12-15 14:02:16 INFO  o.a.kafka.common.utils.AppInfoParser - Kafka startTimeMs: 1734246136048
2024-12-15 14:02:16 INFO  o.a.k.c.c.i.LegacyKafkaConsumer - [Consumer clientId=consumer-auth_service-6, groupId=auth_service] Subscribed to topic(s): getLink
2024-12-15 14:02:16 INFO  o.a.k.c.consumer.ConsumerConfig - ConsumerConfig values: 
	allow.auto.create.topics = true
	auto.commit.interval.ms = 5000
	auto.include.jmx.reporter = true
	auto.offset.reset = latest
	bootstrap.servers = [37.194.168.90:9092]
	check.crcs = true
	client.dns.lookup = use_all_dns_ips
	client.id = consumer-auth_service-7
	client.rack = 
	connections.max.idle.ms = 540000
	default.api.timeout.ms = 60000
	enable.auto.commit = false
	enable.metrics.push = true
	exclude.internal.topics = true
	fetch.max.bytes = 52428800
	fetch.max.wait.ms = 500
	fetch.min.bytes = 1
	group.id = auth_service
	group.instance.id = null
	group.protocol = classic
	group.remote.assignor = null
	heartbeat.interval.ms = 3000
	interceptor.classes = []
	internal.leave.group.on.close = true
	internal.throw.on.fetch.stable.offset.unsupported = false
	isolation.level = read_uncommitted
	key.deserializer = class org.apache.kafka.common.serialization.StringDeserializer
	max.partition.fetch.bytes = 1048576
	max.poll.interval.ms = 300000
	max.poll.records = 500
	metadata.max.age.ms = 300000
	metric.reporters = []
	metrics.num.samples = 2
	metrics.recording.level = INFO
	metrics.sample.window.ms = 30000
	partition.assignment.strategy = [class org.apache.kafka.clients.consumer.RangeAssignor, class org.apache.kafka.clients.consumer.CooperativeStickyAssignor]
	receive.buffer.bytes = 65536
	reconnect.backoff.max.ms = 1000
	reconnect.backoff.ms = 50
	request.timeout.ms = 30000
	retry.backoff.max.ms = 1000
	retry.backoff.ms = 100
	sasl.client.callback.handler.class = null
	sasl.jaas.config = null
	sasl.kerberos.kinit.cmd = /usr/bin/kinit
	sasl.kerberos.min.time.before.relogin = 60000
	sasl.kerberos.service.name = null
	sasl.kerberos.ticket.renew.jitter = 0.05
	sasl.kerberos.ticket.renew.window.factor = 0.8
	sasl.login.callback.handler.class = null
	sasl.login.class = null
	sasl.login.connect.timeout.ms = null
	sasl.login.read.timeout.ms = null
	sasl.login.refresh.buffer.seconds = 300
	sasl.login.refresh.min.period.seconds = 60
	sasl.login.refresh.window.factor = 0.8
	sasl.login.refresh.window.jitter = 0.05
	sasl.login.retry.backoff.max.ms = 10000
	sasl.login.retry.backoff.ms = 100
	sasl.mechanism = GSSAPI
	sasl.oauthbearer.clock.skew.seconds = 30
	sasl.oauthbearer.expected.audience = null
	sasl.oauthbearer.expected.issuer = null
	sasl.oauthbearer.jwks.endpoint.refresh.ms = 3600000
	sasl.oauthbearer.jwks.endpoint.retry.backoff.max.ms = 10000
	sasl.oauthbearer.jwks.endpoint.retry.backoff.ms = 100
	sasl.oauthbearer.jwks.endpoint.url = null
	sasl.oauthbearer.scope.claim.name = scope
	sasl.oauthbearer.sub.claim.name = sub
	sasl.oauthbearer.token.endpoint.url = null
	security.protocol = PLAINTEXT
	security.providers = null
	send.buffer.bytes = 131072
	session.timeout.ms = 45000
	socket.connection.setup.timeout.max.ms = 30000
	socket.connection.setup.timeout.ms = 10000
	ssl.cipher.suites = null
	ssl.enabled.protocols = [TLSv1.2, TLSv1.3]
	ssl.endpoint.identification.algorithm = https
	ssl.engine.factory.class = null
	ssl.key.password = null
	ssl.keymanager.algorithm = SunX509
	ssl.keystore.certificate.chain = null
	ssl.keystore.key = null
	ssl.keystore.location = null
	ssl.keystore.password = null
	ssl.keystore.type = JKS
	ssl.protocol = TLSv1.3
	ssl.provider = null
	ssl.secure.random.implementation = null
	ssl.trustmanager.algorithm = PKIX
	ssl.truststore.certificates = null
	ssl.truststore.location = null
	ssl.truststore.password = null
	ssl.truststore.type = JKS
	value.deserializer = class org.apache.kafka.common.serialization.StringDeserializer

2024-12-15 14:02:16 INFO  o.a.k.c.t.i.KafkaMetricsCollector - initializing Kafka metrics collector
2024-12-15 14:02:16 INFO  o.a.kafka.common.utils.AppInfoParser - Kafka version: 3.7.1
2024-12-15 14:02:16 INFO  o.a.kafka.common.utils.AppInfoParser - Kafka commitId: e2494e6ffb89f828
2024-12-15 14:02:16 INFO  o.a.kafka.common.utils.AppInfoParser - Kafka startTimeMs: 1734246136053
2024-12-15 14:02:16 INFO  o.a.k.c.c.i.LegacyKafkaConsumer - [Consumer clientId=consumer-auth_service-7, groupId=auth_service] Subscribed to topic(s): filter
2024-12-15 14:02:16 INFO  o.a.k.c.consumer.ConsumerConfig - ConsumerConfig values: 
	allow.auto.create.topics = true
	auto.commit.interval.ms = 5000
	auto.include.jmx.reporter = true
	auto.offset.reset = latest
	bootstrap.servers = [37.194.168.90:9092]
	check.crcs = true
	client.dns.lookup = use_all_dns_ips
	client.id = consumer-auth_service-8
	client.rack = 
	connections.max.idle.ms = 540000
	default.api.timeout.ms = 60000
	enable.auto.commit = false
	enable.metrics.push = true
	exclude.internal.topics = true
	fetch.max.bytes = 52428800
	fetch.max.wait.ms = 500
	fetch.min.bytes = 1
	group.id = auth_service
	group.instance.id = null
	group.protocol = classic
	group.remote.assignor = null
	heartbeat.interval.ms = 3000
	interceptor.classes = []
	internal.leave.group.on.close = true
	internal.throw.on.fetch.stable.offset.unsupported = false
	isolation.level = read_uncommitted
	key.deserializer = class org.apache.kafka.common.serialization.StringDeserializer
	max.partition.fetch.bytes = 1048576
	max.poll.interval.ms = 300000
	max.poll.records = 500
	metadata.max.age.ms = 300000
	metric.reporters = []
	metrics.num.samples = 2
	metrics.recording.level = INFO
	metrics.sample.window.ms = 30000
	partition.assignment.strategy = [class org.apache.kafka.clients.consumer.RangeAssignor, class org.apache.kafka.clients.consumer.CooperativeStickyAssignor]
	receive.buffer.bytes = 65536
	reconnect.backoff.max.ms = 1000
	reconnect.backoff.ms = 50
	request.timeout.ms = 30000
	retry.backoff.max.ms = 1000
	retry.backoff.ms = 100
	sasl.client.callback.handler.class = null
	sasl.jaas.config = null
	sasl.kerberos.kinit.cmd = /usr/bin/kinit
	sasl.kerberos.min.time.before.relogin = 60000
	sasl.kerberos.service.name = null
	sasl.kerberos.ticket.renew.jitter = 0.05
	sasl.kerberos.ticket.renew.window.factor = 0.8
	sasl.login.callback.handler.class = null
	sasl.login.class = null
	sasl.login.connect.timeout.ms = null
	sasl.login.read.timeout.ms = null
	sasl.login.refresh.buffer.seconds = 300
	sasl.login.refresh.min.period.seconds = 60
	sasl.login.refresh.window.factor = 0.8
	sasl.login.refresh.window.jitter = 0.05
	sasl.login.retry.backoff.max.ms = 10000
	sasl.login.retry.backoff.ms = 100
	sasl.mechanism = GSSAPI
	sasl.oauthbearer.clock.skew.seconds = 30
	sasl.oauthbearer.expected.audience = null
	sasl.oauthbearer.expected.issuer = null
	sasl.oauthbearer.jwks.endpoint.refresh.ms = 3600000
	sasl.oauthbearer.jwks.endpoint.retry.backoff.max.ms = 10000
	sasl.oauthbearer.jwks.endpoint.retry.backoff.ms = 100
	sasl.oauthbearer.jwks.endpoint.url = null
	sasl.oauthbearer.scope.claim.name = scope
	sasl.oauthbearer.sub.claim.name = sub
	sasl.oauthbearer.token.endpoint.url = null
	security.protocol = PLAINTEXT
	security.providers = null
	send.buffer.bytes = 131072
	session.timeout.ms = 45000
	socket.connection.setup.timeout.max.ms = 30000
	socket.connection.setup.timeout.ms = 10000
	ssl.cipher.suites = null
	ssl.enabled.protocols = [TLSv1.2, TLSv1.3]
	ssl.endpoint.identification.algorithm = https
	ssl.engine.factory.class = null
	ssl.key.password = null
	ssl.keymanager.algorithm = SunX509
	ssl.keystore.certificate.chain = null
	ssl.keystore.key = null
	ssl.keystore.location = null
	ssl.keystore.password = null
	ssl.keystore.type = JKS
	ssl.protocol = TLSv1.3
	ssl.provider = null
	ssl.secure.random.implementation = null
	ssl.trustmanager.algorithm = PKIX
	ssl.truststore.certificates = null
	ssl.truststore.location = null
	ssl.truststore.password = null
	ssl.truststore.type = JKS
	value.deserializer = class org.apache.kafka.common.serialization.StringDeserializer

2024-12-15 14:02:16 INFO  o.a.k.c.t.i.KafkaMetricsCollector - initializing Kafka metrics collector
2024-12-15 14:02:16 INFO  o.a.kafka.common.utils.AppInfoParser - Kafka version: 3.7.1
2024-12-15 14:02:16 INFO  o.a.kafka.common.utils.AppInfoParser - Kafka commitId: e2494e6ffb89f828
2024-12-15 14:02:16 INFO  o.a.kafka.common.utils.AppInfoParser - Kafka startTimeMs: 1734246136058
2024-12-15 14:02:16 INFO  o.a.k.c.c.i.LegacyKafkaConsumer - [Consumer clientId=consumer-auth_service-8, groupId=auth_service] Subscribed to topic(s): start
2024-12-15 14:02:16 INFO  c.e.demo.HhRecruiterApplicationKt - Started HhRecruiterApplicationKt in 9.097 seconds (process running for 9.495)
2024-12-15 14:02:16 INFO  c.e.demo.service.NotificationService - Запуск нотификации
2024-12-15 14:02:16 INFO  org.apache.kafka.clients.Metadata - [Consumer clientId=consumer-auth_service-5, groupId=auth_service] Cluster ID: rs0KtrdkQsGY2gwAHle7dQ
2024-12-15 14:02:16 INFO  org.apache.kafka.clients.Metadata - [Consumer clientId=consumer-auth_service-6, groupId=auth_service] Cluster ID: rs0KtrdkQsGY2gwAHle7dQ
2024-12-15 14:02:16 INFO  org.apache.kafka.clients.Metadata - [Consumer clientId=consumer-auth_service-8, groupId=auth_service] Cluster ID: rs0KtrdkQsGY2gwAHle7dQ
2024-12-15 14:02:16 INFO  org.apache.kafka.clients.Metadata - [Consumer clientId=consumer-auth_service-1, groupId=auth_service] Cluster ID: rs0KtrdkQsGY2gwAHle7dQ
2024-12-15 14:02:16 INFO  org.apache.kafka.clients.Metadata - [Consumer clientId=consumer-auth_service-7, groupId=auth_service] Cluster ID: rs0KtrdkQsGY2gwAHle7dQ
2024-12-15 14:02:16 INFO  org.apache.kafka.clients.Metadata - [Consumer clientId=consumer-auth_service-2, groupId=auth_service] Cluster ID: rs0KtrdkQsGY2gwAHle7dQ
2024-12-15 14:02:16 INFO  org.apache.kafka.clients.Metadata - [Consumer clientId=consumer-auth_service-3, groupId=auth_service] Cluster ID: rs0KtrdkQsGY2gwAHle7dQ
2024-12-15 14:02:16 INFO  org.apache.kafka.clients.Metadata - [Consumer clientId=consumer-auth_service-4, groupId=auth_service] Cluster ID: rs0KtrdkQsGY2gwAHle7dQ
2024-12-15 14:02:16 INFO  o.a.k.c.c.i.ConsumerCoordinator - [Consumer clientId=consumer-auth_service-2, groupId=auth_service] Discovered group coordinator 37.194.168.90:9092 (id: 2147483646 rack: null)
2024-12-15 14:02:16 INFO  o.a.k.c.c.i.ConsumerCoordinator - [Consumer clientId=consumer-auth_service-8, groupId=auth_service] Discovered group coordinator 37.194.168.90:9092 (id: 2147483646 rack: null)
2024-12-15 14:02:16 INFO  o.a.k.c.c.i.ConsumerCoordinator - [Consumer clientId=consumer-auth_service-5, groupId=auth_service] Discovered group coordinator 37.194.168.90:9092 (id: 2147483646 rack: null)
2024-12-15 14:02:16 INFO  o.a.k.c.c.i.ConsumerCoordinator - [Consumer clientId=consumer-auth_service-3, groupId=auth_service] Discovered group coordinator 37.194.168.90:9092 (id: 2147483646 rack: null)
2024-12-15 14:02:16 INFO  o.a.k.c.c.i.ConsumerCoordinator - [Consumer clientId=consumer-auth_service-6, groupId=auth_service] Discovered group coordinator 37.194.168.90:9092 (id: 2147483646 rack: null)
2024-12-15 14:02:16 INFO  o.a.k.c.c.i.ConsumerCoordinator - [Consumer clientId=consumer-auth_service-7, groupId=auth_service] Discovered group coordinator 37.194.168.90:9092 (id: 2147483646 rack: null)
2024-12-15 14:02:16 INFO  o.a.k.c.c.i.ConsumerCoordinator - [Consumer clientId=consumer-auth_service-1, groupId=auth_service] Discovered group coordinator 37.194.168.90:9092 (id: 2147483646 rack: null)
2024-12-15 14:02:16 INFO  o.a.k.c.c.i.ConsumerCoordinator - [Consumer clientId=consumer-auth_service-4, groupId=auth_service] Discovered group coordinator 37.194.168.90:9092 (id: 2147483646 rack: null)
2024-12-15 14:02:16 INFO  o.a.k.c.c.i.ConsumerCoordinator - [Consumer clientId=consumer-auth_service-8, groupId=auth_service] (Re-)joining group
2024-12-15 14:02:16 INFO  o.a.k.c.c.i.ConsumerCoordinator - [Consumer clientId=consumer-auth_service-5, groupId=auth_service] (Re-)joining group
2024-12-15 14:02:16 INFO  o.a.k.c.c.i.ConsumerCoordinator - [Consumer clientId=consumer-auth_service-1, groupId=auth_service] (Re-)joining group
2024-12-15 14:02:16 INFO  o.a.k.c.c.i.ConsumerCoordinator - [Consumer clientId=consumer-auth_service-2, groupId=auth_service] (Re-)joining group
2024-12-15 14:02:16 INFO  o.a.k.c.c.i.ConsumerCoordinator - [Consumer clientId=consumer-auth_service-3, groupId=auth_service] (Re-)joining group
2024-12-15 14:02:16 INFO  o.a.k.c.c.i.ConsumerCoordinator - [Consumer clientId=consumer-auth_service-4, groupId=auth_service] (Re-)joining group
2024-12-15 14:02:16 INFO  o.a.k.c.c.i.ConsumerCoordinator - [Consumer clientId=consumer-auth_service-7, groupId=auth_service] (Re-)joining group
2024-12-15 14:02:16 INFO  o.a.k.c.c.i.ConsumerCoordinator - [Consumer clientId=consumer-auth_service-6, groupId=auth_service] (Re-)joining group
2024-12-15 14:02:16 INFO  o.a.k.c.c.i.ConsumerCoordinator - [Consumer clientId=consumer-auth_service-6, groupId=auth_service] Request joining group due to: need to re-join with the given member-id: consumer-auth_service-6-06ae3bd2-ed52-4d97-a6c8-f4f8728ddf95
2024-12-15 14:02:16 INFO  o.a.k.c.c.i.ConsumerCoordinator - [Consumer clientId=consumer-auth_service-4, groupId=auth_service] Request joining group due to: need to re-join with the given member-id: consumer-auth_service-4-5e0a4786-dfe0-437e-aa55-53ab8dde41c0
2024-12-15 14:02:16 INFO  o.a.k.c.c.i.ConsumerCoordinator - [Consumer clientId=consumer-auth_service-1, groupId=auth_service] Request joining group due to: need to re-join with the given member-id: consumer-auth_service-1-596a881e-fca9-4325-a327-3646f1f15539
2024-12-15 14:02:16 INFO  o.a.k.c.c.i.ConsumerCoordinator - [Consumer clientId=consumer-auth_service-2, groupId=auth_service] Request joining group due to: need to re-join with the given member-id: consumer-auth_service-2-e15585fd-ba12-4309-b417-f3a4aed62a67
2024-12-15 14:02:16 INFO  o.a.k.c.c.i.ConsumerCoordinator - [Consumer clientId=consumer-auth_service-6, groupId=auth_service] (Re-)joining group
2024-12-15 14:02:16 INFO  o.a.k.c.c.i.ConsumerCoordinator - [Consumer clientId=consumer-auth_service-1, groupId=auth_service] (Re-)joining group
2024-12-15 14:02:16 INFO  o.a.k.c.c.i.ConsumerCoordinator - [Consumer clientId=consumer-auth_service-4, groupId=auth_service] (Re-)joining group
2024-12-15 14:02:16 INFO  o.a.k.c.c.i.ConsumerCoordinator - [Consumer clientId=consumer-auth_service-2, groupId=auth_service] (Re-)joining group
2024-12-15 14:02:16 INFO  o.a.k.c.c.i.ConsumerCoordinator - [Consumer clientId=consumer-auth_service-5, groupId=auth_service] Request joining group due to: need to re-join with the given member-id: consumer-auth_service-5-d0f6303b-ca46-496a-9165-c4ac1a681a4b
2024-12-15 14:02:16 INFO  o.a.k.c.c.i.ConsumerCoordinator - [Consumer clientId=consumer-auth_service-5, groupId=auth_service] (Re-)joining group
2024-12-15 14:02:16 INFO  o.a.k.c.c.i.ConsumerCoordinator - [Consumer clientId=consumer-auth_service-7, groupId=auth_service] Request joining group due to: need to re-join with the given member-id: consumer-auth_service-7-67450e9c-286b-4512-ad57-708661b174c8
2024-12-15 14:02:16 INFO  o.a.k.c.c.i.ConsumerCoordinator - [Consumer clientId=consumer-auth_service-7, groupId=auth_service] (Re-)joining group
2024-12-15 14:02:16 INFO  o.a.k.c.c.i.ConsumerCoordinator - [Consumer clientId=consumer-auth_service-8, groupId=auth_service] Request joining group due to: need to re-join with the given member-id: consumer-auth_service-8-ede7aeb5-4215-4d9f-bd87-f20470da2388
2024-12-15 14:02:16 INFO  o.a.k.c.c.i.ConsumerCoordinator - [Consumer clientId=consumer-auth_service-8, groupId=auth_service] (Re-)joining group
2024-12-15 14:02:16 INFO  o.a.k.c.c.i.ConsumerCoordinator - [Consumer clientId=consumer-auth_service-3, groupId=auth_service] Request joining group due to: need to re-join with the given member-id: consumer-auth_service-3-75597919-6776-4db9-bf4c-fbb264d06470
2024-12-15 14:02:16 INFO  o.a.k.c.c.i.ConsumerCoordinator - [Consumer clientId=consumer-auth_service-3, groupId=auth_service] (Re-)joining group
2024-12-15 14:02:17 INFO  c.e.demo.service.NotificationService - Всего пользователей: 1
2024-12-15 14:02:17 INFO  c.e.demo.service.VacancyService - https://api.hh.ru/negotiations?status=active
2024-12-15 14:02:18 DEBUG c.e.demo.service.NotificationService - url: https://api.telegram.org/bot7042028384:AAEFKZvj7hUoHZlcHPI1xba6-gbSPoUrLl0/sendMessage
2024-12-15 14:02:18 DEBUG c.e.demo.service.NotificationService - Запрос: <200 OK OK,TelegramResponse(ok=true, result=SendMessageResponse(messageId=44, chat=Chat(id=1452117849, type=private, title=null, username=Nurlan1402), date=1734246138, text=https://hh.ru/vacancy/112733439)),[Server:"nginx/1.18.0", Date:"Sun, 15 Dec 2024 07:02:18 GMT", Content-Type:"application/json", Content-Length:"390", Connection:"keep-alive", Strict-Transport-Security:"max-age=31536000; includeSubDomains; preload", Access-Control-Allow-Origin:"*", Access-Control-Allow-Methods:"GET, POST, OPTIONS", Access-Control-Expose-Headers:"Content-Length,Content-Type,Date,Server,Connection"]>
2024-12-15 14:02:18 DEBUG c.e.demo.service.NotificationService - url: https://api.telegram.org/bot7042028384:AAEFKZvj7hUoHZlcHPI1xba6-gbSPoUrLl0/sendMessage
2024-12-15 14:02:18 DEBUG c.e.demo.service.NotificationService - Запрос: <200 OK OK,TelegramResponse(ok=true, result=SendMessageResponse(messageId=45, chat=Chat(id=1452117849, type=private, title=null, username=Nurlan1402), date=1734246138, text=https://hh.ru/vacancy/112371842)),[Server:"nginx/1.18.0", Date:"Sun, 15 Dec 2024 07:02:18 GMT", Content-Type:"application/json", Content-Length:"390", Connection:"keep-alive", Strict-Transport-Security:"max-age=31536000; includeSubDomains; preload", Access-Control-Allow-Origin:"*", Access-Control-Allow-Methods:"GET, POST, OPTIONS", Access-Control-Expose-Headers:"Content-Length,Content-Type,Date,Server,Connection"]>
2024-12-15 14:02:18 DEBUG c.e.demo.service.NotificationService - url: https://api.telegram.org/bot7042028384:AAEFKZvj7hUoHZlcHPI1xba6-gbSPoUrLl0/sendMessage
2024-12-15 14:02:18 DEBUG c.e.demo.service.NotificationService - Запрос: <200 OK OK,TelegramResponse(ok=true, result=SendMessageResponse(messageId=46, chat=Chat(id=1452117849, type=private, title=null, username=Nurlan1402), date=1734246138, text=https://hh.ru/vacancy/112371843)),[Server:"nginx/1.18.0", Date:"Sun, 15 Dec 2024 07:02:18 GMT", Content-Type:"application/json", Content-Length:"390", Connection:"keep-alive", Strict-Transport-Security:"max-age=31536000; includeSubDomains; preload", Access-Control-Allow-Origin:"*", Access-Control-Allow-Methods:"GET, POST, OPTIONS", Access-Control-Expose-Headers:"Content-Length,Content-Type,Date,Server,Connection"]>
2024-12-15 14:02:18 DEBUG c.e.demo.service.NotificationService - Отправка уведомления в Telegram: [https://hh.ru/vacancy/112733439, https://hh.ru/vacancy/112371842, https://hh.ru/vacancy/112371843]
2024-12-15 14:02:20 INFO  o.a.k.c.c.i.ConsumerCoordinator - [Consumer clientId=consumer-auth_service-2, groupId=auth_service] Successfully joined group with generation Generation{generationId=1253, memberId='consumer-auth_service-2-e15585fd-ba12-4309-b417-f3a4aed62a67', protocol='range'}
2024-12-15 14:02:20 INFO  o.a.k.c.c.i.ConsumerCoordinator - [Consumer clientId=consumer-auth_service-1, groupId=auth_service] Successfully joined group with generation Generation{generationId=1253, memberId='consumer-auth_service-1-596a881e-fca9-4325-a327-3646f1f15539', protocol='range'}
2024-12-15 14:02:20 INFO  o.a.k.c.c.i.ConsumerCoordinator - [Consumer clientId=consumer-auth_service-4, groupId=auth_service] Successfully joined group with generation Generation{generationId=1253, memberId='consumer-auth_service-4-5e0a4786-dfe0-437e-aa55-53ab8dde41c0', protocol='range'}
2024-12-15 14:02:20 INFO  o.a.k.c.c.i.ConsumerCoordinator - [Consumer clientId=consumer-auth_service-7, groupId=auth_service] Successfully joined group with generation Generation{generationId=1253, memberId='consumer-auth_service-7-67450e9c-286b-4512-ad57-708661b174c8', protocol='range'}
2024-12-15 14:02:20 INFO  o.a.k.c.c.i.ConsumerCoordinator - [Consumer clientId=consumer-auth_service-5, groupId=auth_service] Successfully joined group with generation Generation{generationId=1253, memberId='consumer-auth_service-5-d0f6303b-ca46-496a-9165-c4ac1a681a4b', protocol='range'}
2024-12-15 14:02:20 INFO  o.a.k.c.c.i.ConsumerCoordinator - [Consumer clientId=consumer-auth_service-6, groupId=auth_service] Successfully joined group with generation Generation{generationId=1253, memberId='consumer-auth_service-6-06ae3bd2-ed52-4d97-a6c8-f4f8728ddf95', protocol='range'}
2024-12-15 14:02:20 INFO  o.a.k.c.c.i.ConsumerCoordinator - [Consumer clientId=consumer-auth_service-8, groupId=auth_service] Successfully joined group with generation Generation{generationId=1253, memberId='consumer-auth_service-8-ede7aeb5-4215-4d9f-bd87-f20470da2388', protocol='range'}
2024-12-15 14:02:20 INFO  o.a.k.c.c.i.ConsumerCoordinator - [Consumer clientId=consumer-auth_service-3, groupId=auth_service] Successfully joined group with generation Generation{generationId=1253, memberId='consumer-auth_service-3-75597919-6776-4db9-bf4c-fbb264d06470', protocol='range'}
2024-12-15 14:02:20 INFO  o.a.k.c.c.i.ConsumerCoordinator - [Consumer clientId=consumer-auth_service-6, groupId=auth_service] Finished assignment for group at generation 1253: {consumer-auth_service-1-596a881e-fca9-4325-a327-3646f1f15539=Assignment(partitions=[ping-0]), consumer-auth_service-6-06ae3bd2-ed52-4d97-a6c8-f4f8728ddf95=Assignment(partitions=[getLink-0]), consumer-auth_service-4-5e0a4786-dfe0-437e-aa55-53ab8dde41c0=Assignment(partitions=[status-0]), consumer-auth_service-8-ede7aeb5-4215-4d9f-bd87-f20470da2388=Assignment(partitions=[start-0]), consumer-auth_service-7-67450e9c-286b-4512-ad57-708661b174c8=Assignment(partitions=[filter-0]), consumer-auth_service-5-d0f6303b-ca46-496a-9165-c4ac1a681a4b=Assignment(partitions=[registry-0]), consumer-auth_service-3-75597919-6776-4db9-bf4c-fbb264d06470=Assignment(partitions=[stop-0]), consumer-auth_service-2-e15585fd-ba12-4309-b417-f3a4aed62a67=Assignment(partitions=[profile-0])}
2024-12-15 14:02:20 INFO  o.a.k.c.c.i.ConsumerCoordinator - [Consumer clientId=consumer-auth_service-1, groupId=auth_service] Successfully synced group in generation Generation{generationId=1253, memberId='consumer-auth_service-1-596a881e-fca9-4325-a327-3646f1f15539', protocol='range'}
2024-12-15 14:02:20 INFO  o.a.k.c.c.i.ConsumerCoordinator - [Consumer clientId=consumer-auth_service-6, groupId=auth_service] Successfully synced group in generation Generation{generationId=1253, memberId='consumer-auth_service-6-06ae3bd2-ed52-4d97-a6c8-f4f8728ddf95', protocol='range'}
2024-12-15 14:02:20 INFO  o.a.k.c.c.i.ConsumerCoordinator - [Consumer clientId=consumer-auth_service-2, groupId=auth_service] Successfully synced group in generation Generation{generationId=1253, memberId='consumer-auth_service-2-e15585fd-ba12-4309-b417-f3a4aed62a67', protocol='range'}
2024-12-15 14:02:20 INFO  o.a.k.c.c.i.ConsumerCoordinator - [Consumer clientId=consumer-auth_service-4, groupId=auth_service] Successfully synced group in generation Generation{generationId=1253, memberId='consumer-auth_service-4-5e0a4786-dfe0-437e-aa55-53ab8dde41c0', protocol='range'}
2024-12-15 14:02:20 INFO  o.a.k.c.c.i.ConsumerCoordinator - [Consumer clientId=consumer-auth_service-5, groupId=auth_service] Successfully synced group in generation Generation{generationId=1253, memberId='consumer-auth_service-5-d0f6303b-ca46-496a-9165-c4ac1a681a4b', protocol='range'}
2024-12-15 14:02:20 INFO  o.a.k.c.c.i.ConsumerCoordinator - [Consumer clientId=consumer-auth_service-2, groupId=auth_service] Notifying assignor about the new Assignment(partitions=[profile-0])
2024-12-15 14:02:20 INFO  o.a.k.c.c.i.ConsumerCoordinator - [Consumer clientId=consumer-auth_service-4, groupId=auth_service] Notifying assignor about the new Assignment(partitions=[status-0])
2024-12-15 14:02:20 INFO  o.a.k.c.c.i.ConsumerCoordinator - [Consumer clientId=consumer-auth_service-1, groupId=auth_service] Notifying assignor about the new Assignment(partitions=[ping-0])
2024-12-15 14:02:20 INFO  o.a.k.c.c.i.ConsumerCoordinator - [Consumer clientId=consumer-auth_service-6, groupId=auth_service] Notifying assignor about the new Assignment(partitions=[getLink-0])
2024-12-15 14:02:20 INFO  o.a.k.c.c.i.ConsumerCoordinator - [Consumer clientId=consumer-auth_service-5, groupId=auth_service] Notifying assignor about the new Assignment(partitions=[registry-0])
2024-12-15 14:02:20 INFO  o.a.k.c.c.i.ConsumerCoordinator - [Consumer clientId=consumer-auth_service-7, groupId=auth_service] Successfully synced group in generation Generation{generationId=1253, memberId='consumer-auth_service-7-67450e9c-286b-4512-ad57-708661b174c8', protocol='range'}
2024-12-15 14:02:20 INFO  o.a.k.c.c.i.ConsumerCoordinator - [Consumer clientId=consumer-auth_service-8, groupId=auth_service] Successfully synced group in generation Generation{generationId=1253, memberId='consumer-auth_service-8-ede7aeb5-4215-4d9f-bd87-f20470da2388', protocol='range'}
2024-12-15 14:02:20 INFO  o.a.k.c.c.i.ConsumerCoordinator - [Consumer clientId=consumer-auth_service-7, groupId=auth_service] Notifying assignor about the new Assignment(partitions=[filter-0])
2024-12-15 14:02:20 INFO  o.a.k.c.c.i.ConsumerCoordinator - [Consumer clientId=consumer-auth_service-8, groupId=auth_service] Notifying assignor about the new Assignment(partitions=[start-0])
2024-12-15 14:02:20 INFO  o.a.k.c.c.i.ConsumerRebalanceListenerInvoker - [Consumer clientId=consumer-auth_service-5, groupId=auth_service] Adding newly assigned partitions: registry-0
2024-12-15 14:02:20 INFO  o.a.k.c.c.i.ConsumerRebalanceListenerInvoker - [Consumer clientId=consumer-auth_service-6, groupId=auth_service] Adding newly assigned partitions: getLink-0
2024-12-15 14:02:20 INFO  o.a.k.c.c.i.ConsumerRebalanceListenerInvoker - [Consumer clientId=consumer-auth_service-2, groupId=auth_service] Adding newly assigned partitions: profile-0
2024-12-15 14:02:20 INFO  o.a.k.c.c.i.ConsumerRebalanceListenerInvoker - [Consumer clientId=consumer-auth_service-4, groupId=auth_service] Adding newly assigned partitions: status-0
2024-12-15 14:02:20 INFO  o.a.k.c.c.i.ConsumerRebalanceListenerInvoker - [Consumer clientId=consumer-auth_service-7, groupId=auth_service] Adding newly assigned partitions: filter-0
2024-12-15 14:02:20 INFO  o.a.k.c.c.i.ConsumerRebalanceListenerInvoker - [Consumer clientId=consumer-auth_service-8, groupId=auth_service] Adding newly assigned partitions: start-0
2024-12-15 14:02:20 INFO  o.a.k.c.c.i.ConsumerRebalanceListenerInvoker - [Consumer clientId=consumer-auth_service-1, groupId=auth_service] Adding newly assigned partitions: ping-0
2024-12-15 14:02:20 INFO  o.a.k.c.c.i.ConsumerCoordinator - [Consumer clientId=consumer-auth_service-3, groupId=auth_service] Successfully synced group in generation Generation{generationId=1253, memberId='consumer-auth_service-3-75597919-6776-4db9-bf4c-fbb264d06470', protocol='range'}
2024-12-15 14:02:20 INFO  o.a.k.c.c.i.ConsumerCoordinator - [Consumer clientId=consumer-auth_service-3, groupId=auth_service] Notifying assignor about the new Assignment(partitions=[stop-0])
2024-12-15 14:02:20 INFO  o.a.k.c.c.i.ConsumerRebalanceListenerInvoker - [Consumer clientId=consumer-auth_service-3, groupId=auth_service] Adding newly assigned partitions: stop-0
2024-12-15 14:02:20 INFO  o.a.k.c.c.internals.ConsumerUtils - Setting offset for partition ping-0 to the committed offset FetchPosition{offset=1142, offsetEpoch=Optional.empty, currentLeader=LeaderAndEpoch{leader=Optional[37.194.168.90:9092 (id: 1 rack: null)], epoch=0}}
2024-12-15 14:02:20 INFO  o.a.k.c.c.internals.ConsumerUtils - Setting offset for partition start-0 to the committed offset FetchPosition{offset=243, offsetEpoch=Optional.empty, currentLeader=LeaderAndEpoch{leader=Optional[37.194.168.90:9092 (id: 1 rack: null)], epoch=0}}
2024-12-15 14:02:20 INFO  o.a.k.c.c.internals.ConsumerUtils - Setting offset for partition profile-0 to the committed offset FetchPosition{offset=60, offsetEpoch=Optional.empty, currentLeader=LeaderAndEpoch{leader=Optional[37.194.168.90:9092 (id: 1 rack: null)], epoch=0}}
2024-12-15 14:02:20 INFO  o.a.k.c.c.internals.ConsumerUtils - Setting offset for partition getLink-0 to the committed offset FetchPosition{offset=86, offsetEpoch=Optional.empty, currentLeader=LeaderAndEpoch{leader=Optional[37.194.168.90:9092 (id: 1 rack: null)], epoch=0}}
2024-12-15 14:02:20 INFO  o.a.k.c.c.internals.ConsumerUtils - Setting offset for partition status-0 to the committed offset FetchPosition{offset=85, offsetEpoch=Optional.empty, currentLeader=LeaderAndEpoch{leader=Optional[37.194.168.90:9092 (id: 1 rack: null)], epoch=0}}
2024-12-15 14:02:20 INFO  o.a.k.c.c.internals.ConsumerUtils - Setting offset for partition filter-0 to the committed offset FetchPosition{offset=62, offsetEpoch=Optional.empty, currentLeader=LeaderAndEpoch{leader=Optional[37.194.168.90:9092 (id: 1 rack: null)], epoch=0}}
2024-12-15 14:02:20 INFO  o.a.k.c.c.internals.ConsumerUtils - Setting offset for partition registry-0 to the committed offset FetchPosition{offset=143, offsetEpoch=Optional.empty, currentLeader=LeaderAndEpoch{leader=Optional[37.194.168.90:9092 (id: 1 rack: null)], epoch=0}}
2024-12-15 14:02:20 INFO  o.s.k.l.KafkaMessageListenerContainer - auth_service: partitions assigned: [ping-0]
2024-12-15 14:02:20 INFO  o.s.k.l.KafkaMessageListenerContainer - auth_service: partitions assigned: [status-0]
2024-12-15 14:02:20 INFO  o.a.k.c.c.internals.ConsumerUtils - Setting offset for partition stop-0 to the committed offset FetchPosition{offset=20, offsetEpoch=Optional.empty, currentLeader=LeaderAndEpoch{leader=Optional[37.194.168.90:9092 (id: 1 rack: null)], epoch=0}}
2024-12-15 14:02:20 INFO  o.s.k.l.KafkaMessageListenerContainer - auth_service: partitions assigned: [stop-0]
2024-12-15 14:02:20 INFO  o.s.k.l.KafkaMessageListenerContainer - auth_service: partitions assigned: [profile-0]
2024-12-15 14:02:20 INFO  o.s.k.l.KafkaMessageListenerContainer - auth_service: partitions assigned: [filter-0]
2024-12-15 14:02:20 INFO  o.s.k.l.KafkaMessageListenerContainer - auth_service: partitions assigned: [registry-0]
2024-12-15 14:02:20 INFO  o.s.k.l.KafkaMessageListenerContainer - auth_service: partitions assigned: [start-0]
2024-12-15 14:02:20 INFO  o.s.k.l.KafkaMessageListenerContainer - auth_service: partitions assigned: [getLink-0]
2024-12-15 14:11:17 INFO  o.apache.kafka.clients.NetworkClient - [Consumer clientId=consumer-auth_service-8, groupId=auth_service] Node -1 disconnected.
2024-12-15 14:11:17 INFO  o.apache.kafka.clients.NetworkClient - [Consumer clientId=consumer-auth_service-7, groupId=auth_service] Node -1 disconnected.
2024-12-15 14:11:17 INFO  o.apache.kafka.clients.NetworkClient - [Consumer clientId=consumer-auth_service-3, groupId=auth_service] Node -1 disconnected.
2024-12-15 14:11:17 INFO  o.apache.kafka.clients.NetworkClient - [Consumer clientId=consumer-auth_service-2, groupId=auth_service] Node -1 disconnected.
2024-12-15 14:11:17 INFO  o.apache.kafka.clients.NetworkClient - [Consumer clientId=consumer-auth_service-4, groupId=auth_service] Node -1 disconnected.
2024-12-15 14:11:17 INFO  o.apache.kafka.clients.NetworkClient - [Consumer clientId=consumer-auth_service-5, groupId=auth_service] Node -1 disconnected.
2024-12-15 14:11:17 INFO  o.apache.kafka.clients.NetworkClient - [Consumer clientId=consumer-auth_service-1, groupId=auth_service] Node -1 disconnected.
2024-12-15 14:11:17 INFO  o.apache.kafka.clients.NetworkClient - [Consumer clientId=consumer-auth_service-6, groupId=auth_service] Node -1 disconnected.
2024-12-15 14:19:11 INFO  o.a.k.c.c.i.ConsumerRebalanceListenerInvoker - [Consumer clientId=consumer-auth_service-2, groupId=auth_service] Revoke previously assigned partitions profile-0
2024-12-15 14:19:11 INFO  o.a.k.c.c.i.ConsumerRebalanceListenerInvoker - [Consumer clientId=consumer-auth_service-7, groupId=auth_service] Revoke previously assigned partitions filter-0
2024-12-15 14:19:11 INFO  o.a.k.c.c.i.ConsumerRebalanceListenerInvoker - [Consumer clientId=consumer-auth_service-1, groupId=auth_service] Revoke previously assigned partitions ping-0
2024-12-15 14:19:11 INFO  o.a.k.c.c.i.ConsumerRebalanceListenerInvoker - [Consumer clientId=consumer-auth_service-3, groupId=auth_service] Revoke previously assigned partitions stop-0
2024-12-15 14:19:11 INFO  o.a.k.c.c.i.ConsumerRebalanceListenerInvoker - [Consumer clientId=consumer-auth_service-5, groupId=auth_service] Revoke previously assigned partitions registry-0
2024-12-15 14:19:11 INFO  o.a.k.c.c.i.ConsumerRebalanceListenerInvoker - [Consumer clientId=consumer-auth_service-4, groupId=auth_service] Revoke previously assigned partitions status-0
2024-12-15 14:19:11 INFO  o.a.k.c.c.i.ConsumerRebalanceListenerInvoker - [Consumer clientId=consumer-auth_service-6, groupId=auth_service] Revoke previously assigned partitions getLink-0
2024-12-15 14:19:11 INFO  o.a.k.c.c.i.ConsumerRebalanceListenerInvoker - [Consumer clientId=consumer-auth_service-8, groupId=auth_service] Revoke previously assigned partitions start-0
2024-12-15 14:19:11 INFO  o.s.k.l.KafkaMessageListenerContainer - auth_service: partitions revoked: [profile-0]
2024-12-15 14:19:11 INFO  o.s.k.l.KafkaMessageListenerContainer - auth_service: partitions revoked: [stop-0]
2024-12-15 14:19:11 INFO  o.s.k.l.KafkaMessageListenerContainer - auth_service: partitions revoked: [registry-0]
2024-12-15 14:19:11 INFO  o.s.k.l.KafkaMessageListenerContainer - auth_service: partitions revoked: [status-0]
2024-12-15 14:19:11 INFO  o.s.k.l.KafkaMessageListenerContainer - auth_service: partitions revoked: [ping-0]
2024-12-15 14:19:11 INFO  o.s.k.l.KafkaMessageListenerContainer - auth_service: partitions revoked: [filter-0]
2024-12-15 14:19:11 INFO  o.s.k.l.KafkaMessageListenerContainer - auth_service: partitions revoked: [getLink-0]
2024-12-15 14:19:11 INFO  o.s.k.l.KafkaMessageListenerContainer - auth_service: partitions revoked: [start-0]
2024-12-15 14:19:11 INFO  o.a.k.c.c.i.ConsumerCoordinator - [Consumer clientId=consumer-auth_service-3, groupId=auth_service] Member consumer-auth_service-3-75597919-6776-4db9-bf4c-fbb264d06470 sending LeaveGroup request to coordinator 37.194.168.90:9092 (id: 2147483646 rack: null) due to the consumer unsubscribed from all topics
2024-12-15 14:19:11 INFO  o.a.k.c.c.i.ConsumerCoordinator - [Consumer clientId=consumer-auth_service-6, groupId=auth_service] Member consumer-auth_service-6-06ae3bd2-ed52-4d97-a6c8-f4f8728ddf95 sending LeaveGroup request to coordinator 37.194.168.90:9092 (id: 2147483646 rack: null) due to the consumer unsubscribed from all topics
2024-12-15 14:19:11 INFO  o.a.k.c.c.i.ConsumerCoordinator - [Consumer clientId=consumer-auth_service-2, groupId=auth_service] Member consumer-auth_service-2-e15585fd-ba12-4309-b417-f3a4aed62a67 sending LeaveGroup request to coordinator 37.194.168.90:9092 (id: 2147483646 rack: null) due to the consumer unsubscribed from all topics
2024-12-15 14:19:11 INFO  o.a.k.c.c.i.ConsumerCoordinator - [Consumer clientId=consumer-auth_service-1, groupId=auth_service] Member consumer-auth_service-1-596a881e-fca9-4325-a327-3646f1f15539 sending LeaveGroup request to coordinator 37.194.168.90:9092 (id: 2147483646 rack: null) due to the consumer unsubscribed from all topics
2024-12-15 14:19:11 INFO  o.a.k.c.c.i.ConsumerCoordinator - [Consumer clientId=consumer-auth_service-8, groupId=auth_service] Member consumer-auth_service-8-ede7aeb5-4215-4d9f-bd87-f20470da2388 sending LeaveGroup request to coordinator 37.194.168.90:9092 (id: 2147483646 rack: null) due to the consumer unsubscribed from all topics
2024-12-15 14:19:11 INFO  o.a.k.c.c.i.ConsumerCoordinator - [Consumer clientId=consumer-auth_service-7, groupId=auth_service] Member consumer-auth_service-7-67450e9c-286b-4512-ad57-708661b174c8 sending LeaveGroup request to coordinator 37.194.168.90:9092 (id: 2147483646 rack: null) due to the consumer unsubscribed from all topics
2024-12-15 14:19:11 INFO  o.a.k.c.c.i.ConsumerCoordinator - [Consumer clientId=consumer-auth_service-5, groupId=auth_service] Member consumer-auth_service-5-d0f6303b-ca46-496a-9165-c4ac1a681a4b sending LeaveGroup request to coordinator 37.194.168.90:9092 (id: 2147483646 rack: null) due to the consumer unsubscribed from all topics
2024-12-15 14:19:11 INFO  o.a.k.c.c.i.ConsumerCoordinator - [Consumer clientId=consumer-auth_service-4, groupId=auth_service] Member consumer-auth_service-4-5e0a4786-dfe0-437e-aa55-53ab8dde41c0 sending LeaveGroup request to coordinator 37.194.168.90:9092 (id: 2147483646 rack: null) due to the consumer unsubscribed from all topics
2024-12-15 14:19:11 INFO  o.a.k.c.c.i.ConsumerCoordinator - [Consumer clientId=consumer-auth_service-2, groupId=auth_service] Resetting generation and member id due to: consumer pro-actively leaving the group
2024-12-15 14:19:11 INFO  o.a.k.c.c.i.ConsumerCoordinator - [Consumer clientId=consumer-auth_service-3, groupId=auth_service] Resetting generation and member id due to: consumer pro-actively leaving the group
2024-12-15 14:19:11 INFO  o.a.k.c.c.i.ConsumerCoordinator - [Consumer clientId=consumer-auth_service-6, groupId=auth_service] Resetting generation and member id due to: consumer pro-actively leaving the group
2024-12-15 14:19:11 INFO  o.a.k.c.c.i.ConsumerCoordinator - [Consumer clientId=consumer-auth_service-4, groupId=auth_service] Resetting generation and member id due to: consumer pro-actively leaving the group
2024-12-15 14:19:11 INFO  o.a.k.c.c.i.ConsumerCoordinator - [Consumer clientId=consumer-auth_service-6, groupId=auth_service] Request joining group due to: consumer pro-actively leaving the group
2024-12-15 14:19:11 INFO  o.a.k.c.c.i.ConsumerCoordinator - [Consumer clientId=consumer-auth_service-4, groupId=auth_service] Request joining group due to: consumer pro-actively leaving the group
2024-12-15 14:19:11 INFO  o.a.k.c.c.i.LegacyKafkaConsumer - [Consumer clientId=consumer-auth_service-6, groupId=auth_service] Unsubscribed all topics or patterns and assigned partitions
2024-12-15 14:19:11 INFO  o.a.k.c.c.i.ConsumerCoordinator - [Consumer clientId=consumer-auth_service-7, groupId=auth_service] Resetting generation and member id due to: consumer pro-actively leaving the group
2024-12-15 14:19:11 INFO  o.a.k.c.c.i.ConsumerCoordinator - [Consumer clientId=consumer-auth_service-5, groupId=auth_service] Resetting generation and member id due to: consumer pro-actively leaving the group
2024-12-15 14:19:11 INFO  o.a.k.c.c.i.ConsumerCoordinator - [Consumer clientId=consumer-auth_service-7, groupId=auth_service] Request joining group due to: consumer pro-actively leaving the group
2024-12-15 14:19:11 INFO  o.a.k.c.c.i.ConsumerCoordinator - [Consumer clientId=consumer-auth_service-5, groupId=auth_service] Request joining group due to: consumer pro-actively leaving the group
2024-12-15 14:19:11 INFO  o.a.k.c.c.i.LegacyKafkaConsumer - [Consumer clientId=consumer-auth_service-5, groupId=auth_service] Unsubscribed all topics or patterns and assigned partitions
2024-12-15 14:19:11 INFO  o.a.k.c.c.i.ConsumerCoordinator - [Consumer clientId=consumer-auth_service-1, groupId=auth_service] Resetting generation and member id due to: consumer pro-actively leaving the group
2024-12-15 14:19:11 INFO  o.a.k.c.c.i.ConsumerCoordinator - [Consumer clientId=consumer-auth_service-1, groupId=auth_service] Request joining group due to: consumer pro-actively leaving the group
2024-12-15 14:19:11 INFO  o.a.k.c.c.i.LegacyKafkaConsumer - [Consumer clientId=consumer-auth_service-1, groupId=auth_service] Unsubscribed all topics or patterns and assigned partitions
2024-12-15 14:19:11 INFO  o.a.k.c.c.i.ConsumerCoordinator - [Consumer clientId=consumer-auth_service-8, groupId=auth_service] Resetting generation and member id due to: consumer pro-actively leaving the group
2024-12-15 14:19:11 INFO  o.a.k.c.c.i.ConsumerCoordinator - [Consumer clientId=consumer-auth_service-2, groupId=auth_service] Request joining group due to: consumer pro-actively leaving the group
2024-12-15 14:19:11 INFO  o.a.k.c.c.i.ConsumerCoordinator - [Consumer clientId=consumer-auth_service-8, groupId=auth_service] Request joining group due to: consumer pro-actively leaving the group
2024-12-15 14:19:11 INFO  o.a.k.c.c.i.ConsumerCoordinator - [Consumer clientId=consumer-auth_service-3, groupId=auth_service] Request joining group due to: consumer pro-actively leaving the group
2024-12-15 14:19:11 INFO  o.a.k.c.c.i.LegacyKafkaConsumer - [Consumer clientId=consumer-auth_service-4, groupId=auth_service] Unsubscribed all topics or patterns and assigned partitions
2024-12-15 14:19:11 INFO  o.a.k.c.c.i.LegacyKafkaConsumer - [Consumer clientId=consumer-auth_service-7, groupId=auth_service] Unsubscribed all topics or patterns and assigned partitions
2024-12-15 14:19:11 INFO  o.a.k.c.c.i.LegacyKafkaConsumer - [Consumer clientId=consumer-auth_service-2, groupId=auth_service] Unsubscribed all topics or patterns and assigned partitions
2024-12-15 14:19:11 INFO  o.a.k.c.c.i.LegacyKafkaConsumer - [Consumer clientId=consumer-auth_service-8, groupId=auth_service] Unsubscribed all topics or patterns and assigned partitions
2024-12-15 14:19:11 INFO  o.a.k.c.c.i.LegacyKafkaConsumer - [Consumer clientId=consumer-auth_service-3, groupId=auth_service] Unsubscribed all topics or patterns and assigned partitions
2024-12-15 14:19:11 INFO  o.a.k.c.c.i.ConsumerCoordinator - [Consumer clientId=consumer-auth_service-4, groupId=auth_service] Resetting generation and member id due to: consumer pro-actively leaving the group
2024-12-15 14:19:11 INFO  o.a.k.c.c.i.ConsumerCoordinator - [Consumer clientId=consumer-auth_service-8, groupId=auth_service] Resetting generation and member id due to: consumer pro-actively leaving the group
2024-12-15 14:19:11 INFO  o.a.k.c.c.i.ConsumerCoordinator - [Consumer clientId=consumer-auth_service-6, groupId=auth_service] Resetting generation and member id due to: consumer pro-actively leaving the group
2024-12-15 14:19:11 INFO  o.a.k.c.c.i.ConsumerCoordinator - [Consumer clientId=consumer-auth_service-8, groupId=auth_service] Request joining group due to: consumer pro-actively leaving the group
2024-12-15 14:19:11 INFO  o.a.k.c.c.i.ConsumerCoordinator - [Consumer clientId=consumer-auth_service-6, groupId=auth_service] Request joining group due to: consumer pro-actively leaving the group
2024-12-15 14:19:11 INFO  o.a.k.c.c.i.ConsumerCoordinator - [Consumer clientId=consumer-auth_service-1, groupId=auth_service] Resetting generation and member id due to: consumer pro-actively leaving the group
2024-12-15 14:19:11 INFO  o.a.k.c.c.i.ConsumerCoordinator - [Consumer clientId=consumer-auth_service-3, groupId=auth_service] Resetting generation and member id due to: consumer pro-actively leaving the group
2024-12-15 14:19:11 INFO  o.a.k.c.c.i.ConsumerCoordinator - [Consumer clientId=consumer-auth_service-2, groupId=auth_service] Resetting generation and member id due to: consumer pro-actively leaving the group
2024-12-15 14:19:11 INFO  o.a.k.c.c.i.ConsumerCoordinator - [Consumer clientId=consumer-auth_service-5, groupId=auth_service] Resetting generation and member id due to: consumer pro-actively leaving the group
2024-12-15 14:19:11 INFO  o.a.k.c.c.i.ConsumerCoordinator - [Consumer clientId=consumer-auth_service-7, groupId=auth_service] Resetting generation and member id due to: consumer pro-actively leaving the group
2024-12-15 14:19:11 INFO  o.a.k.c.c.i.ConsumerCoordinator - [Consumer clientId=consumer-auth_service-4, groupId=auth_service] Request joining group due to: consumer pro-actively leaving the group
2024-12-15 14:19:11 INFO  o.a.k.c.c.i.ConsumerCoordinator - [Consumer clientId=consumer-auth_service-1, groupId=auth_service] Request joining group due to: consumer pro-actively leaving the group
2024-12-15 14:19:11 INFO  o.a.k.c.c.i.ConsumerCoordinator - [Consumer clientId=consumer-auth_service-3, groupId=auth_service] Request joining group due to: consumer pro-actively leaving the group
2024-12-15 14:19:11 INFO  o.a.k.c.c.i.ConsumerCoordinator - [Consumer clientId=consumer-auth_service-2, groupId=auth_service] Request joining group due to: consumer pro-actively leaving the group
2024-12-15 14:19:11 INFO  o.a.k.c.c.i.ConsumerCoordinator - [Consumer clientId=consumer-auth_service-5, groupId=auth_service] Request joining group due to: consumer pro-actively leaving the group
2024-12-15 14:19:11 INFO  o.a.k.c.c.i.ConsumerCoordinator - [Consumer clientId=consumer-auth_service-7, groupId=auth_service] Request joining group due to: consumer pro-actively leaving the group
2024-12-15 14:19:11 INFO  o.a.kafka.common.metrics.Metrics - Metrics scheduler closed
2024-12-15 14:19:11 INFO  o.a.kafka.common.metrics.Metrics - Metrics scheduler closed
2024-12-15 14:19:11 INFO  o.a.kafka.common.metrics.Metrics - Closing reporter org.apache.kafka.common.metrics.JmxReporter
2024-12-15 14:19:11 INFO  o.a.kafka.common.metrics.Metrics - Closing reporter org.apache.kafka.common.metrics.JmxReporter
2024-12-15 14:19:11 INFO  o.a.kafka.common.metrics.Metrics - Closing reporter org.apache.kafka.common.telemetry.internals.ClientTelemetryReporter
2024-12-15 14:19:11 INFO  o.a.kafka.common.metrics.Metrics - Closing reporter org.apache.kafka.common.telemetry.internals.ClientTelemetryReporter
2024-12-15 14:19:11 INFO  o.a.kafka.common.metrics.Metrics - Metrics reporters closed
2024-12-15 14:19:11 INFO  o.a.kafka.common.metrics.Metrics - Metrics reporters closed
2024-12-15 14:19:11 INFO  o.a.kafka.common.metrics.Metrics - Metrics scheduler closed
2024-12-15 14:19:11 INFO  o.a.kafka.common.metrics.Metrics - Closing reporter org.apache.kafka.common.metrics.JmxReporter
2024-12-15 14:19:11 INFO  o.a.kafka.common.metrics.Metrics - Closing reporter org.apache.kafka.common.telemetry.internals.ClientTelemetryReporter
2024-12-15 14:19:11 INFO  o.a.kafka.common.metrics.Metrics - Metrics reporters closed
2024-12-15 14:19:11 INFO  o.a.kafka.common.utils.AppInfoParser - App info kafka.consumer for consumer-auth_service-8 unregistered
2024-12-15 14:19:11 INFO  o.a.kafka.common.utils.AppInfoParser - App info kafka.consumer for consumer-auth_service-7 unregistered
2024-12-15 14:19:11 INFO  o.s.k.l.KafkaMessageListenerContainer - auth_service: Consumer stopped
2024-12-15 14:19:11 INFO  o.s.k.l.KafkaMessageListenerContainer - auth_service: Consumer stopped
2024-12-15 14:19:11 INFO  o.a.kafka.common.utils.AppInfoParser - App info kafka.consumer for consumer-auth_service-6 unregistered
2024-12-15 14:19:11 INFO  o.s.k.l.KafkaMessageListenerContainer - auth_service: Consumer stopped
2024-12-15 14:19:11 INFO  o.a.kafka.common.metrics.Metrics - Metrics scheduler closed
2024-12-15 14:19:11 INFO  o.a.kafka.common.metrics.Metrics - Closing reporter org.apache.kafka.common.metrics.JmxReporter
2024-12-15 14:19:11 INFO  o.a.kafka.common.metrics.Metrics - Closing reporter org.apache.kafka.common.telemetry.internals.ClientTelemetryReporter
2024-12-15 14:19:11 INFO  o.a.kafka.common.metrics.Metrics - Metrics scheduler closed
2024-12-15 14:19:11 INFO  o.a.kafka.common.metrics.Metrics - Closing reporter org.apache.kafka.common.metrics.JmxReporter
2024-12-15 14:19:11 INFO  o.a.kafka.common.metrics.Metrics - Closing reporter org.apache.kafka.common.telemetry.internals.ClientTelemetryReporter
2024-12-15 14:19:11 INFO  o.a.kafka.common.metrics.Metrics - Metrics reporters closed
2024-12-15 14:19:11 INFO  o.a.kafka.common.metrics.Metrics - Metrics reporters closed
2024-12-15 14:19:11 INFO  o.a.kafka.common.metrics.Metrics - Metrics scheduler closed
2024-12-15 14:19:11 INFO  o.a.kafka.common.metrics.Metrics - Closing reporter org.apache.kafka.common.metrics.JmxReporter
2024-12-15 14:19:11 INFO  o.a.kafka.common.metrics.Metrics - Closing reporter org.apache.kafka.common.telemetry.internals.ClientTelemetryReporter
2024-12-15 14:19:11 INFO  o.a.kafka.common.metrics.Metrics - Metrics reporters closed
2024-12-15 14:19:11 INFO  o.a.kafka.common.metrics.Metrics - Metrics scheduler closed
2024-12-15 14:19:11 INFO  o.a.kafka.common.metrics.Metrics - Closing reporter org.apache.kafka.common.metrics.JmxReporter
2024-12-15 14:19:11 INFO  o.a.kafka.common.metrics.Metrics - Closing reporter org.apache.kafka.common.telemetry.internals.ClientTelemetryReporter
2024-12-15 14:19:11 INFO  o.a.kafka.common.metrics.Metrics - Metrics reporters closed
2024-12-15 14:19:11 INFO  o.a.kafka.common.metrics.Metrics - Metrics scheduler closed
2024-12-15 14:19:11 INFO  o.a.kafka.common.metrics.Metrics - Closing reporter org.apache.kafka.common.metrics.JmxReporter
2024-12-15 14:19:11 INFO  o.a.kafka.common.metrics.Metrics - Closing reporter org.apache.kafka.common.telemetry.internals.ClientTelemetryReporter
2024-12-15 14:19:11 INFO  o.a.kafka.common.metrics.Metrics - Metrics reporters closed
2024-12-15 14:19:11 INFO  o.a.kafka.common.utils.AppInfoParser - App info kafka.consumer for consumer-auth_service-5 unregistered
2024-12-15 14:19:11 INFO  o.s.k.l.KafkaMessageListenerContainer - auth_service: Consumer stopped
2024-12-15 14:19:11 INFO  o.a.kafka.common.utils.AppInfoParser - App info kafka.consumer for consumer-auth_service-2 unregistered
2024-12-15 14:19:11 INFO  o.s.k.l.KafkaMessageListenerContainer - auth_service: Consumer stopped
2024-12-15 14:19:11 INFO  o.a.kafka.common.utils.AppInfoParser - App info kafka.consumer for consumer-auth_service-3 unregistered
2024-12-15 14:19:11 INFO  o.s.k.l.KafkaMessageListenerContainer - auth_service: Consumer stopped
2024-12-15 14:19:11 INFO  o.a.kafka.common.utils.AppInfoParser - App info kafka.consumer for consumer-auth_service-4 unregistered
2024-12-15 14:19:11 INFO  o.s.k.l.KafkaMessageListenerContainer - auth_service: Consumer stopped
2024-12-15 14:19:11 INFO  o.a.kafka.common.utils.AppInfoParser - App info kafka.consumer for consumer-auth_service-1 unregistered
2024-12-15 14:19:11 INFO  o.s.k.l.KafkaMessageListenerContainer - auth_service: Consumer stopped
2024-12-15 14:19:13 INFO  o.s.o.j.LocalContainerEntityManagerFactoryBean - Closing JPA EntityManagerFactory for persistence unit 'default'
2024-12-15 14:19:13 INFO  com.zaxxer.hikari.HikariDataSource - HikariPool-1 - Shutdown initiated...
2024-12-15 14:19:15 INFO  com.zaxxer.hikari.HikariDataSource - HikariPool-1 - Shutdown completed.
2024-12-15 14:21:59 INFO  c.e.demo.HhRecruiterApplicationKt - Starting HhRecruiterApplicationKt using Java 17.0.13 with PID 89623 (/Users/macygabr/Projects/hhRecruiter/build/classes/kotlin/main started by macygabr in /Users/macygabr/Projects/hhRecruiter)
2024-12-15 14:21:59 DEBUG c.e.demo.HhRecruiterApplicationKt - Running with Spring Boot v3.3.4, Spring v6.1.13
2024-12-15 14:21:59 INFO  c.e.demo.HhRecruiterApplicationKt - No active profile set, falling back to 1 default profile: "default"
2024-12-15 14:22:00 INFO  o.s.d.r.c.RepositoryConfigurationDelegate - Bootstrapping Spring Data JPA repositories in DEFAULT mode.
2024-12-15 14:22:00 INFO  o.s.d.r.c.RepositoryConfigurationDelegate - Finished Spring Data repository scanning in 134 ms. Found 4 JPA repository interfaces.
2024-12-15 14:22:01 INFO  o.s.b.w.e.tomcat.TomcatWebServer - Tomcat initialized with port 8080 (http)
2024-12-15 14:22:01 INFO  o.a.coyote.http11.Http11NioProtocol - Initializing ProtocolHandler ["http-nio-8080"]
2024-12-15 14:22:01 INFO  o.a.catalina.core.StandardService - Starting service [Tomcat]
2024-12-15 14:22:01 INFO  o.a.catalina.core.StandardEngine - Starting Servlet engine: [Apache Tomcat/10.1.30]
2024-12-15 14:22:01 INFO  o.a.c.c.C.[Tomcat].[localhost].[/] - Initializing Spring embedded WebApplicationContext
2024-12-15 14:22:01 INFO  o.s.b.w.s.c.ServletWebServerApplicationContext - Root WebApplicationContext: initialization completed in 1699 ms
2024-12-15 14:22:01 INFO  o.h.jpa.internal.util.LogHelper - HHH000204: Processing PersistenceUnitInfo [name: default]
2024-12-15 14:22:01 INFO  org.hibernate.Version - HHH000412: Hibernate ORM core version 6.5.3.Final
2024-12-15 14:22:01 INFO  o.h.c.i.RegionFactoryInitiator - HHH000026: Second-level cache disabled
2024-12-15 14:22:02 INFO  o.s.o.j.p.SpringPersistenceUnitInfo - No LoadTimeWeaver setup: ignoring JPA class transformer
2024-12-15 14:22:02 INFO  com.zaxxer.hikari.HikariDataSource - HikariPool-1 - Starting...
2024-12-15 14:22:03 INFO  com.zaxxer.hikari.pool.HikariPool - HikariPool-1 - Added connection org.postgresql.jdbc.PgConnection@62ee1c89
2024-12-15 14:22:03 INFO  com.zaxxer.hikari.HikariDataSource - HikariPool-1 - Start completed.
2024-12-15 14:22:04 WARN  o.s.b.w.s.c.AnnotationConfigServletWebServerApplicationContext - Exception encountered during context initialization - cancelling refresh attempt: org.springframework.beans.factory.BeanCreationException: Error creating bean with name 'entityManagerFactory' defined in class path resource [org/springframework/boot/autoconfigure/orm/jpa/HibernateJpaConfiguration.class]: javax/xml/bind/annotation/XmlElement
2024-12-15 14:22:04 INFO  com.zaxxer.hikari.HikariDataSource - HikariPool-1 - Shutdown initiated...
2024-12-15 14:22:05 INFO  com.zaxxer.hikari.HikariDataSource - HikariPool-1 - Shutdown completed.
2024-12-15 14:22:05 INFO  o.a.catalina.core.StandardService - Stopping service [Tomcat]
2024-12-15 14:22:05 INFO  o.s.b.a.l.ConditionEvaluationReportLogger - 

Error starting ApplicationContext. To display the condition evaluation report re-run your application with 'debug' enabled.
2024-12-15 14:22:05 ERROR o.s.boot.SpringApplication - Application run failed
org.springframework.beans.factory.BeanCreationException: Error creating bean with name 'entityManagerFactory' defined in class path resource [org/springframework/boot/autoconfigure/orm/jpa/HibernateJpaConfiguration.class]: javax/xml/bind/annotation/XmlElement
	at org.springframework.beans.factory.support.AbstractAutowireCapableBeanFactory.initializeBean(AbstractAutowireCapableBeanFactory.java:1806)
	at org.springframework.beans.factory.support.AbstractAutowireCapableBeanFactory.doCreateBean(AbstractAutowireCapableBeanFactory.java:600)
	at org.springframework.beans.factory.support.AbstractAutowireCapableBeanFactory.createBean(AbstractAutowireCapableBeanFactory.java:522)
	at org.springframework.beans.factory.support.AbstractBeanFactory.lambda$doGetBean$0(AbstractBeanFactory.java:337)
	at org.springframework.beans.factory.support.DefaultSingletonBeanRegistry.getSingleton(DefaultSingletonBeanRegistry.java:234)
	at org.springframework.beans.factory.support.AbstractBeanFactory.doGetBean(AbstractBeanFactory.java:335)
	at org.springframework.beans.factory.support.AbstractBeanFactory.getBean(AbstractBeanFactory.java:205)
	at org.springframework.context.support.AbstractApplicationContext.finishBeanFactoryInitialization(AbstractApplicationContext.java:954)
	at org.springframework.context.support.AbstractApplicationContext.refresh(AbstractApplicationContext.java:625)
	at org.springframework.boot.web.servlet.context.ServletWebServerApplicationContext.refresh(ServletWebServerApplicationContext.java:146)
	at org.springframework.boot.SpringApplication.refresh(SpringApplication.java:754)
	at org.springframework.boot.SpringApplication.refreshContext(SpringApplication.java:456)
	at org.springframework.boot.SpringApplication.run(SpringApplication.java:335)
	at org.springframework.boot.SpringApplication.run(SpringApplication.java:1363)
	at org.springframework.boot.SpringApplication.run(SpringApplication.java:1352)
	at com.example.demo.HhRecruiterApplicationKt.main(HhRecruiterApplication.kt:13)
Caused by: java.lang.NoClassDefFoundError: javax/xml/bind/annotation/XmlElement
	at com.fasterxml.jackson.module.jaxb.JaxbAnnotationIntrospector.<init>(JaxbAnnotationIntrospector.java:137)
	at com.fasterxml.jackson.module.jaxb.JaxbAnnotationIntrospector.<init>(JaxbAnnotationIntrospector.java:124)
	at com.fasterxml.jackson.module.jaxb.JaxbAnnotationModule.setupModule(JaxbAnnotationModule.java:98)
	at com.fasterxml.jackson.databind.ObjectMapper.registerModule(ObjectMapper.java:908)
	at com.fasterxml.jackson.databind.ObjectMapper.registerModules(ObjectMapper.java:1110)
	at com.fasterxml.jackson.databind.ObjectMapper.findAndRegisterModules(ObjectMapper.java:1194)
	at org.hibernate.type.format.jackson.JacksonJsonFormatMapper.<init>(JacksonJsonFormatMapper.java:27)
	at org.hibernate.type.format.jackson.JacksonIntegration.<clinit>(JacksonIntegration.java:18)
	at org.hibernate.boot.internal.SessionFactoryOptionsBuilder.lambda$determineJsonFormatMapper$7(SessionFactoryOptionsBuilder.java:833)
	at org.hibernate.boot.registry.selector.internal.StrategySelectorImpl.resolveStrategy(StrategySelectorImpl.java:220)
	at org.hibernate.boot.registry.selector.internal.StrategySelectorImpl.resolveDefaultableStrategy(StrategySelectorImpl.java:180)
	at org.hibernate.boot.internal.SessionFactoryOptionsBuilder.determineJsonFormatMapper(SessionFactoryOptionsBuilder.java:829)
	at org.hibernate.boot.internal.SessionFactoryOptionsBuilder.<init>(SessionFactoryOptionsBuilder.java:313)
	at org.hibernate.boot.internal.SessionFactoryBuilderImpl.<init>(SessionFactoryBuilderImpl.java:50)
	at org.hibernate.boot.internal.DefaultSessionFactoryBuilderService.createSessionFactoryBuilder(DefaultSessionFactoryBuilderService.java:26)
	at org.hibernate.boot.internal.MetadataImpl.getSessionFactoryBuilder(MetadataImpl.java:169)
	at org.hibernate.jpa.boot.internal.EntityManagerFactoryBuilderImpl.build(EntityManagerFactoryBuilderImpl.java:1502)
	at org.springframework.orm.jpa.vendor.SpringHibernateJpaPersistenceProvider.createContainerEntityManagerFactory(SpringHibernateJpaPersistenceProvider.java:75)
	at org.springframework.orm.jpa.LocalContainerEntityManagerFactoryBean.createNativeEntityManagerFactory(LocalContainerEntityManagerFactoryBean.java:390)
	at org.springframework.orm.jpa.AbstractEntityManagerFactoryBean.buildNativeEntityManagerFactory(AbstractEntityManagerFactoryBean.java:409)
	at org.springframework.orm.jpa.AbstractEntityManagerFactoryBean.afterPropertiesSet(AbstractEntityManagerFactoryBean.java:396)
	at org.springframework.orm.jpa.LocalContainerEntityManagerFactoryBean.afterPropertiesSet(LocalContainerEntityManagerFactoryBean.java:366)
	at org.springframework.beans.factory.support.AbstractAutowireCapableBeanFactory.invokeInitMethods(AbstractAutowireCapableBeanFactory.java:1853)
	at org.springframework.beans.factory.support.AbstractAutowireCapableBeanFactory.initializeBean(AbstractAutowireCapableBeanFactory.java:1802)
	... 15 common frames omitted
Caused by: java.lang.ClassNotFoundException: javax.xml.bind.annotation.XmlElement
	at java.base/jdk.internal.loader.BuiltinClassLoader.loadClass(BuiltinClassLoader.java:641)
	at java.base/jdk.internal.loader.ClassLoaders$AppClassLoader.loadClass(ClassLoaders.java:188)
	at java.base/java.lang.ClassLoader.loadClass(ClassLoader.java:525)
	... 39 common frames omitted
2024-12-15 14:24:29 INFO  c.e.demo.HhRecruiterApplicationKt - Starting HhRecruiterApplicationKt using Java 17.0.13 with PID 91062 (/Users/macygabr/Projects/hhRecruiter/build/classes/kotlin/main started by macygabr in /Users/macygabr/Projects/hhRecruiter)
2024-12-15 14:24:29 DEBUG c.e.demo.HhRecruiterApplicationKt - Running with Spring Boot v3.3.4, Spring v6.1.13
2024-12-15 14:24:29 INFO  c.e.demo.HhRecruiterApplicationKt - No active profile set, falling back to 1 default profile: "default"
2024-12-15 14:24:29 INFO  o.s.d.r.c.RepositoryConfigurationDelegate - Bootstrapping Spring Data JPA repositories in DEFAULT mode.
2024-12-15 14:24:29 INFO  o.s.d.r.c.RepositoryConfigurationDelegate - Finished Spring Data repository scanning in 111 ms. Found 4 JPA repository interfaces.
2024-12-15 14:24:30 INFO  o.s.b.w.e.tomcat.TomcatWebServer - Tomcat initialized with port 8080 (http)
2024-12-15 14:24:30 INFO  o.a.coyote.http11.Http11NioProtocol - Initializing ProtocolHandler ["http-nio-8080"]
2024-12-15 14:24:30 INFO  o.a.catalina.core.StandardService - Starting service [Tomcat]
2024-12-15 14:24:30 INFO  o.a.catalina.core.StandardEngine - Starting Servlet engine: [Apache Tomcat/10.1.30]
2024-12-15 14:24:30 INFO  o.a.c.c.C.[Tomcat].[localhost].[/] - Initializing Spring embedded WebApplicationContext
2024-12-15 14:24:30 INFO  o.s.b.w.s.c.ServletWebServerApplicationContext - Root WebApplicationContext: initialization completed in 1176 ms
2024-12-15 14:24:30 INFO  o.h.jpa.internal.util.LogHelper - HHH000204: Processing PersistenceUnitInfo [name: default]
2024-12-15 14:24:30 INFO  org.hibernate.Version - HHH000412: Hibernate ORM core version 6.5.3.Final
2024-12-15 14:24:30 INFO  o.h.c.i.RegionFactoryInitiator - HHH000026: Second-level cache disabled
2024-12-15 14:24:30 INFO  o.s.o.j.p.SpringPersistenceUnitInfo - No LoadTimeWeaver setup: ignoring JPA class transformer
2024-12-15 14:24:30 INFO  com.zaxxer.hikari.HikariDataSource - HikariPool-1 - Starting...
2024-12-15 14:24:32 INFO  com.zaxxer.hikari.pool.HikariPool - HikariPool-1 - Added connection org.postgresql.jdbc.PgConnection@62410e1f
2024-12-15 14:24:32 INFO  com.zaxxer.hikari.HikariDataSource - HikariPool-1 - Start completed.
2024-12-15 14:24:33 INFO  o.h.e.t.j.p.i.JtaPlatformInitiator - HHH000489: No JTA platform available (set 'hibernate.transaction.jta.platform' to enable JTA platform integration)
2024-12-15 14:24:37 INFO  o.s.o.j.LocalContainerEntityManagerFactoryBean - Initialized JPA EntityManagerFactory for persistence unit 'default'
2024-12-15 14:24:37 WARN  o.s.b.a.o.j.JpaBaseConfiguration$JpaWebConfiguration - spring.jpa.open-in-view is enabled by default. Therefore, database queries may be performed during view rendering. Explicitly configure spring.jpa.open-in-view to disable this warning
2024-12-15 14:24:37 INFO  o.a.coyote.http11.Http11NioProtocol - Starting ProtocolHandler ["http-nio-8080"]
2024-12-15 14:24:37 INFO  o.s.b.w.e.tomcat.TomcatWebServer - Tomcat started on port 8080 (http) with context path '/'
2024-12-15 14:24:37 INFO  o.a.k.c.consumer.ConsumerConfig - ConsumerConfig values: 
	allow.auto.create.topics = true
	auto.commit.interval.ms = 5000
	auto.include.jmx.reporter = true
	auto.offset.reset = latest
	bootstrap.servers = [37.194.168.90:9092]
	check.crcs = true
	client.dns.lookup = use_all_dns_ips
	client.id = consumer-auth_service-1
	client.rack = 
	connections.max.idle.ms = 540000
	default.api.timeout.ms = 60000
	enable.auto.commit = false
	enable.metrics.push = true
	exclude.internal.topics = true
	fetch.max.bytes = 52428800
	fetch.max.wait.ms = 500
	fetch.min.bytes = 1
	group.id = auth_service
	group.instance.id = null
	group.protocol = classic
	group.remote.assignor = null
	heartbeat.interval.ms = 3000
	interceptor.classes = []
	internal.leave.group.on.close = true
	internal.throw.on.fetch.stable.offset.unsupported = false
	isolation.level = read_uncommitted
	key.deserializer = class org.apache.kafka.common.serialization.StringDeserializer
	max.partition.fetch.bytes = 1048576
	max.poll.interval.ms = 300000
	max.poll.records = 500
	metadata.max.age.ms = 300000
	metric.reporters = []
	metrics.num.samples = 2
	metrics.recording.level = INFO
	metrics.sample.window.ms = 30000
	partition.assignment.strategy = [class org.apache.kafka.clients.consumer.RangeAssignor, class org.apache.kafka.clients.consumer.CooperativeStickyAssignor]
	receive.buffer.bytes = 65536
	reconnect.backoff.max.ms = 1000
	reconnect.backoff.ms = 50
	request.timeout.ms = 30000
	retry.backoff.max.ms = 1000
	retry.backoff.ms = 100
	sasl.client.callback.handler.class = null
	sasl.jaas.config = null
	sasl.kerberos.kinit.cmd = /usr/bin/kinit
	sasl.kerberos.min.time.before.relogin = 60000
	sasl.kerberos.service.name = null
	sasl.kerberos.ticket.renew.jitter = 0.05
	sasl.kerberos.ticket.renew.window.factor = 0.8
	sasl.login.callback.handler.class = null
	sasl.login.class = null
	sasl.login.connect.timeout.ms = null
	sasl.login.read.timeout.ms = null
	sasl.login.refresh.buffer.seconds = 300
	sasl.login.refresh.min.period.seconds = 60
	sasl.login.refresh.window.factor = 0.8
	sasl.login.refresh.window.jitter = 0.05
	sasl.login.retry.backoff.max.ms = 10000
	sasl.login.retry.backoff.ms = 100
	sasl.mechanism = GSSAPI
	sasl.oauthbearer.clock.skew.seconds = 30
	sasl.oauthbearer.expected.audience = null
	sasl.oauthbearer.expected.issuer = null
	sasl.oauthbearer.jwks.endpoint.refresh.ms = 3600000
	sasl.oauthbearer.jwks.endpoint.retry.backoff.max.ms = 10000
	sasl.oauthbearer.jwks.endpoint.retry.backoff.ms = 100
	sasl.oauthbearer.jwks.endpoint.url = null
	sasl.oauthbearer.scope.claim.name = scope
	sasl.oauthbearer.sub.claim.name = sub
	sasl.oauthbearer.token.endpoint.url = null
	security.protocol = PLAINTEXT
	security.providers = null
	send.buffer.bytes = 131072
	session.timeout.ms = 45000
	socket.connection.setup.timeout.max.ms = 30000
	socket.connection.setup.timeout.ms = 10000
	ssl.cipher.suites = null
	ssl.enabled.protocols = [TLSv1.2, TLSv1.3]
	ssl.endpoint.identification.algorithm = https
	ssl.engine.factory.class = null
	ssl.key.password = null
	ssl.keymanager.algorithm = SunX509
	ssl.keystore.certificate.chain = null
	ssl.keystore.key = null
	ssl.keystore.location = null
	ssl.keystore.password = null
	ssl.keystore.type = JKS
	ssl.protocol = TLSv1.3
	ssl.provider = null
	ssl.secure.random.implementation = null
	ssl.trustmanager.algorithm = PKIX
	ssl.truststore.certificates = null
	ssl.truststore.location = null
	ssl.truststore.password = null
	ssl.truststore.type = JKS
	value.deserializer = class org.apache.kafka.common.serialization.StringDeserializer

2024-12-15 14:24:37 INFO  o.a.k.c.t.i.KafkaMetricsCollector - initializing Kafka metrics collector
2024-12-15 14:24:37 INFO  o.a.kafka.common.utils.AppInfoParser - Kafka version: 3.7.1
2024-12-15 14:24:37 INFO  o.a.kafka.common.utils.AppInfoParser - Kafka commitId: e2494e6ffb89f828
2024-12-15 14:24:37 INFO  o.a.kafka.common.utils.AppInfoParser - Kafka startTimeMs: 1734247477997
2024-12-15 14:24:38 INFO  o.a.k.c.c.i.LegacyKafkaConsumer - [Consumer clientId=consumer-auth_service-1, groupId=auth_service] Subscribed to topic(s): ping
2024-12-15 14:24:38 INFO  o.a.k.c.consumer.ConsumerConfig - ConsumerConfig values: 
	allow.auto.create.topics = true
	auto.commit.interval.ms = 5000
	auto.include.jmx.reporter = true
	auto.offset.reset = latest
	bootstrap.servers = [37.194.168.90:9092]
	check.crcs = true
	client.dns.lookup = use_all_dns_ips
	client.id = consumer-auth_service-2
	client.rack = 
	connections.max.idle.ms = 540000
	default.api.timeout.ms = 60000
	enable.auto.commit = false
	enable.metrics.push = true
	exclude.internal.topics = true
	fetch.max.bytes = 52428800
	fetch.max.wait.ms = 500
	fetch.min.bytes = 1
	group.id = auth_service
	group.instance.id = null
	group.protocol = classic
	group.remote.assignor = null
	heartbeat.interval.ms = 3000
	interceptor.classes = []
	internal.leave.group.on.close = true
	internal.throw.on.fetch.stable.offset.unsupported = false
	isolation.level = read_uncommitted
	key.deserializer = class org.apache.kafka.common.serialization.StringDeserializer
	max.partition.fetch.bytes = 1048576
	max.poll.interval.ms = 300000
	max.poll.records = 500
	metadata.max.age.ms = 300000
	metric.reporters = []
	metrics.num.samples = 2
	metrics.recording.level = INFO
	metrics.sample.window.ms = 30000
	partition.assignment.strategy = [class org.apache.kafka.clients.consumer.RangeAssignor, class org.apache.kafka.clients.consumer.CooperativeStickyAssignor]
	receive.buffer.bytes = 65536
	reconnect.backoff.max.ms = 1000
	reconnect.backoff.ms = 50
	request.timeout.ms = 30000
	retry.backoff.max.ms = 1000
	retry.backoff.ms = 100
	sasl.client.callback.handler.class = null
	sasl.jaas.config = null
	sasl.kerberos.kinit.cmd = /usr/bin/kinit
	sasl.kerberos.min.time.before.relogin = 60000
	sasl.kerberos.service.name = null
	sasl.kerberos.ticket.renew.jitter = 0.05
	sasl.kerberos.ticket.renew.window.factor = 0.8
	sasl.login.callback.handler.class = null
	sasl.login.class = null
	sasl.login.connect.timeout.ms = null
	sasl.login.read.timeout.ms = null
	sasl.login.refresh.buffer.seconds = 300
	sasl.login.refresh.min.period.seconds = 60
	sasl.login.refresh.window.factor = 0.8
	sasl.login.refresh.window.jitter = 0.05
	sasl.login.retry.backoff.max.ms = 10000
	sasl.login.retry.backoff.ms = 100
	sasl.mechanism = GSSAPI
	sasl.oauthbearer.clock.skew.seconds = 30
	sasl.oauthbearer.expected.audience = null
	sasl.oauthbearer.expected.issuer = null
	sasl.oauthbearer.jwks.endpoint.refresh.ms = 3600000
	sasl.oauthbearer.jwks.endpoint.retry.backoff.max.ms = 10000
	sasl.oauthbearer.jwks.endpoint.retry.backoff.ms = 100
	sasl.oauthbearer.jwks.endpoint.url = null
	sasl.oauthbearer.scope.claim.name = scope
	sasl.oauthbearer.sub.claim.name = sub
	sasl.oauthbearer.token.endpoint.url = null
	security.protocol = PLAINTEXT
	security.providers = null
	send.buffer.bytes = 131072
	session.timeout.ms = 45000
	socket.connection.setup.timeout.max.ms = 30000
	socket.connection.setup.timeout.ms = 10000
	ssl.cipher.suites = null
	ssl.enabled.protocols = [TLSv1.2, TLSv1.3]
	ssl.endpoint.identification.algorithm = https
	ssl.engine.factory.class = null
	ssl.key.password = null
	ssl.keymanager.algorithm = SunX509
	ssl.keystore.certificate.chain = null
	ssl.keystore.key = null
	ssl.keystore.location = null
	ssl.keystore.password = null
	ssl.keystore.type = JKS
	ssl.protocol = TLSv1.3
	ssl.provider = null
	ssl.secure.random.implementation = null
	ssl.trustmanager.algorithm = PKIX
	ssl.truststore.certificates = null
	ssl.truststore.location = null
	ssl.truststore.password = null
	ssl.truststore.type = JKS
	value.deserializer = class org.apache.kafka.common.serialization.StringDeserializer

2024-12-15 14:24:38 INFO  o.a.k.c.t.i.KafkaMetricsCollector - initializing Kafka metrics collector
2024-12-15 14:24:38 INFO  o.a.kafka.common.utils.AppInfoParser - Kafka version: 3.7.1
2024-12-15 14:24:38 INFO  o.a.kafka.common.utils.AppInfoParser - Kafka commitId: e2494e6ffb89f828
2024-12-15 14:24:38 INFO  o.a.kafka.common.utils.AppInfoParser - Kafka startTimeMs: 1734247478010
2024-12-15 14:24:38 INFO  o.a.k.c.c.i.LegacyKafkaConsumer - [Consumer clientId=consumer-auth_service-2, groupId=auth_service] Subscribed to topic(s): profile
2024-12-15 14:24:38 INFO  o.a.k.c.consumer.ConsumerConfig - ConsumerConfig values: 
	allow.auto.create.topics = true
	auto.commit.interval.ms = 5000
	auto.include.jmx.reporter = true
	auto.offset.reset = latest
	bootstrap.servers = [37.194.168.90:9092]
	check.crcs = true
	client.dns.lookup = use_all_dns_ips
	client.id = consumer-auth_service-3
	client.rack = 
	connections.max.idle.ms = 540000
	default.api.timeout.ms = 60000
	enable.auto.commit = false
	enable.metrics.push = true
	exclude.internal.topics = true
	fetch.max.bytes = 52428800
	fetch.max.wait.ms = 500
	fetch.min.bytes = 1
	group.id = auth_service
	group.instance.id = null
	group.protocol = classic
	group.remote.assignor = null
	heartbeat.interval.ms = 3000
	interceptor.classes = []
	internal.leave.group.on.close = true
	internal.throw.on.fetch.stable.offset.unsupported = false
	isolation.level = read_uncommitted
	key.deserializer = class org.apache.kafka.common.serialization.StringDeserializer
	max.partition.fetch.bytes = 1048576
	max.poll.interval.ms = 300000
	max.poll.records = 500
	metadata.max.age.ms = 300000
	metric.reporters = []
	metrics.num.samples = 2
	metrics.recording.level = INFO
	metrics.sample.window.ms = 30000
	partition.assignment.strategy = [class org.apache.kafka.clients.consumer.RangeAssignor, class org.apache.kafka.clients.consumer.CooperativeStickyAssignor]
	receive.buffer.bytes = 65536
	reconnect.backoff.max.ms = 1000
	reconnect.backoff.ms = 50
	request.timeout.ms = 30000
	retry.backoff.max.ms = 1000
	retry.backoff.ms = 100
	sasl.client.callback.handler.class = null
	sasl.jaas.config = null
	sasl.kerberos.kinit.cmd = /usr/bin/kinit
	sasl.kerberos.min.time.before.relogin = 60000
	sasl.kerberos.service.name = null
	sasl.kerberos.ticket.renew.jitter = 0.05
	sasl.kerberos.ticket.renew.window.factor = 0.8
	sasl.login.callback.handler.class = null
	sasl.login.class = null
	sasl.login.connect.timeout.ms = null
	sasl.login.read.timeout.ms = null
	sasl.login.refresh.buffer.seconds = 300
	sasl.login.refresh.min.period.seconds = 60
	sasl.login.refresh.window.factor = 0.8
	sasl.login.refresh.window.jitter = 0.05
	sasl.login.retry.backoff.max.ms = 10000
	sasl.login.retry.backoff.ms = 100
	sasl.mechanism = GSSAPI
	sasl.oauthbearer.clock.skew.seconds = 30
	sasl.oauthbearer.expected.audience = null
	sasl.oauthbearer.expected.issuer = null
	sasl.oauthbearer.jwks.endpoint.refresh.ms = 3600000
	sasl.oauthbearer.jwks.endpoint.retry.backoff.max.ms = 10000
	sasl.oauthbearer.jwks.endpoint.retry.backoff.ms = 100
	sasl.oauthbearer.jwks.endpoint.url = null
	sasl.oauthbearer.scope.claim.name = scope
	sasl.oauthbearer.sub.claim.name = sub
	sasl.oauthbearer.token.endpoint.url = null
	security.protocol = PLAINTEXT
	security.providers = null
	send.buffer.bytes = 131072
	session.timeout.ms = 45000
	socket.connection.setup.timeout.max.ms = 30000
	socket.connection.setup.timeout.ms = 10000
	ssl.cipher.suites = null
	ssl.enabled.protocols = [TLSv1.2, TLSv1.3]
	ssl.endpoint.identification.algorithm = https
	ssl.engine.factory.class = null
	ssl.key.password = null
	ssl.keymanager.algorithm = SunX509
	ssl.keystore.certificate.chain = null
	ssl.keystore.key = null
	ssl.keystore.location = null
	ssl.keystore.password = null
	ssl.keystore.type = JKS
	ssl.protocol = TLSv1.3
	ssl.provider = null
	ssl.secure.random.implementation = null
	ssl.trustmanager.algorithm = PKIX
	ssl.truststore.certificates = null
	ssl.truststore.location = null
	ssl.truststore.password = null
	ssl.truststore.type = JKS
	value.deserializer = class org.apache.kafka.common.serialization.StringDeserializer

2024-12-15 14:24:38 INFO  o.a.k.c.t.i.KafkaMetricsCollector - initializing Kafka metrics collector
2024-12-15 14:24:38 INFO  o.a.kafka.common.utils.AppInfoParser - Kafka version: 3.7.1
2024-12-15 14:24:38 INFO  o.a.kafka.common.utils.AppInfoParser - Kafka commitId: e2494e6ffb89f828
2024-12-15 14:24:38 INFO  o.a.kafka.common.utils.AppInfoParser - Kafka startTimeMs: 1734247478017
2024-12-15 14:24:38 INFO  o.a.k.c.c.i.LegacyKafkaConsumer - [Consumer clientId=consumer-auth_service-3, groupId=auth_service] Subscribed to topic(s): stop
2024-12-15 14:24:38 INFO  o.a.k.c.consumer.ConsumerConfig - ConsumerConfig values: 
	allow.auto.create.topics = true
	auto.commit.interval.ms = 5000
	auto.include.jmx.reporter = true
	auto.offset.reset = latest
	bootstrap.servers = [37.194.168.90:9092]
	check.crcs = true
	client.dns.lookup = use_all_dns_ips
	client.id = consumer-auth_service-4
	client.rack = 
	connections.max.idle.ms = 540000
	default.api.timeout.ms = 60000
	enable.auto.commit = false
	enable.metrics.push = true
	exclude.internal.topics = true
	fetch.max.bytes = 52428800
	fetch.max.wait.ms = 500
	fetch.min.bytes = 1
	group.id = auth_service
	group.instance.id = null
	group.protocol = classic
	group.remote.assignor = null
	heartbeat.interval.ms = 3000
	interceptor.classes = []
	internal.leave.group.on.close = true
	internal.throw.on.fetch.stable.offset.unsupported = false
	isolation.level = read_uncommitted
	key.deserializer = class org.apache.kafka.common.serialization.StringDeserializer
	max.partition.fetch.bytes = 1048576
	max.poll.interval.ms = 300000
	max.poll.records = 500
	metadata.max.age.ms = 300000
	metric.reporters = []
	metrics.num.samples = 2
	metrics.recording.level = INFO
	metrics.sample.window.ms = 30000
	partition.assignment.strategy = [class org.apache.kafka.clients.consumer.RangeAssignor, class org.apache.kafka.clients.consumer.CooperativeStickyAssignor]
	receive.buffer.bytes = 65536
	reconnect.backoff.max.ms = 1000
	reconnect.backoff.ms = 50
	request.timeout.ms = 30000
	retry.backoff.max.ms = 1000
	retry.backoff.ms = 100
	sasl.client.callback.handler.class = null
	sasl.jaas.config = null
	sasl.kerberos.kinit.cmd = /usr/bin/kinit
	sasl.kerberos.min.time.before.relogin = 60000
	sasl.kerberos.service.name = null
	sasl.kerberos.ticket.renew.jitter = 0.05
	sasl.kerberos.ticket.renew.window.factor = 0.8
	sasl.login.callback.handler.class = null
	sasl.login.class = null
	sasl.login.connect.timeout.ms = null
	sasl.login.read.timeout.ms = null
	sasl.login.refresh.buffer.seconds = 300
	sasl.login.refresh.min.period.seconds = 60
	sasl.login.refresh.window.factor = 0.8
	sasl.login.refresh.window.jitter = 0.05
	sasl.login.retry.backoff.max.ms = 10000
	sasl.login.retry.backoff.ms = 100
	sasl.mechanism = GSSAPI
	sasl.oauthbearer.clock.skew.seconds = 30
	sasl.oauthbearer.expected.audience = null
	sasl.oauthbearer.expected.issuer = null
	sasl.oauthbearer.jwks.endpoint.refresh.ms = 3600000
	sasl.oauthbearer.jwks.endpoint.retry.backoff.max.ms = 10000
	sasl.oauthbearer.jwks.endpoint.retry.backoff.ms = 100
	sasl.oauthbearer.jwks.endpoint.url = null
	sasl.oauthbearer.scope.claim.name = scope
	sasl.oauthbearer.sub.claim.name = sub
	sasl.oauthbearer.token.endpoint.url = null
	security.protocol = PLAINTEXT
	security.providers = null
	send.buffer.bytes = 131072
	session.timeout.ms = 45000
	socket.connection.setup.timeout.max.ms = 30000
	socket.connection.setup.timeout.ms = 10000
	ssl.cipher.suites = null
	ssl.enabled.protocols = [TLSv1.2, TLSv1.3]
	ssl.endpoint.identification.algorithm = https
	ssl.engine.factory.class = null
	ssl.key.password = null
	ssl.keymanager.algorithm = SunX509
	ssl.keystore.certificate.chain = null
	ssl.keystore.key = null
	ssl.keystore.location = null
	ssl.keystore.password = null
	ssl.keystore.type = JKS
	ssl.protocol = TLSv1.3
	ssl.provider = null
	ssl.secure.random.implementation = null
	ssl.trustmanager.algorithm = PKIX
	ssl.truststore.certificates = null
	ssl.truststore.location = null
	ssl.truststore.password = null
	ssl.truststore.type = JKS
	value.deserializer = class org.apache.kafka.common.serialization.StringDeserializer

2024-12-15 14:24:38 INFO  o.a.k.c.t.i.KafkaMetricsCollector - initializing Kafka metrics collector
2024-12-15 14:24:38 INFO  o.a.kafka.common.utils.AppInfoParser - Kafka version: 3.7.1
2024-12-15 14:24:38 INFO  o.a.kafka.common.utils.AppInfoParser - Kafka commitId: e2494e6ffb89f828
2024-12-15 14:24:38 INFO  o.a.kafka.common.utils.AppInfoParser - Kafka startTimeMs: 1734247478022
2024-12-15 14:24:38 INFO  o.a.k.c.c.i.LegacyKafkaConsumer - [Consumer clientId=consumer-auth_service-4, groupId=auth_service] Subscribed to topic(s): status
2024-12-15 14:24:38 INFO  o.a.k.c.consumer.ConsumerConfig - ConsumerConfig values: 
	allow.auto.create.topics = true
	auto.commit.interval.ms = 5000
	auto.include.jmx.reporter = true
	auto.offset.reset = latest
	bootstrap.servers = [37.194.168.90:9092]
	check.crcs = true
	client.dns.lookup = use_all_dns_ips
	client.id = consumer-auth_service-5
	client.rack = 
	connections.max.idle.ms = 540000
	default.api.timeout.ms = 60000
	enable.auto.commit = false
	enable.metrics.push = true
	exclude.internal.topics = true
	fetch.max.bytes = 52428800
	fetch.max.wait.ms = 500
	fetch.min.bytes = 1
	group.id = auth_service
	group.instance.id = null
	group.protocol = classic
	group.remote.assignor = null
	heartbeat.interval.ms = 3000
	interceptor.classes = []
	internal.leave.group.on.close = true
	internal.throw.on.fetch.stable.offset.unsupported = false
	isolation.level = read_uncommitted
	key.deserializer = class org.apache.kafka.common.serialization.StringDeserializer
	max.partition.fetch.bytes = 1048576
	max.poll.interval.ms = 300000
	max.poll.records = 500
	metadata.max.age.ms = 300000
	metric.reporters = []
	metrics.num.samples = 2
	metrics.recording.level = INFO
	metrics.sample.window.ms = 30000
	partition.assignment.strategy = [class org.apache.kafka.clients.consumer.RangeAssignor, class org.apache.kafka.clients.consumer.CooperativeStickyAssignor]
	receive.buffer.bytes = 65536
	reconnect.backoff.max.ms = 1000
	reconnect.backoff.ms = 50
	request.timeout.ms = 30000
	retry.backoff.max.ms = 1000
	retry.backoff.ms = 100
	sasl.client.callback.handler.class = null
	sasl.jaas.config = null
	sasl.kerberos.kinit.cmd = /usr/bin/kinit
	sasl.kerberos.min.time.before.relogin = 60000
	sasl.kerberos.service.name = null
	sasl.kerberos.ticket.renew.jitter = 0.05
	sasl.kerberos.ticket.renew.window.factor = 0.8
	sasl.login.callback.handler.class = null
	sasl.login.class = null
	sasl.login.connect.timeout.ms = null
	sasl.login.read.timeout.ms = null
	sasl.login.refresh.buffer.seconds = 300
	sasl.login.refresh.min.period.seconds = 60
	sasl.login.refresh.window.factor = 0.8
	sasl.login.refresh.window.jitter = 0.05
	sasl.login.retry.backoff.max.ms = 10000
	sasl.login.retry.backoff.ms = 100
	sasl.mechanism = GSSAPI
	sasl.oauthbearer.clock.skew.seconds = 30
	sasl.oauthbearer.expected.audience = null
	sasl.oauthbearer.expected.issuer = null
	sasl.oauthbearer.jwks.endpoint.refresh.ms = 3600000
	sasl.oauthbearer.jwks.endpoint.retry.backoff.max.ms = 10000
	sasl.oauthbearer.jwks.endpoint.retry.backoff.ms = 100
	sasl.oauthbearer.jwks.endpoint.url = null
	sasl.oauthbearer.scope.claim.name = scope
	sasl.oauthbearer.sub.claim.name = sub
	sasl.oauthbearer.token.endpoint.url = null
	security.protocol = PLAINTEXT
	security.providers = null
	send.buffer.bytes = 131072
	session.timeout.ms = 45000
	socket.connection.setup.timeout.max.ms = 30000
	socket.connection.setup.timeout.ms = 10000
	ssl.cipher.suites = null
	ssl.enabled.protocols = [TLSv1.2, TLSv1.3]
	ssl.endpoint.identification.algorithm = https
	ssl.engine.factory.class = null
	ssl.key.password = null
	ssl.keymanager.algorithm = SunX509
	ssl.keystore.certificate.chain = null
	ssl.keystore.key = null
	ssl.keystore.location = null
	ssl.keystore.password = null
	ssl.keystore.type = JKS
	ssl.protocol = TLSv1.3
	ssl.provider = null
	ssl.secure.random.implementation = null
	ssl.trustmanager.algorithm = PKIX
	ssl.truststore.certificates = null
	ssl.truststore.location = null
	ssl.truststore.password = null
	ssl.truststore.type = JKS
	value.deserializer = class org.apache.kafka.common.serialization.StringDeserializer

2024-12-15 14:24:38 INFO  o.a.k.c.t.i.KafkaMetricsCollector - initializing Kafka metrics collector
2024-12-15 14:24:38 INFO  o.a.kafka.common.utils.AppInfoParser - Kafka version: 3.7.1
2024-12-15 14:24:38 INFO  o.a.kafka.common.utils.AppInfoParser - Kafka commitId: e2494e6ffb89f828
2024-12-15 14:24:38 INFO  o.a.kafka.common.utils.AppInfoParser - Kafka startTimeMs: 1734247478027
2024-12-15 14:24:38 INFO  o.a.k.c.c.i.LegacyKafkaConsumer - [Consumer clientId=consumer-auth_service-5, groupId=auth_service] Subscribed to topic(s): registry
2024-12-15 14:24:38 INFO  o.a.k.c.consumer.ConsumerConfig - ConsumerConfig values: 
	allow.auto.create.topics = true
	auto.commit.interval.ms = 5000
	auto.include.jmx.reporter = true
	auto.offset.reset = latest
	bootstrap.servers = [37.194.168.90:9092]
	check.crcs = true
	client.dns.lookup = use_all_dns_ips
	client.id = consumer-auth_service-6
	client.rack = 
	connections.max.idle.ms = 540000
	default.api.timeout.ms = 60000
	enable.auto.commit = false
	enable.metrics.push = true
	exclude.internal.topics = true
	fetch.max.bytes = 52428800
	fetch.max.wait.ms = 500
	fetch.min.bytes = 1
	group.id = auth_service
	group.instance.id = null
	group.protocol = classic
	group.remote.assignor = null
	heartbeat.interval.ms = 3000
	interceptor.classes = []
	internal.leave.group.on.close = true
	internal.throw.on.fetch.stable.offset.unsupported = false
	isolation.level = read_uncommitted
	key.deserializer = class org.apache.kafka.common.serialization.StringDeserializer
	max.partition.fetch.bytes = 1048576
	max.poll.interval.ms = 300000
	max.poll.records = 500
	metadata.max.age.ms = 300000
	metric.reporters = []
	metrics.num.samples = 2
	metrics.recording.level = INFO
	metrics.sample.window.ms = 30000
	partition.assignment.strategy = [class org.apache.kafka.clients.consumer.RangeAssignor, class org.apache.kafka.clients.consumer.CooperativeStickyAssignor]
	receive.buffer.bytes = 65536
	reconnect.backoff.max.ms = 1000
	reconnect.backoff.ms = 50
	request.timeout.ms = 30000
	retry.backoff.max.ms = 1000
	retry.backoff.ms = 100
	sasl.client.callback.handler.class = null
	sasl.jaas.config = null
	sasl.kerberos.kinit.cmd = /usr/bin/kinit
	sasl.kerberos.min.time.before.relogin = 60000
	sasl.kerberos.service.name = null
	sasl.kerberos.ticket.renew.jitter = 0.05
	sasl.kerberos.ticket.renew.window.factor = 0.8
	sasl.login.callback.handler.class = null
	sasl.login.class = null
	sasl.login.connect.timeout.ms = null
	sasl.login.read.timeout.ms = null
	sasl.login.refresh.buffer.seconds = 300
	sasl.login.refresh.min.period.seconds = 60
	sasl.login.refresh.window.factor = 0.8
	sasl.login.refresh.window.jitter = 0.05
	sasl.login.retry.backoff.max.ms = 10000
	sasl.login.retry.backoff.ms = 100
	sasl.mechanism = GSSAPI
	sasl.oauthbearer.clock.skew.seconds = 30
	sasl.oauthbearer.expected.audience = null
	sasl.oauthbearer.expected.issuer = null
	sasl.oauthbearer.jwks.endpoint.refresh.ms = 3600000
	sasl.oauthbearer.jwks.endpoint.retry.backoff.max.ms = 10000
	sasl.oauthbearer.jwks.endpoint.retry.backoff.ms = 100
	sasl.oauthbearer.jwks.endpoint.url = null
	sasl.oauthbearer.scope.claim.name = scope
	sasl.oauthbearer.sub.claim.name = sub
	sasl.oauthbearer.token.endpoint.url = null
	security.protocol = PLAINTEXT
	security.providers = null
	send.buffer.bytes = 131072
	session.timeout.ms = 45000
	socket.connection.setup.timeout.max.ms = 30000
	socket.connection.setup.timeout.ms = 10000
	ssl.cipher.suites = null
	ssl.enabled.protocols = [TLSv1.2, TLSv1.3]
	ssl.endpoint.identification.algorithm = https
	ssl.engine.factory.class = null
	ssl.key.password = null
	ssl.keymanager.algorithm = SunX509
	ssl.keystore.certificate.chain = null
	ssl.keystore.key = null
	ssl.keystore.location = null
	ssl.keystore.password = null
	ssl.keystore.type = JKS
	ssl.protocol = TLSv1.3
	ssl.provider = null
	ssl.secure.random.implementation = null
	ssl.trustmanager.algorithm = PKIX
	ssl.truststore.certificates = null
	ssl.truststore.location = null
	ssl.truststore.password = null
	ssl.truststore.type = JKS
	value.deserializer = class org.apache.kafka.common.serialization.StringDeserializer

2024-12-15 14:24:38 INFO  o.a.k.c.t.i.KafkaMetricsCollector - initializing Kafka metrics collector
2024-12-15 14:24:38 INFO  o.a.kafka.common.utils.AppInfoParser - Kafka version: 3.7.1
2024-12-15 14:24:38 INFO  o.a.kafka.common.utils.AppInfoParser - Kafka commitId: e2494e6ffb89f828
2024-12-15 14:24:38 INFO  o.a.kafka.common.utils.AppInfoParser - Kafka startTimeMs: 1734247478030
2024-12-15 14:24:38 INFO  o.a.k.c.c.i.LegacyKafkaConsumer - [Consumer clientId=consumer-auth_service-6, groupId=auth_service] Subscribed to topic(s): getLink
2024-12-15 14:24:38 INFO  o.a.k.c.consumer.ConsumerConfig - ConsumerConfig values: 
	allow.auto.create.topics = true
	auto.commit.interval.ms = 5000
	auto.include.jmx.reporter = true
	auto.offset.reset = latest
	bootstrap.servers = [37.194.168.90:9092]
	check.crcs = true
	client.dns.lookup = use_all_dns_ips
	client.id = consumer-auth_service-7
	client.rack = 
	connections.max.idle.ms = 540000
	default.api.timeout.ms = 60000
	enable.auto.commit = false
	enable.metrics.push = true
	exclude.internal.topics = true
	fetch.max.bytes = 52428800
	fetch.max.wait.ms = 500
	fetch.min.bytes = 1
	group.id = auth_service
	group.instance.id = null
	group.protocol = classic
	group.remote.assignor = null
	heartbeat.interval.ms = 3000
	interceptor.classes = []
	internal.leave.group.on.close = true
	internal.throw.on.fetch.stable.offset.unsupported = false
	isolation.level = read_uncommitted
	key.deserializer = class org.apache.kafka.common.serialization.StringDeserializer
	max.partition.fetch.bytes = 1048576
	max.poll.interval.ms = 300000
	max.poll.records = 500
	metadata.max.age.ms = 300000
	metric.reporters = []
	metrics.num.samples = 2
	metrics.recording.level = INFO
	metrics.sample.window.ms = 30000
	partition.assignment.strategy = [class org.apache.kafka.clients.consumer.RangeAssignor, class org.apache.kafka.clients.consumer.CooperativeStickyAssignor]
	receive.buffer.bytes = 65536
	reconnect.backoff.max.ms = 1000
	reconnect.backoff.ms = 50
	request.timeout.ms = 30000
	retry.backoff.max.ms = 1000
	retry.backoff.ms = 100
	sasl.client.callback.handler.class = null
	sasl.jaas.config = null
	sasl.kerberos.kinit.cmd = /usr/bin/kinit
	sasl.kerberos.min.time.before.relogin = 60000
	sasl.kerberos.service.name = null
	sasl.kerberos.ticket.renew.jitter = 0.05
	sasl.kerberos.ticket.renew.window.factor = 0.8
	sasl.login.callback.handler.class = null
	sasl.login.class = null
	sasl.login.connect.timeout.ms = null
	sasl.login.read.timeout.ms = null
	sasl.login.refresh.buffer.seconds = 300
	sasl.login.refresh.min.period.seconds = 60
	sasl.login.refresh.window.factor = 0.8
	sasl.login.refresh.window.jitter = 0.05
	sasl.login.retry.backoff.max.ms = 10000
	sasl.login.retry.backoff.ms = 100
	sasl.mechanism = GSSAPI
	sasl.oauthbearer.clock.skew.seconds = 30
	sasl.oauthbearer.expected.audience = null
	sasl.oauthbearer.expected.issuer = null
	sasl.oauthbearer.jwks.endpoint.refresh.ms = 3600000
	sasl.oauthbearer.jwks.endpoint.retry.backoff.max.ms = 10000
	sasl.oauthbearer.jwks.endpoint.retry.backoff.ms = 100
	sasl.oauthbearer.jwks.endpoint.url = null
	sasl.oauthbearer.scope.claim.name = scope
	sasl.oauthbearer.sub.claim.name = sub
	sasl.oauthbearer.token.endpoint.url = null
	security.protocol = PLAINTEXT
	security.providers = null
	send.buffer.bytes = 131072
	session.timeout.ms = 45000
	socket.connection.setup.timeout.max.ms = 30000
	socket.connection.setup.timeout.ms = 10000
	ssl.cipher.suites = null
	ssl.enabled.protocols = [TLSv1.2, TLSv1.3]
	ssl.endpoint.identification.algorithm = https
	ssl.engine.factory.class = null
	ssl.key.password = null
	ssl.keymanager.algorithm = SunX509
	ssl.keystore.certificate.chain = null
	ssl.keystore.key = null
	ssl.keystore.location = null
	ssl.keystore.password = null
	ssl.keystore.type = JKS
	ssl.protocol = TLSv1.3
	ssl.provider = null
	ssl.secure.random.implementation = null
	ssl.trustmanager.algorithm = PKIX
	ssl.truststore.certificates = null
	ssl.truststore.location = null
	ssl.truststore.password = null
	ssl.truststore.type = JKS
	value.deserializer = class org.apache.kafka.common.serialization.StringDeserializer

2024-12-15 14:24:38 INFO  o.a.k.c.t.i.KafkaMetricsCollector - initializing Kafka metrics collector
2024-12-15 14:24:38 INFO  o.a.kafka.common.utils.AppInfoParser - Kafka version: 3.7.1
2024-12-15 14:24:38 INFO  o.a.kafka.common.utils.AppInfoParser - Kafka commitId: e2494e6ffb89f828
2024-12-15 14:24:38 INFO  o.a.kafka.common.utils.AppInfoParser - Kafka startTimeMs: 1734247478033
2024-12-15 14:24:38 INFO  o.a.k.c.c.i.LegacyKafkaConsumer - [Consumer clientId=consumer-auth_service-7, groupId=auth_service] Subscribed to topic(s): filter
2024-12-15 14:24:38 INFO  o.a.k.c.consumer.ConsumerConfig - ConsumerConfig values: 
	allow.auto.create.topics = true
	auto.commit.interval.ms = 5000
	auto.include.jmx.reporter = true
	auto.offset.reset = latest
	bootstrap.servers = [37.194.168.90:9092]
	check.crcs = true
	client.dns.lookup = use_all_dns_ips
	client.id = consumer-auth_service-8
	client.rack = 
	connections.max.idle.ms = 540000
	default.api.timeout.ms = 60000
	enable.auto.commit = false
	enable.metrics.push = true
	exclude.internal.topics = true
	fetch.max.bytes = 52428800
	fetch.max.wait.ms = 500
	fetch.min.bytes = 1
	group.id = auth_service
	group.instance.id = null
	group.protocol = classic
	group.remote.assignor = null
	heartbeat.interval.ms = 3000
	interceptor.classes = []
	internal.leave.group.on.close = true
	internal.throw.on.fetch.stable.offset.unsupported = false
	isolation.level = read_uncommitted
	key.deserializer = class org.apache.kafka.common.serialization.StringDeserializer
	max.partition.fetch.bytes = 1048576
	max.poll.interval.ms = 300000
	max.poll.records = 500
	metadata.max.age.ms = 300000
	metric.reporters = []
	metrics.num.samples = 2
	metrics.recording.level = INFO
	metrics.sample.window.ms = 30000
	partition.assignment.strategy = [class org.apache.kafka.clients.consumer.RangeAssignor, class org.apache.kafka.clients.consumer.CooperativeStickyAssignor]
	receive.buffer.bytes = 65536
	reconnect.backoff.max.ms = 1000
	reconnect.backoff.ms = 50
	request.timeout.ms = 30000
	retry.backoff.max.ms = 1000
	retry.backoff.ms = 100
	sasl.client.callback.handler.class = null
	sasl.jaas.config = null
	sasl.kerberos.kinit.cmd = /usr/bin/kinit
	sasl.kerberos.min.time.before.relogin = 60000
	sasl.kerberos.service.name = null
	sasl.kerberos.ticket.renew.jitter = 0.05
	sasl.kerberos.ticket.renew.window.factor = 0.8
	sasl.login.callback.handler.class = null
	sasl.login.class = null
	sasl.login.connect.timeout.ms = null
	sasl.login.read.timeout.ms = null
	sasl.login.refresh.buffer.seconds = 300
	sasl.login.refresh.min.period.seconds = 60
	sasl.login.refresh.window.factor = 0.8
	sasl.login.refresh.window.jitter = 0.05
	sasl.login.retry.backoff.max.ms = 10000
	sasl.login.retry.backoff.ms = 100
	sasl.mechanism = GSSAPI
	sasl.oauthbearer.clock.skew.seconds = 30
	sasl.oauthbearer.expected.audience = null
	sasl.oauthbearer.expected.issuer = null
	sasl.oauthbearer.jwks.endpoint.refresh.ms = 3600000
	sasl.oauthbearer.jwks.endpoint.retry.backoff.max.ms = 10000
	sasl.oauthbearer.jwks.endpoint.retry.backoff.ms = 100
	sasl.oauthbearer.jwks.endpoint.url = null
	sasl.oauthbearer.scope.claim.name = scope
	sasl.oauthbearer.sub.claim.name = sub
	sasl.oauthbearer.token.endpoint.url = null
	security.protocol = PLAINTEXT
	security.providers = null
	send.buffer.bytes = 131072
	session.timeout.ms = 45000
	socket.connection.setup.timeout.max.ms = 30000
	socket.connection.setup.timeout.ms = 10000
	ssl.cipher.suites = null
	ssl.enabled.protocols = [TLSv1.2, TLSv1.3]
	ssl.endpoint.identification.algorithm = https
	ssl.engine.factory.class = null
	ssl.key.password = null
	ssl.keymanager.algorithm = SunX509
	ssl.keystore.certificate.chain = null
	ssl.keystore.key = null
	ssl.keystore.location = null
	ssl.keystore.password = null
	ssl.keystore.type = JKS
	ssl.protocol = TLSv1.3
	ssl.provider = null
	ssl.secure.random.implementation = null
	ssl.trustmanager.algorithm = PKIX
	ssl.truststore.certificates = null
	ssl.truststore.location = null
	ssl.truststore.password = null
	ssl.truststore.type = JKS
	value.deserializer = class org.apache.kafka.common.serialization.StringDeserializer

2024-12-15 14:24:38 INFO  o.a.k.c.t.i.KafkaMetricsCollector - initializing Kafka metrics collector
2024-12-15 14:24:38 INFO  o.a.kafka.common.utils.AppInfoParser - Kafka version: 3.7.1
2024-12-15 14:24:38 INFO  o.a.kafka.common.utils.AppInfoParser - Kafka commitId: e2494e6ffb89f828
2024-12-15 14:24:38 INFO  o.a.kafka.common.utils.AppInfoParser - Kafka startTimeMs: 1734247478038
2024-12-15 14:24:38 INFO  o.a.k.c.c.i.LegacyKafkaConsumer - [Consumer clientId=consumer-auth_service-8, groupId=auth_service] Subscribed to topic(s): start
2024-12-15 14:24:38 INFO  c.e.demo.HhRecruiterApplicationKt - Started HhRecruiterApplicationKt in 9.07 seconds (process running for 9.427)
2024-12-15 14:24:38 INFO  c.e.demo.service.NotificationService - Запуск нотификации
2024-12-15 14:24:38 INFO  org.apache.kafka.clients.Metadata - [Consumer clientId=consumer-auth_service-3, groupId=auth_service] Cluster ID: rs0KtrdkQsGY2gwAHle7dQ
2024-12-15 14:24:38 INFO  org.apache.kafka.clients.Metadata - [Consumer clientId=consumer-auth_service-2, groupId=auth_service] Cluster ID: rs0KtrdkQsGY2gwAHle7dQ
2024-12-15 14:24:38 INFO  org.apache.kafka.clients.Metadata - [Consumer clientId=consumer-auth_service-6, groupId=auth_service] Cluster ID: rs0KtrdkQsGY2gwAHle7dQ
2024-12-15 14:24:38 INFO  org.apache.kafka.clients.Metadata - [Consumer clientId=consumer-auth_service-1, groupId=auth_service] Cluster ID: rs0KtrdkQsGY2gwAHle7dQ
2024-12-15 14:24:38 INFO  org.apache.kafka.clients.Metadata - [Consumer clientId=consumer-auth_service-7, groupId=auth_service] Cluster ID: rs0KtrdkQsGY2gwAHle7dQ
2024-12-15 14:24:38 INFO  org.apache.kafka.clients.Metadata - [Consumer clientId=consumer-auth_service-4, groupId=auth_service] Cluster ID: rs0KtrdkQsGY2gwAHle7dQ
2024-12-15 14:24:38 INFO  org.apache.kafka.clients.Metadata - [Consumer clientId=consumer-auth_service-5, groupId=auth_service] Cluster ID: rs0KtrdkQsGY2gwAHle7dQ
2024-12-15 14:24:38 INFO  org.apache.kafka.clients.Metadata - [Consumer clientId=consumer-auth_service-8, groupId=auth_service] Cluster ID: rs0KtrdkQsGY2gwAHle7dQ
2024-12-15 14:24:38 INFO  o.a.k.c.c.i.ConsumerCoordinator - [Consumer clientId=consumer-auth_service-3, groupId=auth_service] Discovered group coordinator 37.194.168.90:9092 (id: 2147483646 rack: null)
2024-12-15 14:24:38 INFO  o.a.k.c.c.i.ConsumerCoordinator - [Consumer clientId=consumer-auth_service-2, groupId=auth_service] Discovered group coordinator 37.194.168.90:9092 (id: 2147483646 rack: null)
2024-12-15 14:24:38 INFO  o.a.k.c.c.i.ConsumerCoordinator - [Consumer clientId=consumer-auth_service-4, groupId=auth_service] Discovered group coordinator 37.194.168.90:9092 (id: 2147483646 rack: null)
2024-12-15 14:24:38 INFO  o.a.k.c.c.i.ConsumerCoordinator - [Consumer clientId=consumer-auth_service-6, groupId=auth_service] Discovered group coordinator 37.194.168.90:9092 (id: 2147483646 rack: null)
2024-12-15 14:24:38 INFO  o.a.k.c.c.i.ConsumerCoordinator - [Consumer clientId=consumer-auth_service-7, groupId=auth_service] Discovered group coordinator 37.194.168.90:9092 (id: 2147483646 rack: null)
2024-12-15 14:24:38 INFO  o.a.k.c.c.i.ConsumerCoordinator - [Consumer clientId=consumer-auth_service-1, groupId=auth_service] Discovered group coordinator 37.194.168.90:9092 (id: 2147483646 rack: null)
2024-12-15 14:24:38 INFO  o.a.k.c.c.i.ConsumerCoordinator - [Consumer clientId=consumer-auth_service-5, groupId=auth_service] Discovered group coordinator 37.194.168.90:9092 (id: 2147483646 rack: null)
2024-12-15 14:24:38 INFO  o.a.k.c.c.i.ConsumerCoordinator - [Consumer clientId=consumer-auth_service-8, groupId=auth_service] Discovered group coordinator 37.194.168.90:9092 (id: 2147483646 rack: null)
2024-12-15 14:24:38 INFO  o.a.k.c.c.i.ConsumerCoordinator - [Consumer clientId=consumer-auth_service-2, groupId=auth_service] (Re-)joining group
2024-12-15 14:24:38 INFO  o.a.k.c.c.i.ConsumerCoordinator - [Consumer clientId=consumer-auth_service-3, groupId=auth_service] (Re-)joining group
2024-12-15 14:24:38 INFO  o.a.k.c.c.i.ConsumerCoordinator - [Consumer clientId=consumer-auth_service-8, groupId=auth_service] (Re-)joining group
2024-12-15 14:24:38 INFO  o.a.k.c.c.i.ConsumerCoordinator - [Consumer clientId=consumer-auth_service-4, groupId=auth_service] (Re-)joining group
2024-12-15 14:24:38 INFO  o.a.k.c.c.i.ConsumerCoordinator - [Consumer clientId=consumer-auth_service-7, groupId=auth_service] (Re-)joining group
2024-12-15 14:24:38 INFO  o.a.k.c.c.i.ConsumerCoordinator - [Consumer clientId=consumer-auth_service-6, groupId=auth_service] (Re-)joining group
2024-12-15 14:24:38 INFO  o.a.k.c.c.i.ConsumerCoordinator - [Consumer clientId=consumer-auth_service-1, groupId=auth_service] (Re-)joining group
2024-12-15 14:24:38 INFO  o.a.k.c.c.i.ConsumerCoordinator - [Consumer clientId=consumer-auth_service-5, groupId=auth_service] (Re-)joining group
2024-12-15 14:24:38 INFO  o.a.k.c.c.i.ConsumerCoordinator - [Consumer clientId=consumer-auth_service-7, groupId=auth_service] Request joining group due to: need to re-join with the given member-id: consumer-auth_service-7-86a3b6a5-660a-452f-8405-730df92659ed
2024-12-15 14:24:38 INFO  o.a.k.c.c.i.ConsumerCoordinator - [Consumer clientId=consumer-auth_service-6, groupId=auth_service] Request joining group due to: need to re-join with the given member-id: consumer-auth_service-6-64d68a57-50e3-4a8f-8ad3-2c41576deda6
2024-12-15 14:24:38 INFO  o.a.k.c.c.i.ConsumerCoordinator - [Consumer clientId=consumer-auth_service-3, groupId=auth_service] Request joining group due to: need to re-join with the given member-id: consumer-auth_service-3-59e6cb95-9b69-46f6-8c78-3334ac1c53fb
2024-12-15 14:24:38 INFO  o.a.k.c.c.i.ConsumerCoordinator - [Consumer clientId=consumer-auth_service-3, groupId=auth_service] (Re-)joining group
2024-12-15 14:24:38 INFO  o.a.k.c.c.i.ConsumerCoordinator - [Consumer clientId=consumer-auth_service-7, groupId=auth_service] (Re-)joining group
2024-12-15 14:24:38 INFO  o.a.k.c.c.i.ConsumerCoordinator - [Consumer clientId=consumer-auth_service-6, groupId=auth_service] (Re-)joining group
2024-12-15 14:24:38 INFO  o.a.k.c.c.i.ConsumerCoordinator - [Consumer clientId=consumer-auth_service-1, groupId=auth_service] Request joining group due to: need to re-join with the given member-id: consumer-auth_service-1-a77add68-60fd-4811-8fed-93f0ea5f063e
2024-12-15 14:24:38 INFO  o.a.k.c.c.i.ConsumerCoordinator - [Consumer clientId=consumer-auth_service-1, groupId=auth_service] (Re-)joining group
2024-12-15 14:24:38 INFO  o.a.k.c.c.i.ConsumerCoordinator - [Consumer clientId=consumer-auth_service-8, groupId=auth_service] Request joining group due to: need to re-join with the given member-id: consumer-auth_service-8-50277bf1-8e6e-43ab-8662-48e6e00e3cb9
2024-12-15 14:24:38 INFO  o.a.k.c.c.i.ConsumerCoordinator - [Consumer clientId=consumer-auth_service-8, groupId=auth_service] (Re-)joining group
2024-12-15 14:24:38 INFO  o.a.k.c.c.i.ConsumerCoordinator - [Consumer clientId=consumer-auth_service-4, groupId=auth_service] Request joining group due to: need to re-join with the given member-id: consumer-auth_service-4-f9809597-5277-4604-9b7e-cc351287084f
2024-12-15 14:24:38 INFO  o.a.k.c.c.i.ConsumerCoordinator - [Consumer clientId=consumer-auth_service-4, groupId=auth_service] (Re-)joining group
2024-12-15 14:24:38 INFO  o.a.k.c.c.i.ConsumerCoordinator - [Consumer clientId=consumer-auth_service-2, groupId=auth_service] Request joining group due to: need to re-join with the given member-id: consumer-auth_service-2-14ef9962-3c21-4c07-8802-7792f5ce864d
2024-12-15 14:24:38 INFO  o.a.k.c.c.i.ConsumerCoordinator - [Consumer clientId=consumer-auth_service-2, groupId=auth_service] (Re-)joining group
2024-12-15 14:24:38 INFO  o.a.k.c.c.i.ConsumerCoordinator - [Consumer clientId=consumer-auth_service-5, groupId=auth_service] Request joining group due to: need to re-join with the given member-id: consumer-auth_service-5-98b40a8e-d2b9-420f-8655-6cf64266adff
2024-12-15 14:24:38 INFO  o.a.k.c.c.i.ConsumerCoordinator - [Consumer clientId=consumer-auth_service-5, groupId=auth_service] (Re-)joining group
2024-12-15 14:24:41 INFO  o.a.k.c.c.i.ConsumerCoordinator - [Consumer clientId=consumer-auth_service-6, groupId=auth_service] Successfully joined group with generation Generation{generationId=1255, memberId='consumer-auth_service-6-64d68a57-50e3-4a8f-8ad3-2c41576deda6', protocol='range'}
2024-12-15 14:24:41 INFO  o.a.k.c.c.i.ConsumerCoordinator - [Consumer clientId=consumer-auth_service-7, groupId=auth_service] Successfully joined group with generation Generation{generationId=1255, memberId='consumer-auth_service-7-86a3b6a5-660a-452f-8405-730df92659ed', protocol='range'}
2024-12-15 14:24:41 INFO  o.a.k.c.c.i.ConsumerCoordinator - [Consumer clientId=consumer-auth_service-3, groupId=auth_service] Successfully joined group with generation Generation{generationId=1255, memberId='consumer-auth_service-3-59e6cb95-9b69-46f6-8c78-3334ac1c53fb', protocol='range'}
2024-12-15 14:24:41 INFO  o.a.k.c.c.i.ConsumerCoordinator - [Consumer clientId=consumer-auth_service-1, groupId=auth_service] Successfully joined group with generation Generation{generationId=1255, memberId='consumer-auth_service-1-a77add68-60fd-4811-8fed-93f0ea5f063e', protocol='range'}
2024-12-15 14:24:41 INFO  o.a.k.c.c.i.ConsumerCoordinator - [Consumer clientId=consumer-auth_service-8, groupId=auth_service] Successfully joined group with generation Generation{generationId=1255, memberId='consumer-auth_service-8-50277bf1-8e6e-43ab-8662-48e6e00e3cb9', protocol='range'}
2024-12-15 14:24:41 INFO  o.a.k.c.c.i.ConsumerCoordinator - [Consumer clientId=consumer-auth_service-4, groupId=auth_service] Successfully joined group with generation Generation{generationId=1255, memberId='consumer-auth_service-4-f9809597-5277-4604-9b7e-cc351287084f', protocol='range'}
2024-12-15 14:24:41 INFO  o.a.k.c.c.i.ConsumerCoordinator - [Consumer clientId=consumer-auth_service-5, groupId=auth_service] Successfully joined group with generation Generation{generationId=1255, memberId='consumer-auth_service-5-98b40a8e-d2b9-420f-8655-6cf64266adff', protocol='range'}
2024-12-15 14:24:41 INFO  o.a.k.c.c.i.ConsumerCoordinator - [Consumer clientId=consumer-auth_service-2, groupId=auth_service] Successfully joined group with generation Generation{generationId=1255, memberId='consumer-auth_service-2-14ef9962-3c21-4c07-8802-7792f5ce864d', protocol='range'}
2024-12-15 14:24:42 INFO  o.a.k.c.c.i.ConsumerCoordinator - [Consumer clientId=consumer-auth_service-3, groupId=auth_service] Finished assignment for group at generation 1255: {consumer-auth_service-1-a77add68-60fd-4811-8fed-93f0ea5f063e=Assignment(partitions=[ping-0]), consumer-auth_service-4-f9809597-5277-4604-9b7e-cc351287084f=Assignment(partitions=[status-0]), consumer-auth_service-8-50277bf1-8e6e-43ab-8662-48e6e00e3cb9=Assignment(partitions=[start-0]), consumer-auth_service-3-59e6cb95-9b69-46f6-8c78-3334ac1c53fb=Assignment(partitions=[stop-0]), consumer-auth_service-6-64d68a57-50e3-4a8f-8ad3-2c41576deda6=Assignment(partitions=[getLink-0]), consumer-auth_service-2-14ef9962-3c21-4c07-8802-7792f5ce864d=Assignment(partitions=[profile-0]), consumer-auth_service-7-86a3b6a5-660a-452f-8405-730df92659ed=Assignment(partitions=[filter-0]), consumer-auth_service-5-98b40a8e-d2b9-420f-8655-6cf64266adff=Assignment(partitions=[registry-0])}
2024-12-15 14:24:42 INFO  o.a.k.c.c.i.ConsumerCoordinator - [Consumer clientId=consumer-auth_service-7, groupId=auth_service] Successfully synced group in generation Generation{generationId=1255, memberId='consumer-auth_service-7-86a3b6a5-660a-452f-8405-730df92659ed', protocol='range'}
2024-12-15 14:24:42 INFO  o.a.k.c.c.i.ConsumerCoordinator - [Consumer clientId=consumer-auth_service-3, groupId=auth_service] Successfully synced group in generation Generation{generationId=1255, memberId='consumer-auth_service-3-59e6cb95-9b69-46f6-8c78-3334ac1c53fb', protocol='range'}
2024-12-15 14:24:42 INFO  o.a.k.c.c.i.ConsumerCoordinator - [Consumer clientId=consumer-auth_service-6, groupId=auth_service] Successfully synced group in generation Generation{generationId=1255, memberId='consumer-auth_service-6-64d68a57-50e3-4a8f-8ad3-2c41576deda6', protocol='range'}
2024-12-15 14:24:42 INFO  o.a.k.c.c.i.ConsumerCoordinator - [Consumer clientId=consumer-auth_service-6, groupId=auth_service] Notifying assignor about the new Assignment(partitions=[getLink-0])
2024-12-15 14:24:42 INFO  o.a.k.c.c.i.ConsumerCoordinator - [Consumer clientId=consumer-auth_service-3, groupId=auth_service] Notifying assignor about the new Assignment(partitions=[stop-0])
2024-12-15 14:24:42 INFO  o.a.k.c.c.i.ConsumerCoordinator - [Consumer clientId=consumer-auth_service-7, groupId=auth_service] Notifying assignor about the new Assignment(partitions=[filter-0])
2024-12-15 14:24:42 INFO  o.a.k.c.c.i.ConsumerRebalanceListenerInvoker - [Consumer clientId=consumer-auth_service-6, groupId=auth_service] Adding newly assigned partitions: getLink-0
2024-12-15 14:24:42 INFO  o.a.k.c.c.i.ConsumerRebalanceListenerInvoker - [Consumer clientId=consumer-auth_service-7, groupId=auth_service] Adding newly assigned partitions: filter-0
2024-12-15 14:24:42 INFO  o.a.k.c.c.i.ConsumerRebalanceListenerInvoker - [Consumer clientId=consumer-auth_service-3, groupId=auth_service] Adding newly assigned partitions: stop-0
2024-12-15 14:24:42 INFO  o.a.k.c.c.i.ConsumerCoordinator - [Consumer clientId=consumer-auth_service-8, groupId=auth_service] Successfully synced group in generation Generation{generationId=1255, memberId='consumer-auth_service-8-50277bf1-8e6e-43ab-8662-48e6e00e3cb9', protocol='range'}
2024-12-15 14:24:42 INFO  o.a.k.c.c.i.ConsumerCoordinator - [Consumer clientId=consumer-auth_service-8, groupId=auth_service] Notifying assignor about the new Assignment(partitions=[start-0])
2024-12-15 14:24:42 INFO  o.a.k.c.c.i.ConsumerRebalanceListenerInvoker - [Consumer clientId=consumer-auth_service-8, groupId=auth_service] Adding newly assigned partitions: start-0
2024-12-15 14:24:42 INFO  o.a.k.c.c.i.ConsumerCoordinator - [Consumer clientId=consumer-auth_service-1, groupId=auth_service] Successfully synced group in generation Generation{generationId=1255, memberId='consumer-auth_service-1-a77add68-60fd-4811-8fed-93f0ea5f063e', protocol='range'}
2024-12-15 14:24:42 INFO  o.a.k.c.c.i.ConsumerCoordinator - [Consumer clientId=consumer-auth_service-4, groupId=auth_service] Successfully synced group in generation Generation{generationId=1255, memberId='consumer-auth_service-4-f9809597-5277-4604-9b7e-cc351287084f', protocol='range'}
2024-12-15 14:24:42 INFO  o.a.k.c.c.i.ConsumerCoordinator - [Consumer clientId=consumer-auth_service-1, groupId=auth_service] Notifying assignor about the new Assignment(partitions=[ping-0])
2024-12-15 14:24:42 INFO  o.a.k.c.c.i.ConsumerCoordinator - [Consumer clientId=consumer-auth_service-4, groupId=auth_service] Notifying assignor about the new Assignment(partitions=[status-0])
2024-12-15 14:24:42 INFO  o.a.k.c.c.i.ConsumerRebalanceListenerInvoker - [Consumer clientId=consumer-auth_service-1, groupId=auth_service] Adding newly assigned partitions: ping-0
2024-12-15 14:24:42 INFO  o.a.k.c.c.i.ConsumerRebalanceListenerInvoker - [Consumer clientId=consumer-auth_service-4, groupId=auth_service] Adding newly assigned partitions: status-0
2024-12-15 14:24:42 INFO  o.a.k.c.c.i.ConsumerCoordinator - [Consumer clientId=consumer-auth_service-2, groupId=auth_service] Successfully synced group in generation Generation{generationId=1255, memberId='consumer-auth_service-2-14ef9962-3c21-4c07-8802-7792f5ce864d', protocol='range'}
2024-12-15 14:24:42 INFO  o.a.k.c.c.i.ConsumerCoordinator - [Consumer clientId=consumer-auth_service-5, groupId=auth_service] Successfully synced group in generation Generation{generationId=1255, memberId='consumer-auth_service-5-98b40a8e-d2b9-420f-8655-6cf64266adff', protocol='range'}
2024-12-15 14:24:42 INFO  o.a.k.c.c.i.ConsumerCoordinator - [Consumer clientId=consumer-auth_service-2, groupId=auth_service] Notifying assignor about the new Assignment(partitions=[profile-0])
2024-12-15 14:24:42 INFO  o.a.k.c.c.i.ConsumerCoordinator - [Consumer clientId=consumer-auth_service-5, groupId=auth_service] Notifying assignor about the new Assignment(partitions=[registry-0])
2024-12-15 14:24:42 INFO  o.a.k.c.c.i.ConsumerRebalanceListenerInvoker - [Consumer clientId=consumer-auth_service-2, groupId=auth_service] Adding newly assigned partitions: profile-0
2024-12-15 14:24:42 INFO  o.a.k.c.c.i.ConsumerRebalanceListenerInvoker - [Consumer clientId=consumer-auth_service-5, groupId=auth_service] Adding newly assigned partitions: registry-0
2024-12-15 14:24:42 INFO  o.a.k.c.c.internals.ConsumerUtils - Setting offset for partition stop-0 to the committed offset FetchPosition{offset=20, offsetEpoch=Optional.empty, currentLeader=LeaderAndEpoch{leader=Optional[37.194.168.90:9092 (id: 1 rack: null)], epoch=0}}
2024-12-15 14:24:42 INFO  o.a.k.c.c.internals.ConsumerUtils - Setting offset for partition filter-0 to the committed offset FetchPosition{offset=62, offsetEpoch=Optional.empty, currentLeader=LeaderAndEpoch{leader=Optional[37.194.168.90:9092 (id: 1 rack: null)], epoch=0}}
2024-12-15 14:24:42 INFO  o.a.k.c.c.internals.ConsumerUtils - Setting offset for partition getLink-0 to the committed offset FetchPosition{offset=86, offsetEpoch=Optional.empty, currentLeader=LeaderAndEpoch{leader=Optional[37.194.168.90:9092 (id: 1 rack: null)], epoch=0}}
2024-12-15 14:24:42 INFO  o.s.k.l.KafkaMessageListenerContainer - auth_service: partitions assigned: [stop-0]
2024-12-15 14:24:42 INFO  o.a.k.c.c.internals.ConsumerUtils - Setting offset for partition status-0 to the committed offset FetchPosition{offset=85, offsetEpoch=Optional.empty, currentLeader=LeaderAndEpoch{leader=Optional[37.194.168.90:9092 (id: 1 rack: null)], epoch=0}}
2024-12-15 14:24:42 INFO  o.a.k.c.c.internals.ConsumerUtils - Setting offset for partition ping-0 to the committed offset FetchPosition{offset=1142, offsetEpoch=Optional.empty, currentLeader=LeaderAndEpoch{leader=Optional[37.194.168.90:9092 (id: 1 rack: null)], epoch=0}}
2024-12-15 14:24:42 INFO  o.s.k.l.KafkaMessageListenerContainer - auth_service: partitions assigned: [status-0]
2024-12-15 14:24:42 INFO  o.a.k.c.c.internals.ConsumerUtils - Setting offset for partition start-0 to the committed offset FetchPosition{offset=243, offsetEpoch=Optional.empty, currentLeader=LeaderAndEpoch{leader=Optional[37.194.168.90:9092 (id: 1 rack: null)], epoch=0}}
2024-12-15 14:24:42 INFO  o.s.k.l.KafkaMessageListenerContainer - auth_service: partitions assigned: [start-0]
2024-12-15 14:24:42 INFO  o.a.k.c.c.internals.ConsumerUtils - Setting offset for partition registry-0 to the committed offset FetchPosition{offset=143, offsetEpoch=Optional.empty, currentLeader=LeaderAndEpoch{leader=Optional[37.194.168.90:9092 (id: 1 rack: null)], epoch=0}}
2024-12-15 14:24:42 INFO  o.a.k.c.c.internals.ConsumerUtils - Setting offset for partition profile-0 to the committed offset FetchPosition{offset=60, offsetEpoch=Optional.empty, currentLeader=LeaderAndEpoch{leader=Optional[37.194.168.90:9092 (id: 1 rack: null)], epoch=0}}
2024-12-15 14:24:42 INFO  o.s.k.l.KafkaMessageListenerContainer - auth_service: partitions assigned: [getLink-0]
2024-12-15 14:24:42 INFO  o.s.k.l.KafkaMessageListenerContainer - auth_service: partitions assigned: [filter-0]
2024-12-15 14:24:42 INFO  o.s.k.l.KafkaMessageListenerContainer - auth_service: partitions assigned: [ping-0]
2024-12-15 14:24:42 INFO  o.s.k.l.KafkaMessageListenerContainer - auth_service: partitions assigned: [profile-0]
2024-12-15 14:24:42 INFO  o.s.k.l.KafkaMessageListenerContainer - auth_service: partitions assigned: [registry-0]
2024-12-15 14:25:48 INFO  o.a.k.c.c.i.ConsumerRebalanceListenerInvoker - [Consumer clientId=consumer-auth_service-2, groupId=auth_service] Revoke previously assigned partitions profile-0
2024-12-15 14:25:48 INFO  o.a.k.c.c.i.ConsumerRebalanceListenerInvoker - [Consumer clientId=consumer-auth_service-3, groupId=auth_service] Revoke previously assigned partitions stop-0
2024-12-15 14:25:48 INFO  o.a.k.c.c.i.ConsumerRebalanceListenerInvoker - [Consumer clientId=consumer-auth_service-1, groupId=auth_service] Revoke previously assigned partitions ping-0
2024-12-15 14:25:48 INFO  o.a.k.c.c.i.ConsumerRebalanceListenerInvoker - [Consumer clientId=consumer-auth_service-4, groupId=auth_service] Revoke previously assigned partitions status-0
2024-12-15 14:25:48 INFO  o.a.k.c.c.i.ConsumerRebalanceListenerInvoker - [Consumer clientId=consumer-auth_service-5, groupId=auth_service] Revoke previously assigned partitions registry-0
2024-12-15 14:25:48 INFO  o.a.k.c.c.i.ConsumerRebalanceListenerInvoker - [Consumer clientId=consumer-auth_service-6, groupId=auth_service] Revoke previously assigned partitions getLink-0
2024-12-15 14:25:48 INFO  o.a.k.c.c.i.ConsumerRebalanceListenerInvoker - [Consumer clientId=consumer-auth_service-7, groupId=auth_service] Revoke previously assigned partitions filter-0
2024-12-15 14:25:48 INFO  o.a.k.c.c.i.ConsumerRebalanceListenerInvoker - [Consumer clientId=consumer-auth_service-8, groupId=auth_service] Revoke previously assigned partitions start-0
2024-12-15 14:25:48 INFO  o.s.k.l.KafkaMessageListenerContainer - auth_service: partitions revoked: [stop-0]
2024-12-15 14:25:48 INFO  o.s.k.l.KafkaMessageListenerContainer - auth_service: partitions revoked: [filter-0]
2024-12-15 14:25:48 INFO  o.s.k.l.KafkaMessageListenerContainer - auth_service: partitions revoked: [getLink-0]
2024-12-15 14:25:48 INFO  o.s.k.l.KafkaMessageListenerContainer - auth_service: partitions revoked: [registry-0]
2024-12-15 14:25:48 INFO  o.s.k.l.KafkaMessageListenerContainer - auth_service: partitions revoked: [status-0]
2024-12-15 14:25:48 INFO  o.s.k.l.KafkaMessageListenerContainer - auth_service: partitions revoked: [profile-0]
2024-12-15 14:25:48 INFO  o.s.k.l.KafkaMessageListenerContainer - auth_service: partitions revoked: [ping-0]
2024-12-15 14:25:48 INFO  o.a.k.c.c.i.ConsumerCoordinator - [Consumer clientId=consumer-auth_service-2, groupId=auth_service] Member consumer-auth_service-2-14ef9962-3c21-4c07-8802-7792f5ce864d sending LeaveGroup request to coordinator 37.194.168.90:9092 (id: 2147483646 rack: null) due to the consumer unsubscribed from all topics
2024-12-15 14:25:48 INFO  o.a.k.c.c.i.ConsumerCoordinator - [Consumer clientId=consumer-auth_service-6, groupId=auth_service] Member consumer-auth_service-6-64d68a57-50e3-4a8f-8ad3-2c41576deda6 sending LeaveGroup request to coordinator 37.194.168.90:9092 (id: 2147483646 rack: null) due to the consumer unsubscribed from all topics
2024-12-15 14:25:48 INFO  o.s.k.l.KafkaMessageListenerContainer - auth_service: partitions revoked: [start-0]
2024-12-15 14:25:48 INFO  o.a.k.c.c.i.ConsumerCoordinator - [Consumer clientId=consumer-auth_service-3, groupId=auth_service] Member consumer-auth_service-3-59e6cb95-9b69-46f6-8c78-3334ac1c53fb sending LeaveGroup request to coordinator 37.194.168.90:9092 (id: 2147483646 rack: null) due to the consumer unsubscribed from all topics
2024-12-15 14:25:48 INFO  o.a.k.c.c.i.ConsumerCoordinator - [Consumer clientId=consumer-auth_service-7, groupId=auth_service] Member consumer-auth_service-7-86a3b6a5-660a-452f-8405-730df92659ed sending LeaveGroup request to coordinator 37.194.168.90:9092 (id: 2147483646 rack: null) due to the consumer unsubscribed from all topics
2024-12-15 14:25:48 INFO  o.a.k.c.c.i.ConsumerCoordinator - [Consumer clientId=consumer-auth_service-5, groupId=auth_service] Member consumer-auth_service-5-98b40a8e-d2b9-420f-8655-6cf64266adff sending LeaveGroup request to coordinator 37.194.168.90:9092 (id: 2147483646 rack: null) due to the consumer unsubscribed from all topics
2024-12-15 14:25:48 INFO  o.a.k.c.c.i.ConsumerCoordinator - [Consumer clientId=consumer-auth_service-1, groupId=auth_service] Member consumer-auth_service-1-a77add68-60fd-4811-8fed-93f0ea5f063e sending LeaveGroup request to coordinator 37.194.168.90:9092 (id: 2147483646 rack: null) due to the consumer unsubscribed from all topics
2024-12-15 14:25:48 INFO  o.a.k.c.c.i.ConsumerCoordinator - [Consumer clientId=consumer-auth_service-4, groupId=auth_service] Member consumer-auth_service-4-f9809597-5277-4604-9b7e-cc351287084f sending LeaveGroup request to coordinator 37.194.168.90:9092 (id: 2147483646 rack: null) due to the consumer unsubscribed from all topics
2024-12-15 14:25:48 INFO  o.a.k.c.c.i.ConsumerCoordinator - [Consumer clientId=consumer-auth_service-8, groupId=auth_service] Member consumer-auth_service-8-50277bf1-8e6e-43ab-8662-48e6e00e3cb9 sending LeaveGroup request to coordinator 37.194.168.90:9092 (id: 2147483646 rack: null) due to the consumer unsubscribed from all topics
2024-12-15 14:25:48 INFO  o.a.k.c.c.i.ConsumerCoordinator - [Consumer clientId=consumer-auth_service-6, groupId=auth_service] Resetting generation and member id due to: consumer pro-actively leaving the group
2024-12-15 14:25:48 INFO  o.a.k.c.c.i.ConsumerCoordinator - [Consumer clientId=consumer-auth_service-2, groupId=auth_service] Resetting generation and member id due to: consumer pro-actively leaving the group
2024-12-15 14:25:48 INFO  o.a.k.c.c.i.ConsumerCoordinator - [Consumer clientId=consumer-auth_service-6, groupId=auth_service] Request joining group due to: consumer pro-actively leaving the group
2024-12-15 14:25:48 INFO  o.a.k.c.c.i.ConsumerCoordinator - [Consumer clientId=consumer-auth_service-1, groupId=auth_service] Resetting generation and member id due to: consumer pro-actively leaving the group
2024-12-15 14:25:48 INFO  o.a.k.c.c.i.ConsumerCoordinator - [Consumer clientId=consumer-auth_service-5, groupId=auth_service] Resetting generation and member id due to: consumer pro-actively leaving the group
2024-12-15 14:25:48 INFO  o.a.k.c.c.i.ConsumerCoordinator - [Consumer clientId=consumer-auth_service-1, groupId=auth_service] Request joining group due to: consumer pro-actively leaving the group
2024-12-15 14:25:48 INFO  o.a.k.c.c.i.ConsumerCoordinator - [Consumer clientId=consumer-auth_service-4, groupId=auth_service] Resetting generation and member id due to: consumer pro-actively leaving the group
2024-12-15 14:25:48 INFO  o.a.k.c.c.i.LegacyKafkaConsumer - [Consumer clientId=consumer-auth_service-1, groupId=auth_service] Unsubscribed all topics or patterns and assigned partitions
2024-12-15 14:25:48 INFO  o.a.k.c.c.i.ConsumerCoordinator - [Consumer clientId=consumer-auth_service-7, groupId=auth_service] Resetting generation and member id due to: consumer pro-actively leaving the group
2024-12-15 14:25:48 INFO  o.a.k.c.c.i.ConsumerCoordinator - [Consumer clientId=consumer-auth_service-8, groupId=auth_service] Resetting generation and member id due to: consumer pro-actively leaving the group
2024-12-15 14:25:48 INFO  o.a.k.c.c.i.ConsumerCoordinator - [Consumer clientId=consumer-auth_service-4, groupId=auth_service] Request joining group due to: consumer pro-actively leaving the group
2024-12-15 14:25:48 INFO  o.a.k.c.c.i.ConsumerCoordinator - [Consumer clientId=consumer-auth_service-3, groupId=auth_service] Resetting generation and member id due to: consumer pro-actively leaving the group
2024-12-15 14:25:48 INFO  o.a.k.c.c.i.ConsumerCoordinator - [Consumer clientId=consumer-auth_service-8, groupId=auth_service] Request joining group due to: consumer pro-actively leaving the group
2024-12-15 14:25:48 INFO  o.a.k.c.c.i.ConsumerCoordinator - [Consumer clientId=consumer-auth_service-2, groupId=auth_service] Request joining group due to: consumer pro-actively leaving the group
2024-12-15 14:25:48 INFO  o.a.k.c.c.i.LegacyKafkaConsumer - [Consumer clientId=consumer-auth_service-6, groupId=auth_service] Unsubscribed all topics or patterns and assigned partitions
2024-12-15 14:25:48 INFO  o.a.k.c.c.i.ConsumerCoordinator - [Consumer clientId=consumer-auth_service-5, groupId=auth_service] Request joining group due to: consumer pro-actively leaving the group
2024-12-15 14:25:48 INFO  o.a.k.c.c.i.ConsumerCoordinator - [Consumer clientId=consumer-auth_service-7, groupId=auth_service] Request joining group due to: consumer pro-actively leaving the group
2024-12-15 14:25:48 INFO  o.a.k.c.c.i.LegacyKafkaConsumer - [Consumer clientId=consumer-auth_service-5, groupId=auth_service] Unsubscribed all topics or patterns and assigned partitions
2024-12-15 14:25:48 INFO  o.a.k.c.c.i.LegacyKafkaConsumer - [Consumer clientId=consumer-auth_service-7, groupId=auth_service] Unsubscribed all topics or patterns and assigned partitions
2024-12-15 14:25:48 INFO  o.a.k.c.c.i.LegacyKafkaConsumer - [Consumer clientId=consumer-auth_service-4, groupId=auth_service] Unsubscribed all topics or patterns and assigned partitions
2024-12-15 14:25:48 INFO  o.a.k.c.c.i.ConsumerCoordinator - [Consumer clientId=consumer-auth_service-3, groupId=auth_service] Request joining group due to: consumer pro-actively leaving the group
2024-12-15 14:25:48 INFO  o.a.k.c.c.i.LegacyKafkaConsumer - [Consumer clientId=consumer-auth_service-3, groupId=auth_service] Unsubscribed all topics or patterns and assigned partitions
2024-12-15 14:25:48 INFO  o.a.k.c.c.i.LegacyKafkaConsumer - [Consumer clientId=consumer-auth_service-8, groupId=auth_service] Unsubscribed all topics or patterns and assigned partitions
2024-12-15 14:25:48 INFO  o.a.k.c.c.i.LegacyKafkaConsumer - [Consumer clientId=consumer-auth_service-2, groupId=auth_service] Unsubscribed all topics or patterns and assigned partitions
2024-12-15 14:25:48 INFO  o.a.k.c.c.i.ConsumerCoordinator - [Consumer clientId=consumer-auth_service-7, groupId=auth_service] Resetting generation and member id due to: consumer pro-actively leaving the group
2024-12-15 14:25:48 INFO  o.a.k.c.c.i.ConsumerCoordinator - [Consumer clientId=consumer-auth_service-1, groupId=auth_service] Resetting generation and member id due to: consumer pro-actively leaving the group
2024-12-15 14:25:48 INFO  o.a.k.c.c.i.ConsumerCoordinator - [Consumer clientId=consumer-auth_service-4, groupId=auth_service] Resetting generation and member id due to: consumer pro-actively leaving the group
2024-12-15 14:25:48 INFO  o.a.k.c.c.i.ConsumerCoordinator - [Consumer clientId=consumer-auth_service-8, groupId=auth_service] Resetting generation and member id due to: consumer pro-actively leaving the group
2024-12-15 14:25:48 INFO  o.a.k.c.c.i.ConsumerCoordinator - [Consumer clientId=consumer-auth_service-3, groupId=auth_service] Resetting generation and member id due to: consumer pro-actively leaving the group
2024-12-15 14:25:48 INFO  o.a.k.c.c.i.ConsumerCoordinator - [Consumer clientId=consumer-auth_service-2, groupId=auth_service] Resetting generation and member id due to: consumer pro-actively leaving the group
2024-12-15 14:25:48 INFO  o.a.k.c.c.i.ConsumerCoordinator - [Consumer clientId=consumer-auth_service-5, groupId=auth_service] Resetting generation and member id due to: consumer pro-actively leaving the group
2024-12-15 14:25:48 INFO  o.a.k.c.c.i.ConsumerCoordinator - [Consumer clientId=consumer-auth_service-6, groupId=auth_service] Resetting generation and member id due to: consumer pro-actively leaving the group
2024-12-15 14:25:48 INFO  o.a.k.c.c.i.ConsumerCoordinator - [Consumer clientId=consumer-auth_service-7, groupId=auth_service] Request joining group due to: consumer pro-actively leaving the group
2024-12-15 14:25:48 INFO  o.a.k.c.c.i.ConsumerCoordinator - [Consumer clientId=consumer-auth_service-1, groupId=auth_service] Request joining group due to: consumer pro-actively leaving the group
2024-12-15 14:25:48 INFO  o.a.k.c.c.i.ConsumerCoordinator - [Consumer clientId=consumer-auth_service-4, groupId=auth_service] Request joining group due to: consumer pro-actively leaving the group
2024-12-15 14:25:48 INFO  o.a.k.c.c.i.ConsumerCoordinator - [Consumer clientId=consumer-auth_service-8, groupId=auth_service] Request joining group due to: consumer pro-actively leaving the group
2024-12-15 14:25:48 INFO  o.a.k.c.c.i.ConsumerCoordinator - [Consumer clientId=consumer-auth_service-3, groupId=auth_service] Request joining group due to: consumer pro-actively leaving the group
2024-12-15 14:25:48 INFO  o.a.k.c.c.i.ConsumerCoordinator - [Consumer clientId=consumer-auth_service-2, groupId=auth_service] Request joining group due to: consumer pro-actively leaving the group
2024-12-15 14:25:48 INFO  o.a.k.c.c.i.ConsumerCoordinator - [Consumer clientId=consumer-auth_service-5, groupId=auth_service] Request joining group due to: consumer pro-actively leaving the group
2024-12-15 14:25:48 INFO  o.a.k.c.c.i.ConsumerCoordinator - [Consumer clientId=consumer-auth_service-6, groupId=auth_service] Request joining group due to: consumer pro-actively leaving the group
2024-12-15 14:25:48 INFO  o.a.kafka.common.metrics.Metrics - Metrics scheduler closed
2024-12-15 14:25:48 INFO  o.a.kafka.common.metrics.Metrics - Closing reporter org.apache.kafka.common.metrics.JmxReporter
2024-12-15 14:25:48 INFO  o.a.kafka.common.metrics.Metrics - Closing reporter org.apache.kafka.common.telemetry.internals.ClientTelemetryReporter
2024-12-15 14:25:48 INFO  o.a.kafka.common.metrics.Metrics - Metrics scheduler closed
2024-12-15 14:25:48 INFO  o.a.kafka.common.metrics.Metrics - Metrics scheduler closed
2024-12-15 14:25:48 INFO  o.a.kafka.common.metrics.Metrics - Metrics reporters closed
2024-12-15 14:25:48 INFO  o.a.kafka.common.metrics.Metrics - Closing reporter org.apache.kafka.common.metrics.JmxReporter
2024-12-15 14:25:48 INFO  o.a.kafka.common.metrics.Metrics - Metrics scheduler closed
2024-12-15 14:25:48 INFO  o.a.kafka.common.metrics.Metrics - Closing reporter org.apache.kafka.common.metrics.JmxReporter
2024-12-15 14:25:48 INFO  o.a.kafka.common.metrics.Metrics - Closing reporter org.apache.kafka.common.telemetry.internals.ClientTelemetryReporter
2024-12-15 14:25:48 INFO  o.a.kafka.common.metrics.Metrics - Closing reporter org.apache.kafka.common.metrics.JmxReporter
2024-12-15 14:25:48 INFO  o.a.kafka.common.metrics.Metrics - Metrics reporters closed
2024-12-15 14:25:48 INFO  o.a.kafka.common.metrics.Metrics - Closing reporter org.apache.kafka.common.telemetry.internals.ClientTelemetryReporter
2024-12-15 14:25:48 INFO  o.a.kafka.common.metrics.Metrics - Closing reporter org.apache.kafka.common.telemetry.internals.ClientTelemetryReporter
2024-12-15 14:25:48 INFO  o.a.kafka.common.metrics.Metrics - Metrics reporters closed
2024-12-15 14:25:48 INFO  o.a.kafka.common.metrics.Metrics - Metrics reporters closed
2024-12-15 14:25:48 INFO  o.a.kafka.common.utils.AppInfoParser - App info kafka.consumer for consumer-auth_service-8 unregistered
2024-12-15 14:25:48 INFO  o.a.kafka.common.utils.AppInfoParser - App info kafka.consumer for consumer-auth_service-3 unregistered
2024-12-15 14:25:48 INFO  o.s.k.l.KafkaMessageListenerContainer - auth_service: Consumer stopped
2024-12-15 14:25:48 INFO  o.a.kafka.common.utils.AppInfoParser - App info kafka.consumer for consumer-auth_service-6 unregistered
2024-12-15 14:25:48 INFO  o.s.k.l.KafkaMessageListenerContainer - auth_service: Consumer stopped
2024-12-15 14:25:48 INFO  o.s.k.l.KafkaMessageListenerContainer - auth_service: Consumer stopped
2024-12-15 14:25:48 INFO  o.a.kafka.common.utils.AppInfoParser - App info kafka.consumer for consumer-auth_service-4 unregistered
2024-12-15 14:25:48 INFO  o.s.k.l.KafkaMessageListenerContainer - auth_service: Consumer stopped
2024-12-15 14:25:48 INFO  o.a.kafka.common.metrics.Metrics - Metrics scheduler closed
2024-12-15 14:25:48 INFO  o.a.kafka.common.metrics.Metrics - Metrics scheduler closed
2024-12-15 14:25:48 INFO  o.a.kafka.common.metrics.Metrics - Closing reporter org.apache.kafka.common.metrics.JmxReporter
2024-12-15 14:25:48 INFO  o.a.kafka.common.metrics.Metrics - Closing reporter org.apache.kafka.common.metrics.JmxReporter
2024-12-15 14:25:48 INFO  o.a.kafka.common.metrics.Metrics - Closing reporter org.apache.kafka.common.telemetry.internals.ClientTelemetryReporter
2024-12-15 14:25:48 INFO  o.a.kafka.common.metrics.Metrics - Metrics reporters closed
2024-12-15 14:25:48 INFO  o.a.kafka.common.metrics.Metrics - Closing reporter org.apache.kafka.common.telemetry.internals.ClientTelemetryReporter
2024-12-15 14:25:48 INFO  o.a.kafka.common.metrics.Metrics - Metrics reporters closed
2024-12-15 14:25:48 INFO  o.a.kafka.common.metrics.Metrics - Metrics scheduler closed
2024-12-15 14:25:48 INFO  o.a.kafka.common.metrics.Metrics - Metrics scheduler closed
2024-12-15 14:25:48 INFO  o.a.kafka.common.metrics.Metrics - Closing reporter org.apache.kafka.common.metrics.JmxReporter
2024-12-15 14:25:48 INFO  o.a.kafka.common.metrics.Metrics - Closing reporter org.apache.kafka.common.metrics.JmxReporter
2024-12-15 14:25:48 INFO  o.a.kafka.common.metrics.Metrics - Closing reporter org.apache.kafka.common.telemetry.internals.ClientTelemetryReporter
2024-12-15 14:25:48 INFO  o.a.kafka.common.metrics.Metrics - Closing reporter org.apache.kafka.common.telemetry.internals.ClientTelemetryReporter
2024-12-15 14:25:48 INFO  o.a.kafka.common.metrics.Metrics - Metrics reporters closed
2024-12-15 14:25:48 INFO  o.a.kafka.common.metrics.Metrics - Metrics reporters closed
2024-12-15 14:25:48 INFO  o.a.kafka.common.utils.AppInfoParser - App info kafka.consumer for consumer-auth_service-1 unregistered
2024-12-15 14:25:48 INFO  o.s.k.l.KafkaMessageListenerContainer - auth_service: Consumer stopped
2024-12-15 14:25:48 INFO  o.a.kafka.common.utils.AppInfoParser - App info kafka.consumer for consumer-auth_service-7 unregistered
2024-12-15 14:25:48 INFO  o.s.k.l.KafkaMessageListenerContainer - auth_service: Consumer stopped
2024-12-15 14:25:48 INFO  o.a.kafka.common.utils.AppInfoParser - App info kafka.consumer for consumer-auth_service-5 unregistered
2024-12-15 14:25:48 INFO  o.s.k.l.KafkaMessageListenerContainer - auth_service: Consumer stopped
2024-12-15 14:25:48 INFO  o.a.kafka.common.utils.AppInfoParser - App info kafka.consumer for consumer-auth_service-2 unregistered
2024-12-15 14:25:48 INFO  o.s.k.l.KafkaMessageListenerContainer - auth_service: Consumer stopped
2024-12-15 14:25:50 INFO  o.s.o.j.LocalContainerEntityManagerFactoryBean - Closing JPA EntityManagerFactory for persistence unit 'default'
2024-12-15 14:25:50 INFO  com.zaxxer.hikari.HikariDataSource - HikariPool-1 - Shutdown initiated...
2024-12-15 14:25:52 INFO  com.zaxxer.hikari.HikariDataSource - HikariPool-1 - Shutdown completed.
2024-12-15 14:26:01 INFO  c.e.demo.HhRecruiterApplicationKt - Starting HhRecruiterApplicationKt using Java 17.0.13 with PID 91891 (/Users/macygabr/Projects/hhRecruiter/build/classes/kotlin/main started by macygabr in /Users/macygabr/Projects/hhRecruiter)
2024-12-15 14:26:01 DEBUG c.e.demo.HhRecruiterApplicationKt - Running with Spring Boot v3.3.4, Spring v6.1.13
2024-12-15 14:26:01 INFO  c.e.demo.HhRecruiterApplicationKt - No active profile set, falling back to 1 default profile: "default"
2024-12-15 14:26:01 INFO  o.s.d.r.c.RepositoryConfigurationDelegate - Bootstrapping Spring Data JPA repositories in DEFAULT mode.
2024-12-15 14:26:01 INFO  o.s.d.r.c.RepositoryConfigurationDelegate - Finished Spring Data repository scanning in 108 ms. Found 4 JPA repository interfaces.
2024-12-15 14:26:02 INFO  o.s.b.w.e.tomcat.TomcatWebServer - Tomcat initialized with port 8080 (http)
2024-12-15 14:26:02 INFO  o.a.coyote.http11.Http11NioProtocol - Initializing ProtocolHandler ["http-nio-8080"]
2024-12-15 14:26:02 INFO  o.a.catalina.core.StandardService - Starting service [Tomcat]
2024-12-15 14:26:02 INFO  o.a.catalina.core.StandardEngine - Starting Servlet engine: [Apache Tomcat/10.1.30]
2024-12-15 14:26:02 INFO  o.a.c.c.C.[Tomcat].[localhost].[/] - Initializing Spring embedded WebApplicationContext
2024-12-15 14:26:02 INFO  o.s.b.w.s.c.ServletWebServerApplicationContext - Root WebApplicationContext: initialization completed in 1189 ms
2024-12-15 14:26:02 INFO  o.h.jpa.internal.util.LogHelper - HHH000204: Processing PersistenceUnitInfo [name: default]
2024-12-15 14:26:02 INFO  org.hibernate.Version - HHH000412: Hibernate ORM core version 6.5.3.Final
2024-12-15 14:26:02 INFO  o.h.c.i.RegionFactoryInitiator - HHH000026: Second-level cache disabled
2024-12-15 14:26:02 INFO  o.s.o.j.p.SpringPersistenceUnitInfo - No LoadTimeWeaver setup: ignoring JPA class transformer
2024-12-15 14:26:02 INFO  com.zaxxer.hikari.HikariDataSource - HikariPool-1 - Starting...
2024-12-15 14:26:04 INFO  com.zaxxer.hikari.pool.HikariPool - HikariPool-1 - Added connection org.postgresql.jdbc.PgConnection@5487a8f1
2024-12-15 14:26:04 INFO  com.zaxxer.hikari.HikariDataSource - HikariPool-1 - Start completed.
2024-12-15 14:26:05 INFO  o.h.e.t.j.p.i.JtaPlatformInitiator - HHH000489: No JTA platform available (set 'hibernate.transaction.jta.platform' to enable JTA platform integration)
2024-12-15 14:26:09 INFO  o.s.o.j.LocalContainerEntityManagerFactoryBean - Initialized JPA EntityManagerFactory for persistence unit 'default'
2024-12-15 14:26:09 WARN  o.s.b.a.o.j.JpaBaseConfiguration$JpaWebConfiguration - spring.jpa.open-in-view is enabled by default. Therefore, database queries may be performed during view rendering. Explicitly configure spring.jpa.open-in-view to disable this warning
2024-12-15 14:26:09 INFO  o.a.coyote.http11.Http11NioProtocol - Starting ProtocolHandler ["http-nio-8080"]
2024-12-15 14:26:09 INFO  o.s.b.w.e.tomcat.TomcatWebServer - Tomcat started on port 8080 (http) with context path '/'
2024-12-15 14:26:09 INFO  o.a.k.c.consumer.ConsumerConfig - ConsumerConfig values: 
	allow.auto.create.topics = true
	auto.commit.interval.ms = 5000
	auto.include.jmx.reporter = true
	auto.offset.reset = latest
	bootstrap.servers = [37.194.168.90:9092]
	check.crcs = true
	client.dns.lookup = use_all_dns_ips
	client.id = consumer-auth_service-1
	client.rack = 
	connections.max.idle.ms = 540000
	default.api.timeout.ms = 60000
	enable.auto.commit = false
	enable.metrics.push = true
	exclude.internal.topics = true
	fetch.max.bytes = 52428800
	fetch.max.wait.ms = 500
	fetch.min.bytes = 1
	group.id = auth_service
	group.instance.id = null
	group.protocol = classic
	group.remote.assignor = null
	heartbeat.interval.ms = 3000
	interceptor.classes = []
	internal.leave.group.on.close = true
	internal.throw.on.fetch.stable.offset.unsupported = false
	isolation.level = read_uncommitted
	key.deserializer = class org.apache.kafka.common.serialization.StringDeserializer
	max.partition.fetch.bytes = 1048576
	max.poll.interval.ms = 300000
	max.poll.records = 500
	metadata.max.age.ms = 300000
	metric.reporters = []
	metrics.num.samples = 2
	metrics.recording.level = INFO
	metrics.sample.window.ms = 30000
	partition.assignment.strategy = [class org.apache.kafka.clients.consumer.RangeAssignor, class org.apache.kafka.clients.consumer.CooperativeStickyAssignor]
	receive.buffer.bytes = 65536
	reconnect.backoff.max.ms = 1000
	reconnect.backoff.ms = 50
	request.timeout.ms = 30000
	retry.backoff.max.ms = 1000
	retry.backoff.ms = 100
	sasl.client.callback.handler.class = null
	sasl.jaas.config = null
	sasl.kerberos.kinit.cmd = /usr/bin/kinit
	sasl.kerberos.min.time.before.relogin = 60000
	sasl.kerberos.service.name = null
	sasl.kerberos.ticket.renew.jitter = 0.05
	sasl.kerberos.ticket.renew.window.factor = 0.8
	sasl.login.callback.handler.class = null
	sasl.login.class = null
	sasl.login.connect.timeout.ms = null
	sasl.login.read.timeout.ms = null
	sasl.login.refresh.buffer.seconds = 300
	sasl.login.refresh.min.period.seconds = 60
	sasl.login.refresh.window.factor = 0.8
	sasl.login.refresh.window.jitter = 0.05
	sasl.login.retry.backoff.max.ms = 10000
	sasl.login.retry.backoff.ms = 100
	sasl.mechanism = GSSAPI
	sasl.oauthbearer.clock.skew.seconds = 30
	sasl.oauthbearer.expected.audience = null
	sasl.oauthbearer.expected.issuer = null
	sasl.oauthbearer.jwks.endpoint.refresh.ms = 3600000
	sasl.oauthbearer.jwks.endpoint.retry.backoff.max.ms = 10000
	sasl.oauthbearer.jwks.endpoint.retry.backoff.ms = 100
	sasl.oauthbearer.jwks.endpoint.url = null
	sasl.oauthbearer.scope.claim.name = scope
	sasl.oauthbearer.sub.claim.name = sub
	sasl.oauthbearer.token.endpoint.url = null
	security.protocol = PLAINTEXT
	security.providers = null
	send.buffer.bytes = 131072
	session.timeout.ms = 45000
	socket.connection.setup.timeout.max.ms = 30000
	socket.connection.setup.timeout.ms = 10000
	ssl.cipher.suites = null
	ssl.enabled.protocols = [TLSv1.2, TLSv1.3]
	ssl.endpoint.identification.algorithm = https
	ssl.engine.factory.class = null
	ssl.key.password = null
	ssl.keymanager.algorithm = SunX509
	ssl.keystore.certificate.chain = null
	ssl.keystore.key = null
	ssl.keystore.location = null
	ssl.keystore.password = null
	ssl.keystore.type = JKS
	ssl.protocol = TLSv1.3
	ssl.provider = null
	ssl.secure.random.implementation = null
	ssl.trustmanager.algorithm = PKIX
	ssl.truststore.certificates = null
	ssl.truststore.location = null
	ssl.truststore.password = null
	ssl.truststore.type = JKS
	value.deserializer = class org.apache.kafka.common.serialization.StringDeserializer

2024-12-15 14:26:09 INFO  o.a.k.c.t.i.KafkaMetricsCollector - initializing Kafka metrics collector
2024-12-15 14:26:09 INFO  o.a.kafka.common.utils.AppInfoParser - Kafka version: 3.7.1
2024-12-15 14:26:09 INFO  o.a.kafka.common.utils.AppInfoParser - Kafka commitId: e2494e6ffb89f828
2024-12-15 14:26:09 INFO  o.a.kafka.common.utils.AppInfoParser - Kafka startTimeMs: 1734247569947
2024-12-15 14:26:09 INFO  o.a.k.c.c.i.LegacyKafkaConsumer - [Consumer clientId=consumer-auth_service-1, groupId=auth_service] Subscribed to topic(s): ping
2024-12-15 14:26:09 INFO  o.a.k.c.consumer.ConsumerConfig - ConsumerConfig values: 
	allow.auto.create.topics = true
	auto.commit.interval.ms = 5000
	auto.include.jmx.reporter = true
	auto.offset.reset = latest
	bootstrap.servers = [37.194.168.90:9092]
	check.crcs = true
	client.dns.lookup = use_all_dns_ips
	client.id = consumer-auth_service-2
	client.rack = 
	connections.max.idle.ms = 540000
	default.api.timeout.ms = 60000
	enable.auto.commit = false
	enable.metrics.push = true
	exclude.internal.topics = true
	fetch.max.bytes = 52428800
	fetch.max.wait.ms = 500
	fetch.min.bytes = 1
	group.id = auth_service
	group.instance.id = null
	group.protocol = classic
	group.remote.assignor = null
	heartbeat.interval.ms = 3000
	interceptor.classes = []
	internal.leave.group.on.close = true
	internal.throw.on.fetch.stable.offset.unsupported = false
	isolation.level = read_uncommitted
	key.deserializer = class org.apache.kafka.common.serialization.StringDeserializer
	max.partition.fetch.bytes = 1048576
	max.poll.interval.ms = 300000
	max.poll.records = 500
	metadata.max.age.ms = 300000
	metric.reporters = []
	metrics.num.samples = 2
	metrics.recording.level = INFO
	metrics.sample.window.ms = 30000
	partition.assignment.strategy = [class org.apache.kafka.clients.consumer.RangeAssignor, class org.apache.kafka.clients.consumer.CooperativeStickyAssignor]
	receive.buffer.bytes = 65536
	reconnect.backoff.max.ms = 1000
	reconnect.backoff.ms = 50
	request.timeout.ms = 30000
	retry.backoff.max.ms = 1000
	retry.backoff.ms = 100
	sasl.client.callback.handler.class = null
	sasl.jaas.config = null
	sasl.kerberos.kinit.cmd = /usr/bin/kinit
	sasl.kerberos.min.time.before.relogin = 60000
	sasl.kerberos.service.name = null
	sasl.kerberos.ticket.renew.jitter = 0.05
	sasl.kerberos.ticket.renew.window.factor = 0.8
	sasl.login.callback.handler.class = null
	sasl.login.class = null
	sasl.login.connect.timeout.ms = null
	sasl.login.read.timeout.ms = null
	sasl.login.refresh.buffer.seconds = 300
	sasl.login.refresh.min.period.seconds = 60
	sasl.login.refresh.window.factor = 0.8
	sasl.login.refresh.window.jitter = 0.05
	sasl.login.retry.backoff.max.ms = 10000
	sasl.login.retry.backoff.ms = 100
	sasl.mechanism = GSSAPI
	sasl.oauthbearer.clock.skew.seconds = 30
	sasl.oauthbearer.expected.audience = null
	sasl.oauthbearer.expected.issuer = null
	sasl.oauthbearer.jwks.endpoint.refresh.ms = 3600000
	sasl.oauthbearer.jwks.endpoint.retry.backoff.max.ms = 10000
	sasl.oauthbearer.jwks.endpoint.retry.backoff.ms = 100
	sasl.oauthbearer.jwks.endpoint.url = null
	sasl.oauthbearer.scope.claim.name = scope
	sasl.oauthbearer.sub.claim.name = sub
	sasl.oauthbearer.token.endpoint.url = null
	security.protocol = PLAINTEXT
	security.providers = null
	send.buffer.bytes = 131072
	session.timeout.ms = 45000
	socket.connection.setup.timeout.max.ms = 30000
	socket.connection.setup.timeout.ms = 10000
	ssl.cipher.suites = null
	ssl.enabled.protocols = [TLSv1.2, TLSv1.3]
	ssl.endpoint.identification.algorithm = https
	ssl.engine.factory.class = null
	ssl.key.password = null
	ssl.keymanager.algorithm = SunX509
	ssl.keystore.certificate.chain = null
	ssl.keystore.key = null
	ssl.keystore.location = null
	ssl.keystore.password = null
	ssl.keystore.type = JKS
	ssl.protocol = TLSv1.3
	ssl.provider = null
	ssl.secure.random.implementation = null
	ssl.trustmanager.algorithm = PKIX
	ssl.truststore.certificates = null
	ssl.truststore.location = null
	ssl.truststore.password = null
	ssl.truststore.type = JKS
	value.deserializer = class org.apache.kafka.common.serialization.StringDeserializer

2024-12-15 14:26:09 INFO  o.a.k.c.t.i.KafkaMetricsCollector - initializing Kafka metrics collector
2024-12-15 14:26:09 INFO  o.a.kafka.common.utils.AppInfoParser - Kafka version: 3.7.1
2024-12-15 14:26:09 INFO  o.a.kafka.common.utils.AppInfoParser - Kafka commitId: e2494e6ffb89f828
2024-12-15 14:26:09 INFO  o.a.kafka.common.utils.AppInfoParser - Kafka startTimeMs: 1734247569960
2024-12-15 14:26:09 INFO  o.a.k.c.c.i.LegacyKafkaConsumer - [Consumer clientId=consumer-auth_service-2, groupId=auth_service] Subscribed to topic(s): profile
2024-12-15 14:26:09 INFO  o.a.k.c.consumer.ConsumerConfig - ConsumerConfig values: 
	allow.auto.create.topics = true
	auto.commit.interval.ms = 5000
	auto.include.jmx.reporter = true
	auto.offset.reset = latest
	bootstrap.servers = [37.194.168.90:9092]
	check.crcs = true
	client.dns.lookup = use_all_dns_ips
	client.id = consumer-auth_service-3
	client.rack = 
	connections.max.idle.ms = 540000
	default.api.timeout.ms = 60000
	enable.auto.commit = false
	enable.metrics.push = true
	exclude.internal.topics = true
	fetch.max.bytes = 52428800
	fetch.max.wait.ms = 500
	fetch.min.bytes = 1
	group.id = auth_service
	group.instance.id = null
	group.protocol = classic
	group.remote.assignor = null
	heartbeat.interval.ms = 3000
	interceptor.classes = []
	internal.leave.group.on.close = true
	internal.throw.on.fetch.stable.offset.unsupported = false
	isolation.level = read_uncommitted
	key.deserializer = class org.apache.kafka.common.serialization.StringDeserializer
	max.partition.fetch.bytes = 1048576
	max.poll.interval.ms = 300000
	max.poll.records = 500
	metadata.max.age.ms = 300000
	metric.reporters = []
	metrics.num.samples = 2
	metrics.recording.level = INFO
	metrics.sample.window.ms = 30000
	partition.assignment.strategy = [class org.apache.kafka.clients.consumer.RangeAssignor, class org.apache.kafka.clients.consumer.CooperativeStickyAssignor]
	receive.buffer.bytes = 65536
	reconnect.backoff.max.ms = 1000
	reconnect.backoff.ms = 50
	request.timeout.ms = 30000
	retry.backoff.max.ms = 1000
	retry.backoff.ms = 100
	sasl.client.callback.handler.class = null
	sasl.jaas.config = null
	sasl.kerberos.kinit.cmd = /usr/bin/kinit
	sasl.kerberos.min.time.before.relogin = 60000
	sasl.kerberos.service.name = null
	sasl.kerberos.ticket.renew.jitter = 0.05
	sasl.kerberos.ticket.renew.window.factor = 0.8
	sasl.login.callback.handler.class = null
	sasl.login.class = null
	sasl.login.connect.timeout.ms = null
	sasl.login.read.timeout.ms = null
	sasl.login.refresh.buffer.seconds = 300
	sasl.login.refresh.min.period.seconds = 60
	sasl.login.refresh.window.factor = 0.8
	sasl.login.refresh.window.jitter = 0.05
	sasl.login.retry.backoff.max.ms = 10000
	sasl.login.retry.backoff.ms = 100
	sasl.mechanism = GSSAPI
	sasl.oauthbearer.clock.skew.seconds = 30
	sasl.oauthbearer.expected.audience = null
	sasl.oauthbearer.expected.issuer = null
	sasl.oauthbearer.jwks.endpoint.refresh.ms = 3600000
	sasl.oauthbearer.jwks.endpoint.retry.backoff.max.ms = 10000
	sasl.oauthbearer.jwks.endpoint.retry.backoff.ms = 100
	sasl.oauthbearer.jwks.endpoint.url = null
	sasl.oauthbearer.scope.claim.name = scope
	sasl.oauthbearer.sub.claim.name = sub
	sasl.oauthbearer.token.endpoint.url = null
	security.protocol = PLAINTEXT
	security.providers = null
	send.buffer.bytes = 131072
	session.timeout.ms = 45000
	socket.connection.setup.timeout.max.ms = 30000
	socket.connection.setup.timeout.ms = 10000
	ssl.cipher.suites = null
	ssl.enabled.protocols = [TLSv1.2, TLSv1.3]
	ssl.endpoint.identification.algorithm = https
	ssl.engine.factory.class = null
	ssl.key.password = null
	ssl.keymanager.algorithm = SunX509
	ssl.keystore.certificate.chain = null
	ssl.keystore.key = null
	ssl.keystore.location = null
	ssl.keystore.password = null
	ssl.keystore.type = JKS
	ssl.protocol = TLSv1.3
	ssl.provider = null
	ssl.secure.random.implementation = null
	ssl.trustmanager.algorithm = PKIX
	ssl.truststore.certificates = null
	ssl.truststore.location = null
	ssl.truststore.password = null
	ssl.truststore.type = JKS
	value.deserializer = class org.apache.kafka.common.serialization.StringDeserializer

2024-12-15 14:26:09 INFO  o.a.k.c.t.i.KafkaMetricsCollector - initializing Kafka metrics collector
2024-12-15 14:26:09 INFO  o.a.kafka.common.utils.AppInfoParser - Kafka version: 3.7.1
2024-12-15 14:26:09 INFO  o.a.kafka.common.utils.AppInfoParser - Kafka commitId: e2494e6ffb89f828
2024-12-15 14:26:09 INFO  o.a.kafka.common.utils.AppInfoParser - Kafka startTimeMs: 1734247569966
2024-12-15 14:26:09 INFO  o.a.k.c.c.i.LegacyKafkaConsumer - [Consumer clientId=consumer-auth_service-3, groupId=auth_service] Subscribed to topic(s): stop
2024-12-15 14:26:09 INFO  o.a.k.c.consumer.ConsumerConfig - ConsumerConfig values: 
	allow.auto.create.topics = true
	auto.commit.interval.ms = 5000
	auto.include.jmx.reporter = true
	auto.offset.reset = latest
	bootstrap.servers = [37.194.168.90:9092]
	check.crcs = true
	client.dns.lookup = use_all_dns_ips
	client.id = consumer-auth_service-4
	client.rack = 
	connections.max.idle.ms = 540000
	default.api.timeout.ms = 60000
	enable.auto.commit = false
	enable.metrics.push = true
	exclude.internal.topics = true
	fetch.max.bytes = 52428800
	fetch.max.wait.ms = 500
	fetch.min.bytes = 1
	group.id = auth_service
	group.instance.id = null
	group.protocol = classic
	group.remote.assignor = null
	heartbeat.interval.ms = 3000
	interceptor.classes = []
	internal.leave.group.on.close = true
	internal.throw.on.fetch.stable.offset.unsupported = false
	isolation.level = read_uncommitted
	key.deserializer = class org.apache.kafka.common.serialization.StringDeserializer
	max.partition.fetch.bytes = 1048576
	max.poll.interval.ms = 300000
	max.poll.records = 500
	metadata.max.age.ms = 300000
	metric.reporters = []
	metrics.num.samples = 2
	metrics.recording.level = INFO
	metrics.sample.window.ms = 30000
	partition.assignment.strategy = [class org.apache.kafka.clients.consumer.RangeAssignor, class org.apache.kafka.clients.consumer.CooperativeStickyAssignor]
	receive.buffer.bytes = 65536
	reconnect.backoff.max.ms = 1000
	reconnect.backoff.ms = 50
	request.timeout.ms = 30000
	retry.backoff.max.ms = 1000
	retry.backoff.ms = 100
	sasl.client.callback.handler.class = null
	sasl.jaas.config = null
	sasl.kerberos.kinit.cmd = /usr/bin/kinit
	sasl.kerberos.min.time.before.relogin = 60000
	sasl.kerberos.service.name = null
	sasl.kerberos.ticket.renew.jitter = 0.05
	sasl.kerberos.ticket.renew.window.factor = 0.8
	sasl.login.callback.handler.class = null
	sasl.login.class = null
	sasl.login.connect.timeout.ms = null
	sasl.login.read.timeout.ms = null
	sasl.login.refresh.buffer.seconds = 300
	sasl.login.refresh.min.period.seconds = 60
	sasl.login.refresh.window.factor = 0.8
	sasl.login.refresh.window.jitter = 0.05
	sasl.login.retry.backoff.max.ms = 10000
	sasl.login.retry.backoff.ms = 100
	sasl.mechanism = GSSAPI
	sasl.oauthbearer.clock.skew.seconds = 30
	sasl.oauthbearer.expected.audience = null
	sasl.oauthbearer.expected.issuer = null
	sasl.oauthbearer.jwks.endpoint.refresh.ms = 3600000
	sasl.oauthbearer.jwks.endpoint.retry.backoff.max.ms = 10000
	sasl.oauthbearer.jwks.endpoint.retry.backoff.ms = 100
	sasl.oauthbearer.jwks.endpoint.url = null
	sasl.oauthbearer.scope.claim.name = scope
	sasl.oauthbearer.sub.claim.name = sub
	sasl.oauthbearer.token.endpoint.url = null
	security.protocol = PLAINTEXT
	security.providers = null
	send.buffer.bytes = 131072
	session.timeout.ms = 45000
	socket.connection.setup.timeout.max.ms = 30000
	socket.connection.setup.timeout.ms = 10000
	ssl.cipher.suites = null
	ssl.enabled.protocols = [TLSv1.2, TLSv1.3]
	ssl.endpoint.identification.algorithm = https
	ssl.engine.factory.class = null
	ssl.key.password = null
	ssl.keymanager.algorithm = SunX509
	ssl.keystore.certificate.chain = null
	ssl.keystore.key = null
	ssl.keystore.location = null
	ssl.keystore.password = null
	ssl.keystore.type = JKS
	ssl.protocol = TLSv1.3
	ssl.provider = null
	ssl.secure.random.implementation = null
	ssl.trustmanager.algorithm = PKIX
	ssl.truststore.certificates = null
	ssl.truststore.location = null
	ssl.truststore.password = null
	ssl.truststore.type = JKS
	value.deserializer = class org.apache.kafka.common.serialization.StringDeserializer

2024-12-15 14:26:09 INFO  o.a.k.c.t.i.KafkaMetricsCollector - initializing Kafka metrics collector
2024-12-15 14:26:09 INFO  o.a.kafka.common.utils.AppInfoParser - Kafka version: 3.7.1
2024-12-15 14:26:09 INFO  o.a.kafka.common.utils.AppInfoParser - Kafka commitId: e2494e6ffb89f828
2024-12-15 14:26:09 INFO  o.a.kafka.common.utils.AppInfoParser - Kafka startTimeMs: 1734247569972
2024-12-15 14:26:09 INFO  o.a.k.c.c.i.LegacyKafkaConsumer - [Consumer clientId=consumer-auth_service-4, groupId=auth_service] Subscribed to topic(s): status
2024-12-15 14:26:09 INFO  o.a.k.c.consumer.ConsumerConfig - ConsumerConfig values: 
	allow.auto.create.topics = true
	auto.commit.interval.ms = 5000
	auto.include.jmx.reporter = true
	auto.offset.reset = latest
	bootstrap.servers = [37.194.168.90:9092]
	check.crcs = true
	client.dns.lookup = use_all_dns_ips
	client.id = consumer-auth_service-5
	client.rack = 
	connections.max.idle.ms = 540000
	default.api.timeout.ms = 60000
	enable.auto.commit = false
	enable.metrics.push = true
	exclude.internal.topics = true
	fetch.max.bytes = 52428800
	fetch.max.wait.ms = 500
	fetch.min.bytes = 1
	group.id = auth_service
	group.instance.id = null
	group.protocol = classic
	group.remote.assignor = null
	heartbeat.interval.ms = 3000
	interceptor.classes = []
	internal.leave.group.on.close = true
	internal.throw.on.fetch.stable.offset.unsupported = false
	isolation.level = read_uncommitted
	key.deserializer = class org.apache.kafka.common.serialization.StringDeserializer
	max.partition.fetch.bytes = 1048576
	max.poll.interval.ms = 300000
	max.poll.records = 500
	metadata.max.age.ms = 300000
	metric.reporters = []
	metrics.num.samples = 2
	metrics.recording.level = INFO
	metrics.sample.window.ms = 30000
	partition.assignment.strategy = [class org.apache.kafka.clients.consumer.RangeAssignor, class org.apache.kafka.clients.consumer.CooperativeStickyAssignor]
	receive.buffer.bytes = 65536
	reconnect.backoff.max.ms = 1000
	reconnect.backoff.ms = 50
	request.timeout.ms = 30000
	retry.backoff.max.ms = 1000
	retry.backoff.ms = 100
	sasl.client.callback.handler.class = null
	sasl.jaas.config = null
	sasl.kerberos.kinit.cmd = /usr/bin/kinit
	sasl.kerberos.min.time.before.relogin = 60000
	sasl.kerberos.service.name = null
	sasl.kerberos.ticket.renew.jitter = 0.05
	sasl.kerberos.ticket.renew.window.factor = 0.8
	sasl.login.callback.handler.class = null
	sasl.login.class = null
	sasl.login.connect.timeout.ms = null
	sasl.login.read.timeout.ms = null
	sasl.login.refresh.buffer.seconds = 300
	sasl.login.refresh.min.period.seconds = 60
	sasl.login.refresh.window.factor = 0.8
	sasl.login.refresh.window.jitter = 0.05
	sasl.login.retry.backoff.max.ms = 10000
	sasl.login.retry.backoff.ms = 100
	sasl.mechanism = GSSAPI
	sasl.oauthbearer.clock.skew.seconds = 30
	sasl.oauthbearer.expected.audience = null
	sasl.oauthbearer.expected.issuer = null
	sasl.oauthbearer.jwks.endpoint.refresh.ms = 3600000
	sasl.oauthbearer.jwks.endpoint.retry.backoff.max.ms = 10000
	sasl.oauthbearer.jwks.endpoint.retry.backoff.ms = 100
	sasl.oauthbearer.jwks.endpoint.url = null
	sasl.oauthbearer.scope.claim.name = scope
	sasl.oauthbearer.sub.claim.name = sub
	sasl.oauthbearer.token.endpoint.url = null
	security.protocol = PLAINTEXT
	security.providers = null
	send.buffer.bytes = 131072
	session.timeout.ms = 45000
	socket.connection.setup.timeout.max.ms = 30000
	socket.connection.setup.timeout.ms = 10000
	ssl.cipher.suites = null
	ssl.enabled.protocols = [TLSv1.2, TLSv1.3]
	ssl.endpoint.identification.algorithm = https
	ssl.engine.factory.class = null
	ssl.key.password = null
	ssl.keymanager.algorithm = SunX509
	ssl.keystore.certificate.chain = null
	ssl.keystore.key = null
	ssl.keystore.location = null
	ssl.keystore.password = null
	ssl.keystore.type = JKS
	ssl.protocol = TLSv1.3
	ssl.provider = null
	ssl.secure.random.implementation = null
	ssl.trustmanager.algorithm = PKIX
	ssl.truststore.certificates = null
	ssl.truststore.location = null
	ssl.truststore.password = null
	ssl.truststore.type = JKS
	value.deserializer = class org.apache.kafka.common.serialization.StringDeserializer

2024-12-15 14:26:09 INFO  o.a.k.c.t.i.KafkaMetricsCollector - initializing Kafka metrics collector
2024-12-15 14:26:09 INFO  o.a.kafka.common.utils.AppInfoParser - Kafka version: 3.7.1
2024-12-15 14:26:09 INFO  o.a.kafka.common.utils.AppInfoParser - Kafka commitId: e2494e6ffb89f828
2024-12-15 14:26:09 INFO  o.a.kafka.common.utils.AppInfoParser - Kafka startTimeMs: 1734247569978
2024-12-15 14:26:09 INFO  o.a.k.c.c.i.LegacyKafkaConsumer - [Consumer clientId=consumer-auth_service-5, groupId=auth_service] Subscribed to topic(s): getLink
2024-12-15 14:26:09 INFO  o.a.k.c.consumer.ConsumerConfig - ConsumerConfig values: 
	allow.auto.create.topics = true
	auto.commit.interval.ms = 5000
	auto.include.jmx.reporter = true
	auto.offset.reset = latest
	bootstrap.servers = [37.194.168.90:9092]
	check.crcs = true
	client.dns.lookup = use_all_dns_ips
	client.id = consumer-auth_service-6
	client.rack = 
	connections.max.idle.ms = 540000
	default.api.timeout.ms = 60000
	enable.auto.commit = false
	enable.metrics.push = true
	exclude.internal.topics = true
	fetch.max.bytes = 52428800
	fetch.max.wait.ms = 500
	fetch.min.bytes = 1
	group.id = auth_service
	group.instance.id = null
	group.protocol = classic
	group.remote.assignor = null
	heartbeat.interval.ms = 3000
	interceptor.classes = []
	internal.leave.group.on.close = true
	internal.throw.on.fetch.stable.offset.unsupported = false
	isolation.level = read_uncommitted
	key.deserializer = class org.apache.kafka.common.serialization.StringDeserializer
	max.partition.fetch.bytes = 1048576
	max.poll.interval.ms = 300000
	max.poll.records = 500
	metadata.max.age.ms = 300000
	metric.reporters = []
	metrics.num.samples = 2
	metrics.recording.level = INFO
	metrics.sample.window.ms = 30000
	partition.assignment.strategy = [class org.apache.kafka.clients.consumer.RangeAssignor, class org.apache.kafka.clients.consumer.CooperativeStickyAssignor]
	receive.buffer.bytes = 65536
	reconnect.backoff.max.ms = 1000
	reconnect.backoff.ms = 50
	request.timeout.ms = 30000
	retry.backoff.max.ms = 1000
	retry.backoff.ms = 100
	sasl.client.callback.handler.class = null
	sasl.jaas.config = null
	sasl.kerberos.kinit.cmd = /usr/bin/kinit
	sasl.kerberos.min.time.before.relogin = 60000
	sasl.kerberos.service.name = null
	sasl.kerberos.ticket.renew.jitter = 0.05
	sasl.kerberos.ticket.renew.window.factor = 0.8
	sasl.login.callback.handler.class = null
	sasl.login.class = null
	sasl.login.connect.timeout.ms = null
	sasl.login.read.timeout.ms = null
	sasl.login.refresh.buffer.seconds = 300
	sasl.login.refresh.min.period.seconds = 60
	sasl.login.refresh.window.factor = 0.8
	sasl.login.refresh.window.jitter = 0.05
	sasl.login.retry.backoff.max.ms = 10000
	sasl.login.retry.backoff.ms = 100
	sasl.mechanism = GSSAPI
	sasl.oauthbearer.clock.skew.seconds = 30
	sasl.oauthbearer.expected.audience = null
	sasl.oauthbearer.expected.issuer = null
	sasl.oauthbearer.jwks.endpoint.refresh.ms = 3600000
	sasl.oauthbearer.jwks.endpoint.retry.backoff.max.ms = 10000
	sasl.oauthbearer.jwks.endpoint.retry.backoff.ms = 100
	sasl.oauthbearer.jwks.endpoint.url = null
	sasl.oauthbearer.scope.claim.name = scope
	sasl.oauthbearer.sub.claim.name = sub
	sasl.oauthbearer.token.endpoint.url = null
	security.protocol = PLAINTEXT
	security.providers = null
	send.buffer.bytes = 131072
	session.timeout.ms = 45000
	socket.connection.setup.timeout.max.ms = 30000
	socket.connection.setup.timeout.ms = 10000
	ssl.cipher.suites = null
	ssl.enabled.protocols = [TLSv1.2, TLSv1.3]
	ssl.endpoint.identification.algorithm = https
	ssl.engine.factory.class = null
	ssl.key.password = null
	ssl.keymanager.algorithm = SunX509
	ssl.keystore.certificate.chain = null
	ssl.keystore.key = null
	ssl.keystore.location = null
	ssl.keystore.password = null
	ssl.keystore.type = JKS
	ssl.protocol = TLSv1.3
	ssl.provider = null
	ssl.secure.random.implementation = null
	ssl.trustmanager.algorithm = PKIX
	ssl.truststore.certificates = null
	ssl.truststore.location = null
	ssl.truststore.password = null
	ssl.truststore.type = JKS
	value.deserializer = class org.apache.kafka.common.serialization.StringDeserializer

2024-12-15 14:26:09 INFO  o.a.k.c.t.i.KafkaMetricsCollector - initializing Kafka metrics collector
2024-12-15 14:26:09 INFO  o.a.kafka.common.utils.AppInfoParser - Kafka version: 3.7.1
2024-12-15 14:26:09 INFO  o.a.kafka.common.utils.AppInfoParser - Kafka commitId: e2494e6ffb89f828
2024-12-15 14:26:09 INFO  o.a.kafka.common.utils.AppInfoParser - Kafka startTimeMs: 1734247569983
2024-12-15 14:26:09 INFO  o.a.k.c.c.i.LegacyKafkaConsumer - [Consumer clientId=consumer-auth_service-6, groupId=auth_service] Subscribed to topic(s): registry
2024-12-15 14:26:09 INFO  o.a.k.c.consumer.ConsumerConfig - ConsumerConfig values: 
	allow.auto.create.topics = true
	auto.commit.interval.ms = 5000
	auto.include.jmx.reporter = true
	auto.offset.reset = latest
	bootstrap.servers = [37.194.168.90:9092]
	check.crcs = true
	client.dns.lookup = use_all_dns_ips
	client.id = consumer-auth_service-7
	client.rack = 
	connections.max.idle.ms = 540000
	default.api.timeout.ms = 60000
	enable.auto.commit = false
	enable.metrics.push = true
	exclude.internal.topics = true
	fetch.max.bytes = 52428800
	fetch.max.wait.ms = 500
	fetch.min.bytes = 1
	group.id = auth_service
	group.instance.id = null
	group.protocol = classic
	group.remote.assignor = null
	heartbeat.interval.ms = 3000
	interceptor.classes = []
	internal.leave.group.on.close = true
	internal.throw.on.fetch.stable.offset.unsupported = false
	isolation.level = read_uncommitted
	key.deserializer = class org.apache.kafka.common.serialization.StringDeserializer
	max.partition.fetch.bytes = 1048576
	max.poll.interval.ms = 300000
	max.poll.records = 500
	metadata.max.age.ms = 300000
	metric.reporters = []
	metrics.num.samples = 2
	metrics.recording.level = INFO
	metrics.sample.window.ms = 30000
	partition.assignment.strategy = [class org.apache.kafka.clients.consumer.RangeAssignor, class org.apache.kafka.clients.consumer.CooperativeStickyAssignor]
	receive.buffer.bytes = 65536
	reconnect.backoff.max.ms = 1000
	reconnect.backoff.ms = 50
	request.timeout.ms = 30000
	retry.backoff.max.ms = 1000
	retry.backoff.ms = 100
	sasl.client.callback.handler.class = null
	sasl.jaas.config = null
	sasl.kerberos.kinit.cmd = /usr/bin/kinit
	sasl.kerberos.min.time.before.relogin = 60000
	sasl.kerberos.service.name = null
	sasl.kerberos.ticket.renew.jitter = 0.05
	sasl.kerberos.ticket.renew.window.factor = 0.8
	sasl.login.callback.handler.class = null
	sasl.login.class = null
	sasl.login.connect.timeout.ms = null
	sasl.login.read.timeout.ms = null
	sasl.login.refresh.buffer.seconds = 300
	sasl.login.refresh.min.period.seconds = 60
	sasl.login.refresh.window.factor = 0.8
	sasl.login.refresh.window.jitter = 0.05
	sasl.login.retry.backoff.max.ms = 10000
	sasl.login.retry.backoff.ms = 100
	sasl.mechanism = GSSAPI
	sasl.oauthbearer.clock.skew.seconds = 30
	sasl.oauthbearer.expected.audience = null
	sasl.oauthbearer.expected.issuer = null
	sasl.oauthbearer.jwks.endpoint.refresh.ms = 3600000
	sasl.oauthbearer.jwks.endpoint.retry.backoff.max.ms = 10000
	sasl.oauthbearer.jwks.endpoint.retry.backoff.ms = 100
	sasl.oauthbearer.jwks.endpoint.url = null
	sasl.oauthbearer.scope.claim.name = scope
	sasl.oauthbearer.sub.claim.name = sub
	sasl.oauthbearer.token.endpoint.url = null
	security.protocol = PLAINTEXT
	security.providers = null
	send.buffer.bytes = 131072
	session.timeout.ms = 45000
	socket.connection.setup.timeout.max.ms = 30000
	socket.connection.setup.timeout.ms = 10000
	ssl.cipher.suites = null
	ssl.enabled.protocols = [TLSv1.2, TLSv1.3]
	ssl.endpoint.identification.algorithm = https
	ssl.engine.factory.class = null
	ssl.key.password = null
	ssl.keymanager.algorithm = SunX509
	ssl.keystore.certificate.chain = null
	ssl.keystore.key = null
	ssl.keystore.location = null
	ssl.keystore.password = null
	ssl.keystore.type = JKS
	ssl.protocol = TLSv1.3
	ssl.provider = null
	ssl.secure.random.implementation = null
	ssl.trustmanager.algorithm = PKIX
	ssl.truststore.certificates = null
	ssl.truststore.location = null
	ssl.truststore.password = null
	ssl.truststore.type = JKS
	value.deserializer = class org.apache.kafka.common.serialization.StringDeserializer

2024-12-15 14:26:09 INFO  o.a.k.c.t.i.KafkaMetricsCollector - initializing Kafka metrics collector
2024-12-15 14:26:09 INFO  o.a.kafka.common.utils.AppInfoParser - Kafka version: 3.7.1
2024-12-15 14:26:09 INFO  o.a.kafka.common.utils.AppInfoParser - Kafka commitId: e2494e6ffb89f828
2024-12-15 14:26:09 INFO  o.a.kafka.common.utils.AppInfoParser - Kafka startTimeMs: 1734247569988
2024-12-15 14:26:09 INFO  o.a.k.c.c.i.LegacyKafkaConsumer - [Consumer clientId=consumer-auth_service-7, groupId=auth_service] Subscribed to topic(s): filter
2024-12-15 14:26:09 INFO  o.a.k.c.consumer.ConsumerConfig - ConsumerConfig values: 
	allow.auto.create.topics = true
	auto.commit.interval.ms = 5000
	auto.include.jmx.reporter = true
	auto.offset.reset = latest
	bootstrap.servers = [37.194.168.90:9092]
	check.crcs = true
	client.dns.lookup = use_all_dns_ips
	client.id = consumer-auth_service-8
	client.rack = 
	connections.max.idle.ms = 540000
	default.api.timeout.ms = 60000
	enable.auto.commit = false
	enable.metrics.push = true
	exclude.internal.topics = true
	fetch.max.bytes = 52428800
	fetch.max.wait.ms = 500
	fetch.min.bytes = 1
	group.id = auth_service
	group.instance.id = null
	group.protocol = classic
	group.remote.assignor = null
	heartbeat.interval.ms = 3000
	interceptor.classes = []
	internal.leave.group.on.close = true
	internal.throw.on.fetch.stable.offset.unsupported = false
	isolation.level = read_uncommitted
	key.deserializer = class org.apache.kafka.common.serialization.StringDeserializer
	max.partition.fetch.bytes = 1048576
	max.poll.interval.ms = 300000
	max.poll.records = 500
	metadata.max.age.ms = 300000
	metric.reporters = []
	metrics.num.samples = 2
	metrics.recording.level = INFO
	metrics.sample.window.ms = 30000
	partition.assignment.strategy = [class org.apache.kafka.clients.consumer.RangeAssignor, class org.apache.kafka.clients.consumer.CooperativeStickyAssignor]
	receive.buffer.bytes = 65536
	reconnect.backoff.max.ms = 1000
	reconnect.backoff.ms = 50
	request.timeout.ms = 30000
	retry.backoff.max.ms = 1000
	retry.backoff.ms = 100
	sasl.client.callback.handler.class = null
	sasl.jaas.config = null
	sasl.kerberos.kinit.cmd = /usr/bin/kinit
	sasl.kerberos.min.time.before.relogin = 60000
	sasl.kerberos.service.name = null
	sasl.kerberos.ticket.renew.jitter = 0.05
	sasl.kerberos.ticket.renew.window.factor = 0.8
	sasl.login.callback.handler.class = null
	sasl.login.class = null
	sasl.login.connect.timeout.ms = null
	sasl.login.read.timeout.ms = null
	sasl.login.refresh.buffer.seconds = 300
	sasl.login.refresh.min.period.seconds = 60
	sasl.login.refresh.window.factor = 0.8
	sasl.login.refresh.window.jitter = 0.05
	sasl.login.retry.backoff.max.ms = 10000
	sasl.login.retry.backoff.ms = 100
	sasl.mechanism = GSSAPI
	sasl.oauthbearer.clock.skew.seconds = 30
	sasl.oauthbearer.expected.audience = null
	sasl.oauthbearer.expected.issuer = null
	sasl.oauthbearer.jwks.endpoint.refresh.ms = 3600000
	sasl.oauthbearer.jwks.endpoint.retry.backoff.max.ms = 10000
	sasl.oauthbearer.jwks.endpoint.retry.backoff.ms = 100
	sasl.oauthbearer.jwks.endpoint.url = null
	sasl.oauthbearer.scope.claim.name = scope
	sasl.oauthbearer.sub.claim.name = sub
	sasl.oauthbearer.token.endpoint.url = null
	security.protocol = PLAINTEXT
	security.providers = null
	send.buffer.bytes = 131072
	session.timeout.ms = 45000
	socket.connection.setup.timeout.max.ms = 30000
	socket.connection.setup.timeout.ms = 10000
	ssl.cipher.suites = null
	ssl.enabled.protocols = [TLSv1.2, TLSv1.3]
	ssl.endpoint.identification.algorithm = https
	ssl.engine.factory.class = null
	ssl.key.password = null
	ssl.keymanager.algorithm = SunX509
	ssl.keystore.certificate.chain = null
	ssl.keystore.key = null
	ssl.keystore.location = null
	ssl.keystore.password = null
	ssl.keystore.type = JKS
	ssl.protocol = TLSv1.3
	ssl.provider = null
	ssl.secure.random.implementation = null
	ssl.trustmanager.algorithm = PKIX
	ssl.truststore.certificates = null
	ssl.truststore.location = null
	ssl.truststore.password = null
	ssl.truststore.type = JKS
	value.deserializer = class org.apache.kafka.common.serialization.StringDeserializer

2024-12-15 14:26:09 INFO  o.a.k.c.t.i.KafkaMetricsCollector - initializing Kafka metrics collector
2024-12-15 14:26:09 INFO  o.a.kafka.common.utils.AppInfoParser - Kafka version: 3.7.1
2024-12-15 14:26:09 INFO  o.a.kafka.common.utils.AppInfoParser - Kafka commitId: e2494e6ffb89f828
2024-12-15 14:26:09 INFO  o.a.kafka.common.utils.AppInfoParser - Kafka startTimeMs: 1734247569993
2024-12-15 14:26:09 INFO  o.a.k.c.c.i.LegacyKafkaConsumer - [Consumer clientId=consumer-auth_service-8, groupId=auth_service] Subscribed to topic(s): start
2024-12-15 14:26:10 INFO  c.e.demo.HhRecruiterApplicationKt - Started HhRecruiterApplicationKt in 9.17 seconds (process running for 9.599)
2024-12-15 14:26:10 INFO  c.e.demo.service.NotificationService - Запуск нотификации
2024-12-15 14:26:10 INFO  org.apache.kafka.clients.Metadata - [Consumer clientId=consumer-auth_service-2, groupId=auth_service] Cluster ID: rs0KtrdkQsGY2gwAHle7dQ
2024-12-15 14:26:10 INFO  org.apache.kafka.clients.Metadata - [Consumer clientId=consumer-auth_service-4, groupId=auth_service] Cluster ID: rs0KtrdkQsGY2gwAHle7dQ
2024-12-15 14:26:10 INFO  org.apache.kafka.clients.Metadata - [Consumer clientId=consumer-auth_service-6, groupId=auth_service] Cluster ID: rs0KtrdkQsGY2gwAHle7dQ
2024-12-15 14:26:10 INFO  org.apache.kafka.clients.Metadata - [Consumer clientId=consumer-auth_service-3, groupId=auth_service] Cluster ID: rs0KtrdkQsGY2gwAHle7dQ
2024-12-15 14:26:10 INFO  org.apache.kafka.clients.Metadata - [Consumer clientId=consumer-auth_service-1, groupId=auth_service] Cluster ID: rs0KtrdkQsGY2gwAHle7dQ
2024-12-15 14:26:10 INFO  org.apache.kafka.clients.Metadata - [Consumer clientId=consumer-auth_service-5, groupId=auth_service] Cluster ID: rs0KtrdkQsGY2gwAHle7dQ
2024-12-15 14:26:10 INFO  org.apache.kafka.clients.Metadata - [Consumer clientId=consumer-auth_service-8, groupId=auth_service] Cluster ID: rs0KtrdkQsGY2gwAHle7dQ
2024-12-15 14:26:10 INFO  o.a.k.c.c.i.ConsumerCoordinator - [Consumer clientId=consumer-auth_service-2, groupId=auth_service] Discovered group coordinator 37.194.168.90:9092 (id: 2147483646 rack: null)
2024-12-15 14:26:10 INFO  o.a.k.c.c.i.ConsumerCoordinator - [Consumer clientId=consumer-auth_service-8, groupId=auth_service] Discovered group coordinator 37.194.168.90:9092 (id: 2147483646 rack: null)
2024-12-15 14:26:10 INFO  o.a.k.c.c.i.ConsumerCoordinator - [Consumer clientId=consumer-auth_service-5, groupId=auth_service] Discovered group coordinator 37.194.168.90:9092 (id: 2147483646 rack: null)
2024-12-15 14:26:10 INFO  org.apache.kafka.clients.Metadata - [Consumer clientId=consumer-auth_service-7, groupId=auth_service] Cluster ID: rs0KtrdkQsGY2gwAHle7dQ
2024-12-15 14:26:10 INFO  o.a.k.c.c.i.ConsumerCoordinator - [Consumer clientId=consumer-auth_service-3, groupId=auth_service] Discovered group coordinator 37.194.168.90:9092 (id: 2147483646 rack: null)
2024-12-15 14:26:10 INFO  o.a.k.c.c.i.ConsumerCoordinator - [Consumer clientId=consumer-auth_service-4, groupId=auth_service] Discovered group coordinator 37.194.168.90:9092 (id: 2147483646 rack: null)
2024-12-15 14:26:10 INFO  o.a.k.c.c.i.ConsumerCoordinator - [Consumer clientId=consumer-auth_service-1, groupId=auth_service] Discovered group coordinator 37.194.168.90:9092 (id: 2147483646 rack: null)
2024-12-15 14:26:10 INFO  o.a.k.c.c.i.ConsumerCoordinator - [Consumer clientId=consumer-auth_service-7, groupId=auth_service] Discovered group coordinator 37.194.168.90:9092 (id: 2147483646 rack: null)
2024-12-15 14:26:10 INFO  o.a.k.c.c.i.ConsumerCoordinator - [Consumer clientId=consumer-auth_service-6, groupId=auth_service] Discovered group coordinator 37.194.168.90:9092 (id: 2147483646 rack: null)
2024-12-15 14:26:10 INFO  o.a.k.c.c.i.ConsumerCoordinator - [Consumer clientId=consumer-auth_service-7, groupId=auth_service] (Re-)joining group
2024-12-15 14:26:10 INFO  o.a.k.c.c.i.ConsumerCoordinator - [Consumer clientId=consumer-auth_service-5, groupId=auth_service] (Re-)joining group
2024-12-15 14:26:10 INFO  o.a.k.c.c.i.ConsumerCoordinator - [Consumer clientId=consumer-auth_service-6, groupId=auth_service] (Re-)joining group
2024-12-15 14:26:10 INFO  o.a.k.c.c.i.ConsumerCoordinator - [Consumer clientId=consumer-auth_service-4, groupId=auth_service] (Re-)joining group
2024-12-15 14:26:10 INFO  o.a.k.c.c.i.ConsumerCoordinator - [Consumer clientId=consumer-auth_service-2, groupId=auth_service] (Re-)joining group
2024-12-15 14:26:10 INFO  o.a.k.c.c.i.ConsumerCoordinator - [Consumer clientId=consumer-auth_service-1, groupId=auth_service] (Re-)joining group
2024-12-15 14:26:10 INFO  o.a.k.c.c.i.ConsumerCoordinator - [Consumer clientId=consumer-auth_service-8, groupId=auth_service] (Re-)joining group
2024-12-15 14:26:10 INFO  o.a.k.c.c.i.ConsumerCoordinator - [Consumer clientId=consumer-auth_service-3, groupId=auth_service] (Re-)joining group
2024-12-15 14:26:10 INFO  o.a.k.c.c.i.ConsumerCoordinator - [Consumer clientId=consumer-auth_service-7, groupId=auth_service] Request joining group due to: need to re-join with the given member-id: consumer-auth_service-7-dd7cd452-715c-44c9-82b8-872d58c1dcbe
2024-12-15 14:26:10 INFO  o.a.k.c.c.i.ConsumerCoordinator - [Consumer clientId=consumer-auth_service-5, groupId=auth_service] Request joining group due to: need to re-join with the given member-id: consumer-auth_service-5-b9503363-12c2-4261-943f-9cee3415d83a
2024-12-15 14:26:10 INFO  o.a.k.c.c.i.ConsumerCoordinator - [Consumer clientId=consumer-auth_service-3, groupId=auth_service] Request joining group due to: need to re-join with the given member-id: consumer-auth_service-3-400d14ce-5cc1-4e03-a132-3673fd688eb6
2024-12-15 14:26:10 INFO  o.a.k.c.c.i.ConsumerCoordinator - [Consumer clientId=consumer-auth_service-6, groupId=auth_service] Request joining group due to: need to re-join with the given member-id: consumer-auth_service-6-82e67b78-14de-43c2-8b31-4a0bb08a1442
2024-12-15 14:26:10 INFO  o.a.k.c.c.i.ConsumerCoordinator - [Consumer clientId=consumer-auth_service-8, groupId=auth_service] Request joining group due to: need to re-join with the given member-id: consumer-auth_service-8-2362424c-b8c7-4777-9d96-a750eafe25fc
2024-12-15 14:26:10 INFO  o.a.k.c.c.i.ConsumerCoordinator - [Consumer clientId=consumer-auth_service-3, groupId=auth_service] (Re-)joining group
2024-12-15 14:26:10 INFO  o.a.k.c.c.i.ConsumerCoordinator - [Consumer clientId=consumer-auth_service-7, groupId=auth_service] (Re-)joining group
2024-12-15 14:26:10 INFO  o.a.k.c.c.i.ConsumerCoordinator - [Consumer clientId=consumer-auth_service-5, groupId=auth_service] (Re-)joining group
2024-12-15 14:26:10 INFO  o.a.k.c.c.i.ConsumerCoordinator - [Consumer clientId=consumer-auth_service-8, groupId=auth_service] (Re-)joining group
2024-12-15 14:26:10 INFO  o.a.k.c.c.i.ConsumerCoordinator - [Consumer clientId=consumer-auth_service-6, groupId=auth_service] (Re-)joining group
2024-12-15 14:26:10 INFO  o.a.k.c.c.i.ConsumerCoordinator - [Consumer clientId=consumer-auth_service-2, groupId=auth_service] Request joining group due to: need to re-join with the given member-id: consumer-auth_service-2-1466d0c4-07c2-4736-8514-f75aaef2cfc2
2024-12-15 14:26:10 INFO  o.a.k.c.c.i.ConsumerCoordinator - [Consumer clientId=consumer-auth_service-4, groupId=auth_service] Request joining group due to: need to re-join with the given member-id: consumer-auth_service-4-2aa78622-8398-4fcc-897b-75061fa42f07
2024-12-15 14:26:10 INFO  o.a.k.c.c.i.ConsumerCoordinator - [Consumer clientId=consumer-auth_service-1, groupId=auth_service] Request joining group due to: need to re-join with the given member-id: consumer-auth_service-1-a4148b02-1a3c-4c80-84f5-c85d58304cb6
2024-12-15 14:26:10 INFO  o.a.k.c.c.i.ConsumerCoordinator - [Consumer clientId=consumer-auth_service-2, groupId=auth_service] (Re-)joining group
2024-12-15 14:26:10 INFO  o.a.k.c.c.i.ConsumerCoordinator - [Consumer clientId=consumer-auth_service-1, groupId=auth_service] (Re-)joining group
2024-12-15 14:26:10 INFO  o.a.k.c.c.i.ConsumerCoordinator - [Consumer clientId=consumer-auth_service-4, groupId=auth_service] (Re-)joining group
2024-12-15 14:26:14 INFO  o.a.k.c.c.i.ConsumerCoordinator - [Consumer clientId=consumer-auth_service-4, groupId=auth_service] Successfully joined group with generation Generation{generationId=1257, memberId='consumer-auth_service-4-2aa78622-8398-4fcc-897b-75061fa42f07', protocol='range'}
2024-12-15 14:26:14 INFO  o.a.k.c.c.i.ConsumerCoordinator - [Consumer clientId=consumer-auth_service-8, groupId=auth_service] Successfully joined group with generation Generation{generationId=1257, memberId='consumer-auth_service-8-2362424c-b8c7-4777-9d96-a750eafe25fc', protocol='range'}
2024-12-15 14:26:14 INFO  o.a.k.c.c.i.ConsumerCoordinator - [Consumer clientId=consumer-auth_service-1, groupId=auth_service] Successfully joined group with generation Generation{generationId=1257, memberId='consumer-auth_service-1-a4148b02-1a3c-4c80-84f5-c85d58304cb6', protocol='range'}
2024-12-15 14:26:14 INFO  o.a.k.c.c.i.ConsumerCoordinator - [Consumer clientId=consumer-auth_service-7, groupId=auth_service] Successfully joined group with generation Generation{generationId=1257, memberId='consumer-auth_service-7-dd7cd452-715c-44c9-82b8-872d58c1dcbe', protocol='range'}
2024-12-15 14:26:14 INFO  o.a.k.c.c.i.ConsumerCoordinator - [Consumer clientId=consumer-auth_service-3, groupId=auth_service] Successfully joined group with generation Generation{generationId=1257, memberId='consumer-auth_service-3-400d14ce-5cc1-4e03-a132-3673fd688eb6', protocol='range'}
2024-12-15 14:26:14 INFO  o.a.k.c.c.i.ConsumerCoordinator - [Consumer clientId=consumer-auth_service-5, groupId=auth_service] Successfully joined group with generation Generation{generationId=1257, memberId='consumer-auth_service-5-b9503363-12c2-4261-943f-9cee3415d83a', protocol='range'}
2024-12-15 14:26:14 INFO  o.a.k.c.c.i.ConsumerCoordinator - [Consumer clientId=consumer-auth_service-2, groupId=auth_service] Successfully joined group with generation Generation{generationId=1257, memberId='consumer-auth_service-2-1466d0c4-07c2-4736-8514-f75aaef2cfc2', protocol='range'}
2024-12-15 14:26:14 INFO  o.a.k.c.c.i.ConsumerCoordinator - [Consumer clientId=consumer-auth_service-6, groupId=auth_service] Successfully joined group with generation Generation{generationId=1257, memberId='consumer-auth_service-6-82e67b78-14de-43c2-8b31-4a0bb08a1442', protocol='range'}
2024-12-15 14:26:14 INFO  o.a.k.c.c.i.ConsumerCoordinator - [Consumer clientId=consumer-auth_service-6, groupId=auth_service] Finished assignment for group at generation 1257: {consumer-auth_service-8-2362424c-b8c7-4777-9d96-a750eafe25fc=Assignment(partitions=[start-0]), consumer-auth_service-7-dd7cd452-715c-44c9-82b8-872d58c1dcbe=Assignment(partitions=[filter-0]), consumer-auth_service-1-a4148b02-1a3c-4c80-84f5-c85d58304cb6=Assignment(partitions=[ping-0]), consumer-auth_service-4-2aa78622-8398-4fcc-897b-75061fa42f07=Assignment(partitions=[status-0]), consumer-auth_service-3-400d14ce-5cc1-4e03-a132-3673fd688eb6=Assignment(partitions=[stop-0]), consumer-auth_service-6-82e67b78-14de-43c2-8b31-4a0bb08a1442=Assignment(partitions=[registry-0]), consumer-auth_service-2-1466d0c4-07c2-4736-8514-f75aaef2cfc2=Assignment(partitions=[profile-0]), consumer-auth_service-5-b9503363-12c2-4261-943f-9cee3415d83a=Assignment(partitions=[getLink-0])}
2024-12-15 14:26:14 INFO  o.a.k.c.c.i.ConsumerCoordinator - [Consumer clientId=consumer-auth_service-4, groupId=auth_service] Successfully synced group in generation Generation{generationId=1257, memberId='consumer-auth_service-4-2aa78622-8398-4fcc-897b-75061fa42f07', protocol='range'}
2024-12-15 14:26:14 INFO  o.a.k.c.c.i.ConsumerCoordinator - [Consumer clientId=consumer-auth_service-8, groupId=auth_service] Successfully synced group in generation Generation{generationId=1257, memberId='consumer-auth_service-8-2362424c-b8c7-4777-9d96-a750eafe25fc', protocol='range'}
2024-12-15 14:26:14 INFO  o.a.k.c.c.i.ConsumerCoordinator - [Consumer clientId=consumer-auth_service-5, groupId=auth_service] Successfully synced group in generation Generation{generationId=1257, memberId='consumer-auth_service-5-b9503363-12c2-4261-943f-9cee3415d83a', protocol='range'}
2024-12-15 14:26:14 INFO  o.a.k.c.c.i.ConsumerCoordinator - [Consumer clientId=consumer-auth_service-3, groupId=auth_service] Successfully synced group in generation Generation{generationId=1257, memberId='consumer-auth_service-3-400d14ce-5cc1-4e03-a132-3673fd688eb6', protocol='range'}
2024-12-15 14:26:14 INFO  o.a.k.c.c.i.ConsumerCoordinator - [Consumer clientId=consumer-auth_service-1, groupId=auth_service] Successfully synced group in generation Generation{generationId=1257, memberId='consumer-auth_service-1-a4148b02-1a3c-4c80-84f5-c85d58304cb6', protocol='range'}
2024-12-15 14:26:14 INFO  o.a.k.c.c.i.ConsumerCoordinator - [Consumer clientId=consumer-auth_service-7, groupId=auth_service] Successfully synced group in generation Generation{generationId=1257, memberId='consumer-auth_service-7-dd7cd452-715c-44c9-82b8-872d58c1dcbe', protocol='range'}
2024-12-15 14:26:14 INFO  o.a.k.c.c.i.ConsumerCoordinator - [Consumer clientId=consumer-auth_service-2, groupId=auth_service] Successfully synced group in generation Generation{generationId=1257, memberId='consumer-auth_service-2-1466d0c4-07c2-4736-8514-f75aaef2cfc2', protocol='range'}
2024-12-15 14:26:14 INFO  o.a.k.c.c.i.ConsumerCoordinator - [Consumer clientId=consumer-auth_service-1, groupId=auth_service] Notifying assignor about the new Assignment(partitions=[ping-0])
2024-12-15 14:26:14 INFO  o.a.k.c.c.i.ConsumerCoordinator - [Consumer clientId=consumer-auth_service-4, groupId=auth_service] Notifying assignor about the new Assignment(partitions=[status-0])
2024-12-15 14:26:14 INFO  o.a.k.c.c.i.ConsumerCoordinator - [Consumer clientId=consumer-auth_service-7, groupId=auth_service] Notifying assignor about the new Assignment(partitions=[filter-0])
2024-12-15 14:26:14 INFO  o.a.k.c.c.i.ConsumerCoordinator - [Consumer clientId=consumer-auth_service-8, groupId=auth_service] Notifying assignor about the new Assignment(partitions=[start-0])
2024-12-15 14:26:14 INFO  o.a.k.c.c.i.ConsumerCoordinator - [Consumer clientId=consumer-auth_service-2, groupId=auth_service] Notifying assignor about the new Assignment(partitions=[profile-0])
2024-12-15 14:26:14 INFO  o.a.k.c.c.i.ConsumerCoordinator - [Consumer clientId=consumer-auth_service-6, groupId=auth_service] Successfully synced group in generation Generation{generationId=1257, memberId='consumer-auth_service-6-82e67b78-14de-43c2-8b31-4a0bb08a1442', protocol='range'}
2024-12-15 14:26:14 INFO  o.a.k.c.c.i.ConsumerCoordinator - [Consumer clientId=consumer-auth_service-3, groupId=auth_service] Notifying assignor about the new Assignment(partitions=[stop-0])
2024-12-15 14:26:14 INFO  o.a.k.c.c.i.ConsumerCoordinator - [Consumer clientId=consumer-auth_service-5, groupId=auth_service] Notifying assignor about the new Assignment(partitions=[getLink-0])
2024-12-15 14:26:14 INFO  o.a.k.c.c.i.ConsumerCoordinator - [Consumer clientId=consumer-auth_service-6, groupId=auth_service] Notifying assignor about the new Assignment(partitions=[registry-0])
2024-12-15 14:26:14 INFO  o.a.k.c.c.i.ConsumerRebalanceListenerInvoker - [Consumer clientId=consumer-auth_service-8, groupId=auth_service] Adding newly assigned partitions: start-0
2024-12-15 14:26:14 INFO  o.a.k.c.c.i.ConsumerRebalanceListenerInvoker - [Consumer clientId=consumer-auth_service-5, groupId=auth_service] Adding newly assigned partitions: getLink-0
2024-12-15 14:26:14 INFO  o.a.k.c.c.i.ConsumerRebalanceListenerInvoker - [Consumer clientId=consumer-auth_service-1, groupId=auth_service] Adding newly assigned partitions: ping-0
2024-12-15 14:26:14 INFO  o.a.k.c.c.i.ConsumerRebalanceListenerInvoker - [Consumer clientId=consumer-auth_service-6, groupId=auth_service] Adding newly assigned partitions: registry-0
2024-12-15 14:26:14 INFO  o.a.k.c.c.i.ConsumerRebalanceListenerInvoker - [Consumer clientId=consumer-auth_service-7, groupId=auth_service] Adding newly assigned partitions: filter-0
2024-12-15 14:26:14 INFO  o.a.k.c.c.i.ConsumerRebalanceListenerInvoker - [Consumer clientId=consumer-auth_service-4, groupId=auth_service] Adding newly assigned partitions: status-0
2024-12-15 14:26:14 INFO  o.a.k.c.c.i.ConsumerRebalanceListenerInvoker - [Consumer clientId=consumer-auth_service-2, groupId=auth_service] Adding newly assigned partitions: profile-0
2024-12-15 14:26:14 INFO  o.a.k.c.c.i.ConsumerRebalanceListenerInvoker - [Consumer clientId=consumer-auth_service-3, groupId=auth_service] Adding newly assigned partitions: stop-0
2024-12-15 14:26:14 INFO  o.a.k.c.c.internals.ConsumerUtils - Setting offset for partition status-0 to the committed offset FetchPosition{offset=85, offsetEpoch=Optional.empty, currentLeader=LeaderAndEpoch{leader=Optional[37.194.168.90:9092 (id: 1 rack: null)], epoch=0}}
2024-12-15 14:26:14 INFO  o.a.k.c.c.internals.ConsumerUtils - Setting offset for partition profile-0 to the committed offset FetchPosition{offset=60, offsetEpoch=Optional.empty, currentLeader=LeaderAndEpoch{leader=Optional[37.194.168.90:9092 (id: 1 rack: null)], epoch=0}}
2024-12-15 14:26:14 INFO  o.a.k.c.c.internals.ConsumerUtils - Setting offset for partition filter-0 to the committed offset FetchPosition{offset=62, offsetEpoch=Optional.empty, currentLeader=LeaderAndEpoch{leader=Optional[37.194.168.90:9092 (id: 1 rack: null)], epoch=0}}
2024-12-15 14:26:14 INFO  o.a.k.c.c.internals.ConsumerUtils - Setting offset for partition start-0 to the committed offset FetchPosition{offset=243, offsetEpoch=Optional.empty, currentLeader=LeaderAndEpoch{leader=Optional[37.194.168.90:9092 (id: 1 rack: null)], epoch=0}}
2024-12-15 14:26:14 INFO  o.a.k.c.c.internals.ConsumerUtils - Setting offset for partition registry-0 to the committed offset FetchPosition{offset=143, offsetEpoch=Optional.empty, currentLeader=LeaderAndEpoch{leader=Optional[37.194.168.90:9092 (id: 1 rack: null)], epoch=0}}
2024-12-15 14:26:14 INFO  o.a.k.c.c.internals.ConsumerUtils - Setting offset for partition getLink-0 to the committed offset FetchPosition{offset=86, offsetEpoch=Optional.empty, currentLeader=LeaderAndEpoch{leader=Optional[37.194.168.90:9092 (id: 1 rack: null)], epoch=0}}
2024-12-15 14:26:14 INFO  o.s.k.l.KafkaMessageListenerContainer - auth_service: partitions assigned: [registry-0]
2024-12-15 14:26:14 INFO  o.s.k.l.KafkaMessageListenerContainer - auth_service: partitions assigned: [status-0]
2024-12-15 14:26:14 INFO  o.s.k.l.KafkaMessageListenerContainer - auth_service: partitions assigned: [filter-0]
2024-12-15 14:26:14 INFO  o.s.k.l.KafkaMessageListenerContainer - auth_service: partitions assigned: [getLink-0]
2024-12-15 14:26:14 INFO  o.s.k.l.KafkaMessageListenerContainer - auth_service: partitions assigned: [start-0]
2024-12-15 14:26:14 INFO  o.s.k.l.KafkaMessageListenerContainer - auth_service: partitions assigned: [profile-0]
2024-12-15 14:26:14 INFO  o.a.k.c.c.internals.ConsumerUtils - Setting offset for partition stop-0 to the committed offset FetchPosition{offset=20, offsetEpoch=Optional.empty, currentLeader=LeaderAndEpoch{leader=Optional[37.194.168.90:9092 (id: 1 rack: null)], epoch=0}}
2024-12-15 14:26:14 INFO  o.s.k.l.KafkaMessageListenerContainer - auth_service: partitions assigned: [stop-0]
2024-12-15 14:26:14 INFO  o.a.k.c.c.internals.ConsumerUtils - Setting offset for partition ping-0 to the committed offset FetchPosition{offset=1142, offsetEpoch=Optional.empty, currentLeader=LeaderAndEpoch{leader=Optional[37.194.168.90:9092 (id: 1 rack: null)], epoch=0}}
2024-12-15 14:26:14 INFO  o.s.k.l.KafkaMessageListenerContainer - auth_service: partitions assigned: [ping-0]
2024-12-15 14:28:54 INFO  o.a.k.c.c.i.ConsumerRebalanceListenerInvoker - [Consumer clientId=consumer-auth_service-1, groupId=auth_service] Revoke previously assigned partitions ping-0
2024-12-15 14:28:54 INFO  o.a.k.c.c.i.ConsumerRebalanceListenerInvoker - [Consumer clientId=consumer-auth_service-6, groupId=auth_service] Revoke previously assigned partitions registry-0
2024-12-15 14:28:54 INFO  o.a.k.c.c.i.ConsumerRebalanceListenerInvoker - [Consumer clientId=consumer-auth_service-2, groupId=auth_service] Revoke previously assigned partitions profile-0
2024-12-15 14:28:54 INFO  o.a.k.c.c.i.ConsumerRebalanceListenerInvoker - [Consumer clientId=consumer-auth_service-3, groupId=auth_service] Revoke previously assigned partitions stop-0
2024-12-15 14:28:54 INFO  o.a.k.c.c.i.ConsumerRebalanceListenerInvoker - [Consumer clientId=consumer-auth_service-4, groupId=auth_service] Revoke previously assigned partitions status-0
2024-12-15 14:28:54 INFO  o.a.k.c.c.i.ConsumerRebalanceListenerInvoker - [Consumer clientId=consumer-auth_service-5, groupId=auth_service] Revoke previously assigned partitions getLink-0
2024-12-15 14:28:54 INFO  o.a.k.c.c.i.ConsumerRebalanceListenerInvoker - [Consumer clientId=consumer-auth_service-7, groupId=auth_service] Revoke previously assigned partitions filter-0
2024-12-15 14:28:54 INFO  o.a.k.c.c.i.ConsumerRebalanceListenerInvoker - [Consumer clientId=consumer-auth_service-8, groupId=auth_service] Revoke previously assigned partitions start-0
2024-12-15 14:28:54 INFO  o.s.k.l.KafkaMessageListenerContainer - auth_service: partitions revoked: [status-0]
2024-12-15 14:28:54 INFO  o.s.k.l.KafkaMessageListenerContainer - auth_service: partitions revoked: [profile-0]
2024-12-15 14:28:54 INFO  o.s.k.l.KafkaMessageListenerContainer - auth_service: partitions revoked: [filter-0]
2024-12-15 14:28:54 INFO  o.s.k.l.KafkaMessageListenerContainer - auth_service: partitions revoked: [ping-0]
2024-12-15 14:28:54 INFO  o.s.k.l.KafkaMessageListenerContainer - auth_service: partitions revoked: [stop-0]
2024-12-15 14:28:54 INFO  o.s.k.l.KafkaMessageListenerContainer - auth_service: partitions revoked: [registry-0]
2024-12-15 14:28:54 INFO  o.s.k.l.KafkaMessageListenerContainer - auth_service: partitions revoked: [start-0]
2024-12-15 14:28:54 INFO  o.s.k.l.KafkaMessageListenerContainer - auth_service: partitions revoked: [getLink-0]
2024-12-15 14:28:54 INFO  o.a.k.c.c.i.ConsumerCoordinator - [Consumer clientId=consumer-auth_service-6, groupId=auth_service] Member consumer-auth_service-6-82e67b78-14de-43c2-8b31-4a0bb08a1442 sending LeaveGroup request to coordinator 37.194.168.90:9092 (id: 2147483646 rack: null) due to the consumer unsubscribed from all topics
2024-12-15 14:28:54 INFO  o.a.k.c.c.i.ConsumerCoordinator - [Consumer clientId=consumer-auth_service-3, groupId=auth_service] Member consumer-auth_service-3-400d14ce-5cc1-4e03-a132-3673fd688eb6 sending LeaveGroup request to coordinator 37.194.168.90:9092 (id: 2147483646 rack: null) due to the consumer unsubscribed from all topics
2024-12-15 14:28:54 INFO  o.a.k.c.c.i.ConsumerCoordinator - [Consumer clientId=consumer-auth_service-2, groupId=auth_service] Member consumer-auth_service-2-1466d0c4-07c2-4736-8514-f75aaef2cfc2 sending LeaveGroup request to coordinator 37.194.168.90:9092 (id: 2147483646 rack: null) due to the consumer unsubscribed from all topics
2024-12-15 14:28:54 INFO  o.a.k.c.c.i.ConsumerCoordinator - [Consumer clientId=consumer-auth_service-1, groupId=auth_service] Member consumer-auth_service-1-a4148b02-1a3c-4c80-84f5-c85d58304cb6 sending LeaveGroup request to coordinator 37.194.168.90:9092 (id: 2147483646 rack: null) due to the consumer unsubscribed from all topics
2024-12-15 14:28:54 INFO  o.a.k.c.c.i.ConsumerCoordinator - [Consumer clientId=consumer-auth_service-4, groupId=auth_service] Member consumer-auth_service-4-2aa78622-8398-4fcc-897b-75061fa42f07 sending LeaveGroup request to coordinator 37.194.168.90:9092 (id: 2147483646 rack: null) due to the consumer unsubscribed from all topics
2024-12-15 14:28:54 INFO  o.a.k.c.c.i.ConsumerCoordinator - [Consumer clientId=consumer-auth_service-7, groupId=auth_service] Member consumer-auth_service-7-dd7cd452-715c-44c9-82b8-872d58c1dcbe sending LeaveGroup request to coordinator 37.194.168.90:9092 (id: 2147483646 rack: null) due to the consumer unsubscribed from all topics
2024-12-15 14:28:54 INFO  o.a.k.c.c.i.ConsumerCoordinator - [Consumer clientId=consumer-auth_service-8, groupId=auth_service] Member consumer-auth_service-8-2362424c-b8c7-4777-9d96-a750eafe25fc sending LeaveGroup request to coordinator 37.194.168.90:9092 (id: 2147483646 rack: null) due to the consumer unsubscribed from all topics
2024-12-15 14:28:54 INFO  o.a.k.c.c.i.ConsumerCoordinator - [Consumer clientId=consumer-auth_service-5, groupId=auth_service] Member consumer-auth_service-5-b9503363-12c2-4261-943f-9cee3415d83a sending LeaveGroup request to coordinator 37.194.168.90:9092 (id: 2147483646 rack: null) due to the consumer unsubscribed from all topics
2024-12-15 14:28:54 INFO  o.a.k.c.c.i.ConsumerCoordinator - [Consumer clientId=consumer-auth_service-2, groupId=auth_service] Resetting generation and member id due to: consumer pro-actively leaving the group
2024-12-15 14:28:54 INFO  o.a.k.c.c.i.ConsumerCoordinator - [Consumer clientId=consumer-auth_service-5, groupId=auth_service] Resetting generation and member id due to: consumer pro-actively leaving the group
2024-12-15 14:28:54 INFO  o.a.k.c.c.i.ConsumerCoordinator - [Consumer clientId=consumer-auth_service-7, groupId=auth_service] Resetting generation and member id due to: consumer pro-actively leaving the group
2024-12-15 14:28:54 INFO  o.a.k.c.c.i.ConsumerCoordinator - [Consumer clientId=consumer-auth_service-6, groupId=auth_service] Resetting generation and member id due to: consumer pro-actively leaving the group
2024-12-15 14:28:54 INFO  o.a.k.c.c.i.ConsumerCoordinator - [Consumer clientId=consumer-auth_service-4, groupId=auth_service] Resetting generation and member id due to: consumer pro-actively leaving the group
2024-12-15 14:28:54 INFO  o.a.k.c.c.i.ConsumerCoordinator - [Consumer clientId=consumer-auth_service-6, groupId=auth_service] Request joining group due to: consumer pro-actively leaving the group
2024-12-15 14:28:54 INFO  o.a.k.c.c.i.ConsumerCoordinator - [Consumer clientId=consumer-auth_service-7, groupId=auth_service] Request joining group due to: consumer pro-actively leaving the group
2024-12-15 14:28:54 INFO  o.a.k.c.c.i.LegacyKafkaConsumer - [Consumer clientId=consumer-auth_service-6, groupId=auth_service] Unsubscribed all topics or patterns and assigned partitions
2024-12-15 14:28:54 INFO  o.a.k.c.c.i.LegacyKafkaConsumer - [Consumer clientId=consumer-auth_service-7, groupId=auth_service] Unsubscribed all topics or patterns and assigned partitions
2024-12-15 14:28:54 INFO  o.a.k.c.c.i.ConsumerCoordinator - [Consumer clientId=consumer-auth_service-3, groupId=auth_service] Resetting generation and member id due to: consumer pro-actively leaving the group
2024-12-15 14:28:54 INFO  o.a.k.c.c.i.ConsumerCoordinator - [Consumer clientId=consumer-auth_service-1, groupId=auth_service] Resetting generation and member id due to: consumer pro-actively leaving the group
2024-12-15 14:28:54 INFO  o.a.k.c.c.i.ConsumerCoordinator - [Consumer clientId=consumer-auth_service-8, groupId=auth_service] Resetting generation and member id due to: consumer pro-actively leaving the group
2024-12-15 14:28:54 INFO  o.a.k.c.c.i.ConsumerCoordinator - [Consumer clientId=consumer-auth_service-2, groupId=auth_service] Request joining group due to: consumer pro-actively leaving the group
2024-12-15 14:28:54 INFO  o.a.k.c.c.i.ConsumerCoordinator - [Consumer clientId=consumer-auth_service-4, groupId=auth_service] Request joining group due to: consumer pro-actively leaving the group
2024-12-15 14:28:54 INFO  o.a.k.c.c.i.ConsumerCoordinator - [Consumer clientId=consumer-auth_service-5, groupId=auth_service] Request joining group due to: consumer pro-actively leaving the group
2024-12-15 14:28:54 INFO  o.a.k.c.c.i.ConsumerCoordinator - [Consumer clientId=consumer-auth_service-3, groupId=auth_service] Request joining group due to: consumer pro-actively leaving the group
2024-12-15 14:28:54 INFO  o.a.k.c.c.i.ConsumerCoordinator - [Consumer clientId=consumer-auth_service-1, groupId=auth_service] Request joining group due to: consumer pro-actively leaving the group
2024-12-15 14:28:54 INFO  o.a.k.c.c.i.LegacyKafkaConsumer - [Consumer clientId=consumer-auth_service-3, groupId=auth_service] Unsubscribed all topics or patterns and assigned partitions
2024-12-15 14:28:54 INFO  o.a.k.c.c.i.ConsumerCoordinator - [Consumer clientId=consumer-auth_service-8, groupId=auth_service] Request joining group due to: consumer pro-actively leaving the group
2024-12-15 14:28:54 INFO  o.a.k.c.c.i.LegacyKafkaConsumer - [Consumer clientId=consumer-auth_service-2, groupId=auth_service] Unsubscribed all topics or patterns and assigned partitions
2024-12-15 14:28:54 INFO  o.a.k.c.c.i.LegacyKafkaConsumer - [Consumer clientId=consumer-auth_service-4, groupId=auth_service] Unsubscribed all topics or patterns and assigned partitions
2024-12-15 14:28:54 INFO  o.a.k.c.c.i.LegacyKafkaConsumer - [Consumer clientId=consumer-auth_service-5, groupId=auth_service] Unsubscribed all topics or patterns and assigned partitions
2024-12-15 14:28:54 INFO  o.a.k.c.c.i.LegacyKafkaConsumer - [Consumer clientId=consumer-auth_service-1, groupId=auth_service] Unsubscribed all topics or patterns and assigned partitions
2024-12-15 14:28:54 INFO  o.a.k.c.c.i.LegacyKafkaConsumer - [Consumer clientId=consumer-auth_service-8, groupId=auth_service] Unsubscribed all topics or patterns and assigned partitions
2024-12-15 14:28:54 INFO  o.a.k.c.c.i.ConsumerCoordinator - [Consumer clientId=consumer-auth_service-3, groupId=auth_service] Resetting generation and member id due to: consumer pro-actively leaving the group
2024-12-15 14:28:54 INFO  o.a.k.c.c.i.ConsumerCoordinator - [Consumer clientId=consumer-auth_service-5, groupId=auth_service] Resetting generation and member id due to: consumer pro-actively leaving the group
2024-12-15 14:28:54 INFO  o.a.k.c.c.i.ConsumerCoordinator - [Consumer clientId=consumer-auth_service-3, groupId=auth_service] Request joining group due to: consumer pro-actively leaving the group
2024-12-15 14:28:54 INFO  o.a.k.c.c.i.ConsumerCoordinator - [Consumer clientId=consumer-auth_service-8, groupId=auth_service] Resetting generation and member id due to: consumer pro-actively leaving the group
2024-12-15 14:28:54 INFO  o.a.k.c.c.i.ConsumerCoordinator - [Consumer clientId=consumer-auth_service-2, groupId=auth_service] Resetting generation and member id due to: consumer pro-actively leaving the group
2024-12-15 14:28:54 INFO  o.a.k.c.c.i.ConsumerCoordinator - [Consumer clientId=consumer-auth_service-6, groupId=auth_service] Resetting generation and member id due to: consumer pro-actively leaving the group
2024-12-15 14:28:54 INFO  o.a.k.c.c.i.ConsumerCoordinator - [Consumer clientId=consumer-auth_service-1, groupId=auth_service] Resetting generation and member id due to: consumer pro-actively leaving the group
2024-12-15 14:28:54 INFO  o.a.k.c.c.i.ConsumerCoordinator - [Consumer clientId=consumer-auth_service-6, groupId=auth_service] Request joining group due to: consumer pro-actively leaving the group
2024-12-15 14:28:54 INFO  o.a.k.c.c.i.ConsumerCoordinator - [Consumer clientId=consumer-auth_service-7, groupId=auth_service] Resetting generation and member id due to: consumer pro-actively leaving the group
2024-12-15 14:28:54 INFO  o.a.k.c.c.i.ConsumerCoordinator - [Consumer clientId=consumer-auth_service-4, groupId=auth_service] Resetting generation and member id due to: consumer pro-actively leaving the group
2024-12-15 14:28:54 INFO  o.a.k.c.c.i.ConsumerCoordinator - [Consumer clientId=consumer-auth_service-5, groupId=auth_service] Request joining group due to: consumer pro-actively leaving the group
2024-12-15 14:28:54 INFO  o.a.k.c.c.i.ConsumerCoordinator - [Consumer clientId=consumer-auth_service-8, groupId=auth_service] Request joining group due to: consumer pro-actively leaving the group
2024-12-15 14:28:54 INFO  o.a.k.c.c.i.ConsumerCoordinator - [Consumer clientId=consumer-auth_service-2, groupId=auth_service] Request joining group due to: consumer pro-actively leaving the group
2024-12-15 14:28:54 INFO  o.a.k.c.c.i.ConsumerCoordinator - [Consumer clientId=consumer-auth_service-1, groupId=auth_service] Request joining group due to: consumer pro-actively leaving the group
2024-12-15 14:28:54 INFO  o.a.k.c.c.i.ConsumerCoordinator - [Consumer clientId=consumer-auth_service-7, groupId=auth_service] Request joining group due to: consumer pro-actively leaving the group
2024-12-15 14:28:54 INFO  o.a.k.c.c.i.ConsumerCoordinator - [Consumer clientId=consumer-auth_service-4, groupId=auth_service] Request joining group due to: consumer pro-actively leaving the group
2024-12-15 14:28:55 INFO  o.a.kafka.common.metrics.Metrics - Metrics scheduler closed
2024-12-15 14:28:55 INFO  o.a.kafka.common.metrics.Metrics - Metrics scheduler closed
2024-12-15 14:28:55 INFO  o.a.kafka.common.metrics.Metrics - Metrics scheduler closed
2024-12-15 14:28:55 INFO  o.a.kafka.common.metrics.Metrics - Closing reporter org.apache.kafka.common.metrics.JmxReporter
2024-12-15 14:28:55 INFO  o.a.kafka.common.metrics.Metrics - Closing reporter org.apache.kafka.common.metrics.JmxReporter
2024-12-15 14:28:55 INFO  o.a.kafka.common.metrics.Metrics - Closing reporter org.apache.kafka.common.metrics.JmxReporter
2024-12-15 14:28:55 INFO  o.a.kafka.common.metrics.Metrics - Closing reporter org.apache.kafka.common.telemetry.internals.ClientTelemetryReporter
2024-12-15 14:28:55 INFO  o.a.kafka.common.metrics.Metrics - Closing reporter org.apache.kafka.common.telemetry.internals.ClientTelemetryReporter
2024-12-15 14:28:55 INFO  o.a.kafka.common.metrics.Metrics - Metrics reporters closed
2024-12-15 14:28:55 INFO  o.a.kafka.common.metrics.Metrics - Metrics reporters closed
2024-12-15 14:28:55 INFO  o.a.kafka.common.metrics.Metrics - Closing reporter org.apache.kafka.common.telemetry.internals.ClientTelemetryReporter
2024-12-15 14:28:55 INFO  o.a.kafka.common.metrics.Metrics - Metrics reporters closed
2024-12-15 14:28:55 INFO  o.a.kafka.common.utils.AppInfoParser - App info kafka.consumer for consumer-auth_service-4 unregistered
2024-12-15 14:28:55 INFO  o.a.kafka.common.utils.AppInfoParser - App info kafka.consumer for consumer-auth_service-8 unregistered
2024-12-15 14:28:55 INFO  o.s.k.l.KafkaMessageListenerContainer - auth_service: Consumer stopped
2024-12-15 14:28:55 INFO  o.s.k.l.KafkaMessageListenerContainer - auth_service: Consumer stopped
2024-12-15 14:28:55 INFO  o.a.kafka.common.utils.AppInfoParser - App info kafka.consumer for consumer-auth_service-2 unregistered
2024-12-15 14:28:55 INFO  o.s.k.l.KafkaMessageListenerContainer - auth_service: Consumer stopped
2024-12-15 14:28:55 INFO  o.a.kafka.common.metrics.Metrics - Metrics scheduler closed
2024-12-15 14:28:55 INFO  o.a.kafka.common.metrics.Metrics - Closing reporter org.apache.kafka.common.metrics.JmxReporter
2024-12-15 14:28:55 INFO  o.a.kafka.common.metrics.Metrics - Closing reporter org.apache.kafka.common.telemetry.internals.ClientTelemetryReporter
2024-12-15 14:28:55 INFO  o.a.kafka.common.metrics.Metrics - Metrics scheduler closed
2024-12-15 14:28:55 INFO  o.a.kafka.common.metrics.Metrics - Closing reporter org.apache.kafka.common.metrics.JmxReporter
2024-12-15 14:28:55 INFO  o.a.kafka.common.metrics.Metrics - Metrics reporters closed
2024-12-15 14:28:55 INFO  o.a.kafka.common.metrics.Metrics - Closing reporter org.apache.kafka.common.telemetry.internals.ClientTelemetryReporter
2024-12-15 14:28:55 INFO  o.a.kafka.common.metrics.Metrics - Metrics reporters closed
2024-12-15 14:28:55 INFO  o.a.kafka.common.utils.AppInfoParser - App info kafka.consumer for consumer-auth_service-5 unregistered
2024-12-15 14:28:55 INFO  o.s.k.l.KafkaMessageListenerContainer - auth_service: Consumer stopped
2024-12-15 14:28:55 INFO  o.a.kafka.common.utils.AppInfoParser - App info kafka.consumer for consumer-auth_service-7 unregistered
2024-12-15 14:28:55 INFO  o.s.k.l.KafkaMessageListenerContainer - auth_service: Consumer stopped
2024-12-15 14:28:55 INFO  o.a.kafka.common.metrics.Metrics - Metrics scheduler closed
2024-12-15 14:28:55 INFO  o.a.kafka.common.metrics.Metrics - Closing reporter org.apache.kafka.common.metrics.JmxReporter
2024-12-15 14:28:55 INFO  o.a.kafka.common.metrics.Metrics - Closing reporter org.apache.kafka.common.telemetry.internals.ClientTelemetryReporter
2024-12-15 14:28:55 INFO  o.a.kafka.common.metrics.Metrics - Metrics reporters closed
2024-12-15 14:28:55 INFO  o.a.kafka.common.metrics.Metrics - Metrics scheduler closed
2024-12-15 14:28:55 INFO  o.a.kafka.common.metrics.Metrics - Closing reporter org.apache.kafka.common.metrics.JmxReporter
2024-12-15 14:28:55 INFO  o.a.kafka.common.metrics.Metrics - Closing reporter org.apache.kafka.common.telemetry.internals.ClientTelemetryReporter
2024-12-15 14:28:55 INFO  o.a.kafka.common.metrics.Metrics - Metrics reporters closed
2024-12-15 14:28:55 INFO  o.a.kafka.common.utils.AppInfoParser - App info kafka.consumer for consumer-auth_service-1 unregistered
2024-12-15 14:28:55 INFO  o.s.k.l.KafkaMessageListenerContainer - auth_service: Consumer stopped
2024-12-15 14:28:55 INFO  o.a.kafka.common.metrics.Metrics - Metrics scheduler closed
2024-12-15 14:28:55 INFO  o.a.kafka.common.metrics.Metrics - Closing reporter org.apache.kafka.common.metrics.JmxReporter
2024-12-15 14:28:55 INFO  o.a.kafka.common.metrics.Metrics - Closing reporter org.apache.kafka.common.telemetry.internals.ClientTelemetryReporter
2024-12-15 14:28:55 INFO  o.a.kafka.common.metrics.Metrics - Metrics reporters closed
2024-12-15 14:28:55 INFO  o.a.kafka.common.utils.AppInfoParser - App info kafka.consumer for consumer-auth_service-3 unregistered
2024-12-15 14:28:55 INFO  o.s.k.l.KafkaMessageListenerContainer - auth_service: Consumer stopped
2024-12-15 14:28:55 INFO  o.a.kafka.common.utils.AppInfoParser - App info kafka.consumer for consumer-auth_service-6 unregistered
2024-12-15 14:28:55 INFO  o.s.k.l.KafkaMessageListenerContainer - auth_service: Consumer stopped
2024-12-15 14:28:57 INFO  o.s.o.j.LocalContainerEntityManagerFactoryBean - Closing JPA EntityManagerFactory for persistence unit 'default'
2024-12-15 14:28:57 INFO  com.zaxxer.hikari.HikariDataSource - HikariPool-1 - Shutdown initiated...
2024-12-15 14:28:59 INFO  com.zaxxer.hikari.HikariDataSource - HikariPool-1 - Shutdown completed.
2024-12-15 14:31:41 INFO  c.e.demo.HhRecruiterApplicationKt - Starting HhRecruiterApplicationKt using Java 17.0.13 with PID 94935 (/Users/macygabr/Projects/hhRecruiter/build/classes/kotlin/main started by macygabr in /Users/macygabr/Projects/hhRecruiter)
2024-12-15 14:31:41 DEBUG c.e.demo.HhRecruiterApplicationKt - Running with Spring Boot v3.3.4, Spring v6.1.13
2024-12-15 14:31:41 INFO  c.e.demo.HhRecruiterApplicationKt - No active profile set, falling back to 1 default profile: "default"
2024-12-15 14:31:42 INFO  o.s.d.r.c.RepositoryConfigurationDelegate - Bootstrapping Spring Data JPA repositories in DEFAULT mode.
2024-12-15 14:31:42 INFO  o.s.d.r.c.RepositoryConfigurationDelegate - Finished Spring Data repository scanning in 109 ms. Found 4 JPA repository interfaces.
2024-12-15 14:31:42 INFO  o.s.b.w.e.tomcat.TomcatWebServer - Tomcat initialized with port 8080 (http)
2024-12-15 14:31:42 INFO  o.a.coyote.http11.Http11NioProtocol - Initializing ProtocolHandler ["http-nio-8080"]
2024-12-15 14:31:42 INFO  o.a.catalina.core.StandardService - Starting service [Tomcat]
2024-12-15 14:31:42 INFO  o.a.catalina.core.StandardEngine - Starting Servlet engine: [Apache Tomcat/10.1.30]
2024-12-15 14:31:42 INFO  o.a.c.c.C.[Tomcat].[localhost].[/] - Initializing Spring embedded WebApplicationContext
2024-12-15 14:31:42 INFO  o.s.b.w.s.c.ServletWebServerApplicationContext - Root WebApplicationContext: initialization completed in 1179 ms
2024-12-15 14:31:42 INFO  o.h.jpa.internal.util.LogHelper - HHH000204: Processing PersistenceUnitInfo [name: default]
2024-12-15 14:31:42 INFO  org.hibernate.Version - HHH000412: Hibernate ORM core version 6.5.3.Final
2024-12-15 14:31:42 INFO  o.h.c.i.RegionFactoryInitiator - HHH000026: Second-level cache disabled
2024-12-15 14:31:43 INFO  o.s.o.j.p.SpringPersistenceUnitInfo - No LoadTimeWeaver setup: ignoring JPA class transformer
2024-12-15 14:31:43 INFO  com.zaxxer.hikari.HikariDataSource - HikariPool-1 - Starting...
2024-12-15 14:31:44 INFO  com.zaxxer.hikari.pool.HikariPool - HikariPool-1 - Added connection org.postgresql.jdbc.PgConnection@62410e1f
2024-12-15 14:31:44 INFO  com.zaxxer.hikari.HikariDataSource - HikariPool-1 - Start completed.
2024-12-15 14:31:46 INFO  o.h.e.t.j.p.i.JtaPlatformInitiator - HHH000489: No JTA platform available (set 'hibernate.transaction.jta.platform' to enable JTA platform integration)
2024-12-15 14:31:49 INFO  o.s.o.j.LocalContainerEntityManagerFactoryBean - Initialized JPA EntityManagerFactory for persistence unit 'default'
2024-12-15 14:31:50 WARN  o.s.b.a.o.j.JpaBaseConfiguration$JpaWebConfiguration - spring.jpa.open-in-view is enabled by default. Therefore, database queries may be performed during view rendering. Explicitly configure spring.jpa.open-in-view to disable this warning
2024-12-15 14:31:50 DEBUG c.e.demo.service.NotificationService - Получено сообщение: Message(messageId=40, messageThreadId=null, from=User(id=1452117849, firstName=Nurlan, isBot=false, lastName=null, userName=Nurlan1402, languageCode=ru, canJoinGroups=null, canReadAllGroupMessages=null, supportInlineQueries=null, isPremium=null, addedToAttachmentMenu=null), date=1734186589, chat=Chat(id=1452117849, type=private, title=null, firstName=Nurlan, lastName=null, userName=Nurlan1402, photo=null, description=null, inviteLink=null, pinnedMessage=null, stickerSetName=null, canSetStickerSet=null, permissions=null, slowModeDelay=null, bio=null, linkedChatId=null, location=null, messageAutoDeleteTime=null, hasPrivateForwards=null, HasProtectedContent=null, joinToSendMessages=null, joinByRequest=null, hasRestrictedVoiceAndVideoMessages=null, isForum=null, activeUsernames=null, emojiStatusCustomEmojiId=null, hasAggressiveAntiSpamEnabled=null, hasHiddenMembers=null, emojiStatusExpirationDate=null, availableReactions=null, accentColorId=null, backgroundCustomEmojiId=null, profileAccentColorId=null, profileBackgroundCustomEmojiId=null, hasVisibleHistory=null, unrestrictBoostCount=null, customEmojiStickerSetName=null), forwardFrom=null, forwardFromChat=null, forwardDate=null, text=/start, entities=[MessageEntity(type=bot_command, offset=0, length=6, url=null, user=null, language=null, customEmojiId=null, text=/start)], captionEntities=null, audio=null, document=null, photo=null, sticker=null, video=null, contact=null, location=null, venue=null, animation=null, pinnedMessage=null, newChatMembers=[], leftChatMember=null, newChatTitle=null, newChatPhoto=null, deleteChatPhoto=null, groupchatCreated=null, replyToMessage=null, voice=null, caption=null, superGroupCreated=null, channelChatCreated=null, migrateToChatId=null, migrateFromChatId=null, editDate=null, game=null, forwardFromMessageId=null, invoice=null, successfulPayment=null, videoNote=null, authorSignature=null, forwardSignature=null, mediaGroupId=null, connectedWebsite=null, passportData=null, forwardSenderName=null, poll=null, replyMarkup=null, dice=null, viaBot=null, senderChat=null, proximityAlertTriggered=null, messageAutoDeleteTimerChanged=null, isAutomaticForward=null, hasProtectedContent=null, webAppData=null, videoChatStarted=null, videoChatEnded=null, videoChatParticipantsInvited=null, videoChatScheduled=null, isTopicMessage=null, forumTopicCreated=null, forumTopicClosed=null, forumTopicReopened=null, forumTopicEdited=null, generalForumTopicHidden=null, generalForumTopicUnhidden=null, writeAccessAllowed=null, hasMediaSpoiler=null, userShared=null, chatShared=null, story=null, externalReplyInfo=null, forwardOrigin=null, linkPreviewOptions=null, quote=null, usersShared=null, giveawayCreated=null, giveaway=null, giveawayWinners=null, giveawayCompleted=null, replyToStory=null, boostAdded=null, senderBoostCount=null)
2024-12-15 14:31:50 INFO  o.a.coyote.http11.Http11NioProtocol - Starting ProtocolHandler ["http-nio-8080"]
2024-12-15 14:31:50 INFO  o.s.b.w.e.tomcat.TomcatWebServer - Tomcat started on port 8080 (http) with context path '/'
2024-12-15 14:31:50 INFO  o.a.k.c.consumer.ConsumerConfig - ConsumerConfig values: 
	allow.auto.create.topics = true
	auto.commit.interval.ms = 5000
	auto.include.jmx.reporter = true
	auto.offset.reset = latest
	bootstrap.servers = [37.194.168.90:9092]
	check.crcs = true
	client.dns.lookup = use_all_dns_ips
	client.id = consumer-auth_service-1
	client.rack = 
	connections.max.idle.ms = 540000
	default.api.timeout.ms = 60000
	enable.auto.commit = false
	enable.metrics.push = true
	exclude.internal.topics = true
	fetch.max.bytes = 52428800
	fetch.max.wait.ms = 500
	fetch.min.bytes = 1
	group.id = auth_service
	group.instance.id = null
	group.protocol = classic
	group.remote.assignor = null
	heartbeat.interval.ms = 3000
	interceptor.classes = []
	internal.leave.group.on.close = true
	internal.throw.on.fetch.stable.offset.unsupported = false
	isolation.level = read_uncommitted
	key.deserializer = class org.apache.kafka.common.serialization.StringDeserializer
	max.partition.fetch.bytes = 1048576
	max.poll.interval.ms = 300000
	max.poll.records = 500
	metadata.max.age.ms = 300000
	metric.reporters = []
	metrics.num.samples = 2
	metrics.recording.level = INFO
	metrics.sample.window.ms = 30000
	partition.assignment.strategy = [class org.apache.kafka.clients.consumer.RangeAssignor, class org.apache.kafka.clients.consumer.CooperativeStickyAssignor]
	receive.buffer.bytes = 65536
	reconnect.backoff.max.ms = 1000
	reconnect.backoff.ms = 50
	request.timeout.ms = 30000
	retry.backoff.max.ms = 1000
	retry.backoff.ms = 100
	sasl.client.callback.handler.class = null
	sasl.jaas.config = null
	sasl.kerberos.kinit.cmd = /usr/bin/kinit
	sasl.kerberos.min.time.before.relogin = 60000
	sasl.kerberos.service.name = null
	sasl.kerberos.ticket.renew.jitter = 0.05
	sasl.kerberos.ticket.renew.window.factor = 0.8
	sasl.login.callback.handler.class = null
	sasl.login.class = null
	sasl.login.connect.timeout.ms = null
	sasl.login.read.timeout.ms = null
	sasl.login.refresh.buffer.seconds = 300
	sasl.login.refresh.min.period.seconds = 60
	sasl.login.refresh.window.factor = 0.8
	sasl.login.refresh.window.jitter = 0.05
	sasl.login.retry.backoff.max.ms = 10000
	sasl.login.retry.backoff.ms = 100
	sasl.mechanism = GSSAPI
	sasl.oauthbearer.clock.skew.seconds = 30
	sasl.oauthbearer.expected.audience = null
	sasl.oauthbearer.expected.issuer = null
	sasl.oauthbearer.jwks.endpoint.refresh.ms = 3600000
	sasl.oauthbearer.jwks.endpoint.retry.backoff.max.ms = 10000
	sasl.oauthbearer.jwks.endpoint.retry.backoff.ms = 100
	sasl.oauthbearer.jwks.endpoint.url = null
	sasl.oauthbearer.scope.claim.name = scope
	sasl.oauthbearer.sub.claim.name = sub
	sasl.oauthbearer.token.endpoint.url = null
	security.protocol = PLAINTEXT
	security.providers = null
	send.buffer.bytes = 131072
	session.timeout.ms = 45000
	socket.connection.setup.timeout.max.ms = 30000
	socket.connection.setup.timeout.ms = 10000
	ssl.cipher.suites = null
	ssl.enabled.protocols = [TLSv1.2, TLSv1.3]
	ssl.endpoint.identification.algorithm = https
	ssl.engine.factory.class = null
	ssl.key.password = null
	ssl.keymanager.algorithm = SunX509
	ssl.keystore.certificate.chain = null
	ssl.keystore.key = null
	ssl.keystore.location = null
	ssl.keystore.password = null
	ssl.keystore.type = JKS
	ssl.protocol = TLSv1.3
	ssl.provider = null
	ssl.secure.random.implementation = null
	ssl.trustmanager.algorithm = PKIX
	ssl.truststore.certificates = null
	ssl.truststore.location = null
	ssl.truststore.password = null
	ssl.truststore.type = JKS
	value.deserializer = class org.apache.kafka.common.serialization.StringDeserializer

2024-12-15 14:31:50 INFO  o.a.k.c.t.i.KafkaMetricsCollector - initializing Kafka metrics collector
2024-12-15 14:31:50 DEBUG c.e.demo.service.NotificationService - Получено сообщение: Message(messageId=50, messageThreadId=null, from=User(id=1452117849, firstName=Nurlan, isBot=false, lastName=null, userName=Nurlan1402, languageCode=en, canJoinGroups=null, canReadAllGroupMessages=null, supportInlineQueries=null, isPremium=null, addedToAttachmentMenu=null), date=1734247512, chat=Chat(id=1452117849, type=private, title=null, firstName=Nurlan, lastName=null, userName=Nurlan1402, photo=null, description=null, inviteLink=null, pinnedMessage=null, stickerSetName=null, canSetStickerSet=null, permissions=null, slowModeDelay=null, bio=null, linkedChatId=null, location=null, messageAutoDeleteTime=null, hasPrivateForwards=null, HasProtectedContent=null, joinToSendMessages=null, joinByRequest=null, hasRestrictedVoiceAndVideoMessages=null, isForum=null, activeUsernames=null, emojiStatusCustomEmojiId=null, hasAggressiveAntiSpamEnabled=null, hasHiddenMembers=null, emojiStatusExpirationDate=null, availableReactions=null, accentColorId=null, backgroundCustomEmojiId=null, profileAccentColorId=null, profileBackgroundCustomEmojiId=null, hasVisibleHistory=null, unrestrictBoostCount=null, customEmojiStickerSetName=null), forwardFrom=null, forwardFromChat=null, forwardDate=null, text=/start, entities=[MessageEntity(type=bot_command, offset=0, length=6, url=null, user=null, language=null, customEmojiId=null, text=/start)], captionEntities=null, audio=null, document=null, photo=null, sticker=null, video=null, contact=null, location=null, venue=null, animation=null, pinnedMessage=null, newChatMembers=[], leftChatMember=null, newChatTitle=null, newChatPhoto=null, deleteChatPhoto=null, groupchatCreated=null, replyToMessage=null, voice=null, caption=null, superGroupCreated=null, channelChatCreated=null, migrateToChatId=null, migrateFromChatId=null, editDate=null, game=null, forwardFromMessageId=null, invoice=null, successfulPayment=null, videoNote=null, authorSignature=null, forwardSignature=null, mediaGroupId=null, connectedWebsite=null, passportData=null, forwardSenderName=null, poll=null, replyMarkup=null, dice=null, viaBot=null, senderChat=null, proximityAlertTriggered=null, messageAutoDeleteTimerChanged=null, isAutomaticForward=null, hasProtectedContent=null, webAppData=null, videoChatStarted=null, videoChatEnded=null, videoChatParticipantsInvited=null, videoChatScheduled=null, isTopicMessage=null, forumTopicCreated=null, forumTopicClosed=null, forumTopicReopened=null, forumTopicEdited=null, generalForumTopicHidden=null, generalForumTopicUnhidden=null, writeAccessAllowed=null, hasMediaSpoiler=null, userShared=null, chatShared=null, story=null, externalReplyInfo=null, forwardOrigin=null, linkPreviewOptions=null, quote=null, usersShared=null, giveawayCreated=null, giveaway=null, giveawayWinners=null, giveawayCompleted=null, replyToStory=null, boostAdded=null, senderBoostCount=null)
2024-12-15 14:31:50 INFO  o.a.kafka.common.utils.AppInfoParser - Kafka version: 3.7.1
2024-12-15 14:31:50 INFO  o.a.kafka.common.utils.AppInfoParser - Kafka commitId: e2494e6ffb89f828
2024-12-15 14:31:50 INFO  o.a.kafka.common.utils.AppInfoParser - Kafka startTimeMs: 1734247910786
2024-12-15 14:31:50 INFO  o.a.k.c.c.i.LegacyKafkaConsumer - [Consumer clientId=consumer-auth_service-1, groupId=auth_service] Subscribed to topic(s): ping
2024-12-15 14:31:50 INFO  o.a.k.c.consumer.ConsumerConfig - ConsumerConfig values: 
	allow.auto.create.topics = true
	auto.commit.interval.ms = 5000
	auto.include.jmx.reporter = true
	auto.offset.reset = latest
	bootstrap.servers = [37.194.168.90:9092]
	check.crcs = true
	client.dns.lookup = use_all_dns_ips
	client.id = consumer-auth_service-2
	client.rack = 
	connections.max.idle.ms = 540000
	default.api.timeout.ms = 60000
	enable.auto.commit = false
	enable.metrics.push = true
	exclude.internal.topics = true
	fetch.max.bytes = 52428800
	fetch.max.wait.ms = 500
	fetch.min.bytes = 1
	group.id = auth_service
	group.instance.id = null
	group.protocol = classic
	group.remote.assignor = null
	heartbeat.interval.ms = 3000
	interceptor.classes = []
	internal.leave.group.on.close = true
	internal.throw.on.fetch.stable.offset.unsupported = false
	isolation.level = read_uncommitted
	key.deserializer = class org.apache.kafka.common.serialization.StringDeserializer
	max.partition.fetch.bytes = 1048576
	max.poll.interval.ms = 300000
	max.poll.records = 500
	metadata.max.age.ms = 300000
	metric.reporters = []
	metrics.num.samples = 2
	metrics.recording.level = INFO
	metrics.sample.window.ms = 30000
	partition.assignment.strategy = [class org.apache.kafka.clients.consumer.RangeAssignor, class org.apache.kafka.clients.consumer.CooperativeStickyAssignor]
	receive.buffer.bytes = 65536
	reconnect.backoff.max.ms = 1000
	reconnect.backoff.ms = 50
	request.timeout.ms = 30000
	retry.backoff.max.ms = 1000
	retry.backoff.ms = 100
	sasl.client.callback.handler.class = null
	sasl.jaas.config = null
	sasl.kerberos.kinit.cmd = /usr/bin/kinit
	sasl.kerberos.min.time.before.relogin = 60000
	sasl.kerberos.service.name = null
	sasl.kerberos.ticket.renew.jitter = 0.05
	sasl.kerberos.ticket.renew.window.factor = 0.8
	sasl.login.callback.handler.class = null
	sasl.login.class = null
	sasl.login.connect.timeout.ms = null
	sasl.login.read.timeout.ms = null
	sasl.login.refresh.buffer.seconds = 300
	sasl.login.refresh.min.period.seconds = 60
	sasl.login.refresh.window.factor = 0.8
	sasl.login.refresh.window.jitter = 0.05
	sasl.login.retry.backoff.max.ms = 10000
	sasl.login.retry.backoff.ms = 100
	sasl.mechanism = GSSAPI
	sasl.oauthbearer.clock.skew.seconds = 30
	sasl.oauthbearer.expected.audience = null
	sasl.oauthbearer.expected.issuer = null
	sasl.oauthbearer.jwks.endpoint.refresh.ms = 3600000
	sasl.oauthbearer.jwks.endpoint.retry.backoff.max.ms = 10000
	sasl.oauthbearer.jwks.endpoint.retry.backoff.ms = 100
	sasl.oauthbearer.jwks.endpoint.url = null
	sasl.oauthbearer.scope.claim.name = scope
	sasl.oauthbearer.sub.claim.name = sub
	sasl.oauthbearer.token.endpoint.url = null
	security.protocol = PLAINTEXT
	security.providers = null
	send.buffer.bytes = 131072
	session.timeout.ms = 45000
	socket.connection.setup.timeout.max.ms = 30000
	socket.connection.setup.timeout.ms = 10000
	ssl.cipher.suites = null
	ssl.enabled.protocols = [TLSv1.2, TLSv1.3]
	ssl.endpoint.identification.algorithm = https
	ssl.engine.factory.class = null
	ssl.key.password = null
	ssl.keymanager.algorithm = SunX509
	ssl.keystore.certificate.chain = null
	ssl.keystore.key = null
	ssl.keystore.location = null
	ssl.keystore.password = null
	ssl.keystore.type = JKS
	ssl.protocol = TLSv1.3
	ssl.provider = null
	ssl.secure.random.implementation = null
	ssl.trustmanager.algorithm = PKIX
	ssl.truststore.certificates = null
	ssl.truststore.location = null
	ssl.truststore.password = null
	ssl.truststore.type = JKS
	value.deserializer = class org.apache.kafka.common.serialization.StringDeserializer

2024-12-15 14:31:50 INFO  o.a.k.c.t.i.KafkaMetricsCollector - initializing Kafka metrics collector
2024-12-15 14:31:50 INFO  o.a.kafka.common.utils.AppInfoParser - Kafka version: 3.7.1
2024-12-15 14:31:50 INFO  o.a.kafka.common.utils.AppInfoParser - Kafka commitId: e2494e6ffb89f828
2024-12-15 14:31:50 INFO  o.a.kafka.common.utils.AppInfoParser - Kafka startTimeMs: 1734247910800
2024-12-15 14:31:50 INFO  o.a.k.c.c.i.LegacyKafkaConsumer - [Consumer clientId=consumer-auth_service-2, groupId=auth_service] Subscribed to topic(s): profile
2024-12-15 14:31:50 INFO  o.a.k.c.consumer.ConsumerConfig - ConsumerConfig values: 
	allow.auto.create.topics = true
	auto.commit.interval.ms = 5000
	auto.include.jmx.reporter = true
	auto.offset.reset = latest
	bootstrap.servers = [37.194.168.90:9092]
	check.crcs = true
	client.dns.lookup = use_all_dns_ips
	client.id = consumer-auth_service-3
	client.rack = 
	connections.max.idle.ms = 540000
	default.api.timeout.ms = 60000
	enable.auto.commit = false
	enable.metrics.push = true
	exclude.internal.topics = true
	fetch.max.bytes = 52428800
	fetch.max.wait.ms = 500
	fetch.min.bytes = 1
	group.id = auth_service
	group.instance.id = null
	group.protocol = classic
	group.remote.assignor = null
	heartbeat.interval.ms = 3000
	interceptor.classes = []
	internal.leave.group.on.close = true
	internal.throw.on.fetch.stable.offset.unsupported = false
	isolation.level = read_uncommitted
	key.deserializer = class org.apache.kafka.common.serialization.StringDeserializer
	max.partition.fetch.bytes = 1048576
	max.poll.interval.ms = 300000
	max.poll.records = 500
	metadata.max.age.ms = 300000
	metric.reporters = []
	metrics.num.samples = 2
	metrics.recording.level = INFO
	metrics.sample.window.ms = 30000
	partition.assignment.strategy = [class org.apache.kafka.clients.consumer.RangeAssignor, class org.apache.kafka.clients.consumer.CooperativeStickyAssignor]
	receive.buffer.bytes = 65536
	reconnect.backoff.max.ms = 1000
	reconnect.backoff.ms = 50
	request.timeout.ms = 30000
	retry.backoff.max.ms = 1000
	retry.backoff.ms = 100
	sasl.client.callback.handler.class = null
	sasl.jaas.config = null
	sasl.kerberos.kinit.cmd = /usr/bin/kinit
	sasl.kerberos.min.time.before.relogin = 60000
	sasl.kerberos.service.name = null
	sasl.kerberos.ticket.renew.jitter = 0.05
	sasl.kerberos.ticket.renew.window.factor = 0.8
	sasl.login.callback.handler.class = null
	sasl.login.class = null
	sasl.login.connect.timeout.ms = null
	sasl.login.read.timeout.ms = null
	sasl.login.refresh.buffer.seconds = 300
	sasl.login.refresh.min.period.seconds = 60
	sasl.login.refresh.window.factor = 0.8
	sasl.login.refresh.window.jitter = 0.05
	sasl.login.retry.backoff.max.ms = 10000
	sasl.login.retry.backoff.ms = 100
	sasl.mechanism = GSSAPI
	sasl.oauthbearer.clock.skew.seconds = 30
	sasl.oauthbearer.expected.audience = null
	sasl.oauthbearer.expected.issuer = null
	sasl.oauthbearer.jwks.endpoint.refresh.ms = 3600000
	sasl.oauthbearer.jwks.endpoint.retry.backoff.max.ms = 10000
	sasl.oauthbearer.jwks.endpoint.retry.backoff.ms = 100
	sasl.oauthbearer.jwks.endpoint.url = null
	sasl.oauthbearer.scope.claim.name = scope
	sasl.oauthbearer.sub.claim.name = sub
	sasl.oauthbearer.token.endpoint.url = null
	security.protocol = PLAINTEXT
	security.providers = null
	send.buffer.bytes = 131072
	session.timeout.ms = 45000
	socket.connection.setup.timeout.max.ms = 30000
	socket.connection.setup.timeout.ms = 10000
	ssl.cipher.suites = null
	ssl.enabled.protocols = [TLSv1.2, TLSv1.3]
	ssl.endpoint.identification.algorithm = https
	ssl.engine.factory.class = null
	ssl.key.password = null
	ssl.keymanager.algorithm = SunX509
	ssl.keystore.certificate.chain = null
	ssl.keystore.key = null
	ssl.keystore.location = null
	ssl.keystore.password = null
	ssl.keystore.type = JKS
	ssl.protocol = TLSv1.3
	ssl.provider = null
	ssl.secure.random.implementation = null
	ssl.trustmanager.algorithm = PKIX
	ssl.truststore.certificates = null
	ssl.truststore.location = null
	ssl.truststore.password = null
	ssl.truststore.type = JKS
	value.deserializer = class org.apache.kafka.common.serialization.StringDeserializer

2024-12-15 14:31:50 INFO  o.a.k.c.t.i.KafkaMetricsCollector - initializing Kafka metrics collector
2024-12-15 14:31:50 INFO  o.a.kafka.common.utils.AppInfoParser - Kafka version: 3.7.1
2024-12-15 14:31:50 INFO  o.a.kafka.common.utils.AppInfoParser - Kafka commitId: e2494e6ffb89f828
2024-12-15 14:31:50 INFO  o.a.kafka.common.utils.AppInfoParser - Kafka startTimeMs: 1734247910806
2024-12-15 14:31:50 INFO  o.a.k.c.c.i.LegacyKafkaConsumer - [Consumer clientId=consumer-auth_service-3, groupId=auth_service] Subscribed to topic(s): stop
2024-12-15 14:31:50 INFO  o.a.k.c.consumer.ConsumerConfig - ConsumerConfig values: 
	allow.auto.create.topics = true
	auto.commit.interval.ms = 5000
	auto.include.jmx.reporter = true
	auto.offset.reset = latest
	bootstrap.servers = [37.194.168.90:9092]
	check.crcs = true
	client.dns.lookup = use_all_dns_ips
	client.id = consumer-auth_service-4
	client.rack = 
	connections.max.idle.ms = 540000
	default.api.timeout.ms = 60000
	enable.auto.commit = false
	enable.metrics.push = true
	exclude.internal.topics = true
	fetch.max.bytes = 52428800
	fetch.max.wait.ms = 500
	fetch.min.bytes = 1
	group.id = auth_service
	group.instance.id = null
	group.protocol = classic
	group.remote.assignor = null
	heartbeat.interval.ms = 3000
	interceptor.classes = []
	internal.leave.group.on.close = true
	internal.throw.on.fetch.stable.offset.unsupported = false
	isolation.level = read_uncommitted
	key.deserializer = class org.apache.kafka.common.serialization.StringDeserializer
	max.partition.fetch.bytes = 1048576
	max.poll.interval.ms = 300000
	max.poll.records = 500
	metadata.max.age.ms = 300000
	metric.reporters = []
	metrics.num.samples = 2
	metrics.recording.level = INFO
	metrics.sample.window.ms = 30000
	partition.assignment.strategy = [class org.apache.kafka.clients.consumer.RangeAssignor, class org.apache.kafka.clients.consumer.CooperativeStickyAssignor]
	receive.buffer.bytes = 65536
	reconnect.backoff.max.ms = 1000
	reconnect.backoff.ms = 50
	request.timeout.ms = 30000
	retry.backoff.max.ms = 1000
	retry.backoff.ms = 100
	sasl.client.callback.handler.class = null
	sasl.jaas.config = null
	sasl.kerberos.kinit.cmd = /usr/bin/kinit
	sasl.kerberos.min.time.before.relogin = 60000
	sasl.kerberos.service.name = null
	sasl.kerberos.ticket.renew.jitter = 0.05
	sasl.kerberos.ticket.renew.window.factor = 0.8
	sasl.login.callback.handler.class = null
	sasl.login.class = null
	sasl.login.connect.timeout.ms = null
	sasl.login.read.timeout.ms = null
	sasl.login.refresh.buffer.seconds = 300
	sasl.login.refresh.min.period.seconds = 60
	sasl.login.refresh.window.factor = 0.8
	sasl.login.refresh.window.jitter = 0.05
	sasl.login.retry.backoff.max.ms = 10000
	sasl.login.retry.backoff.ms = 100
	sasl.mechanism = GSSAPI
	sasl.oauthbearer.clock.skew.seconds = 30
	sasl.oauthbearer.expected.audience = null
	sasl.oauthbearer.expected.issuer = null
	sasl.oauthbearer.jwks.endpoint.refresh.ms = 3600000
	sasl.oauthbearer.jwks.endpoint.retry.backoff.max.ms = 10000
	sasl.oauthbearer.jwks.endpoint.retry.backoff.ms = 100
	sasl.oauthbearer.jwks.endpoint.url = null
	sasl.oauthbearer.scope.claim.name = scope
	sasl.oauthbearer.sub.claim.name = sub
	sasl.oauthbearer.token.endpoint.url = null
	security.protocol = PLAINTEXT
	security.providers = null
	send.buffer.bytes = 131072
	session.timeout.ms = 45000
	socket.connection.setup.timeout.max.ms = 30000
	socket.connection.setup.timeout.ms = 10000
	ssl.cipher.suites = null
	ssl.enabled.protocols = [TLSv1.2, TLSv1.3]
	ssl.endpoint.identification.algorithm = https
	ssl.engine.factory.class = null
	ssl.key.password = null
	ssl.keymanager.algorithm = SunX509
	ssl.keystore.certificate.chain = null
	ssl.keystore.key = null
	ssl.keystore.location = null
	ssl.keystore.password = null
	ssl.keystore.type = JKS
	ssl.protocol = TLSv1.3
	ssl.provider = null
	ssl.secure.random.implementation = null
	ssl.trustmanager.algorithm = PKIX
	ssl.truststore.certificates = null
	ssl.truststore.location = null
	ssl.truststore.password = null
	ssl.truststore.type = JKS
	value.deserializer = class org.apache.kafka.common.serialization.StringDeserializer

2024-12-15 14:31:50 INFO  o.a.k.c.t.i.KafkaMetricsCollector - initializing Kafka metrics collector
2024-12-15 14:31:50 INFO  o.a.kafka.common.utils.AppInfoParser - Kafka version: 3.7.1
2024-12-15 14:31:50 INFO  o.a.kafka.common.utils.AppInfoParser - Kafka commitId: e2494e6ffb89f828
2024-12-15 14:31:50 INFO  o.a.kafka.common.utils.AppInfoParser - Kafka startTimeMs: 1734247910811
2024-12-15 14:31:50 INFO  o.a.k.c.c.i.LegacyKafkaConsumer - [Consumer clientId=consumer-auth_service-4, groupId=auth_service] Subscribed to topic(s): status
2024-12-15 14:31:50 INFO  o.a.k.c.consumer.ConsumerConfig - ConsumerConfig values: 
	allow.auto.create.topics = true
	auto.commit.interval.ms = 5000
	auto.include.jmx.reporter = true
	auto.offset.reset = latest
	bootstrap.servers = [37.194.168.90:9092]
	check.crcs = true
	client.dns.lookup = use_all_dns_ips
	client.id = consumer-auth_service-5
	client.rack = 
	connections.max.idle.ms = 540000
	default.api.timeout.ms = 60000
	enable.auto.commit = false
	enable.metrics.push = true
	exclude.internal.topics = true
	fetch.max.bytes = 52428800
	fetch.max.wait.ms = 500
	fetch.min.bytes = 1
	group.id = auth_service
	group.instance.id = null
	group.protocol = classic
	group.remote.assignor = null
	heartbeat.interval.ms = 3000
	interceptor.classes = []
	internal.leave.group.on.close = true
	internal.throw.on.fetch.stable.offset.unsupported = false
	isolation.level = read_uncommitted
	key.deserializer = class org.apache.kafka.common.serialization.StringDeserializer
	max.partition.fetch.bytes = 1048576
	max.poll.interval.ms = 300000
	max.poll.records = 500
	metadata.max.age.ms = 300000
	metric.reporters = []
	metrics.num.samples = 2
	metrics.recording.level = INFO
	metrics.sample.window.ms = 30000
	partition.assignment.strategy = [class org.apache.kafka.clients.consumer.RangeAssignor, class org.apache.kafka.clients.consumer.CooperativeStickyAssignor]
	receive.buffer.bytes = 65536
	reconnect.backoff.max.ms = 1000
	reconnect.backoff.ms = 50
	request.timeout.ms = 30000
	retry.backoff.max.ms = 1000
	retry.backoff.ms = 100
	sasl.client.callback.handler.class = null
	sasl.jaas.config = null
	sasl.kerberos.kinit.cmd = /usr/bin/kinit
	sasl.kerberos.min.time.before.relogin = 60000
	sasl.kerberos.service.name = null
	sasl.kerberos.ticket.renew.jitter = 0.05
	sasl.kerberos.ticket.renew.window.factor = 0.8
	sasl.login.callback.handler.class = null
	sasl.login.class = null
	sasl.login.connect.timeout.ms = null
	sasl.login.read.timeout.ms = null
	sasl.login.refresh.buffer.seconds = 300
	sasl.login.refresh.min.period.seconds = 60
	sasl.login.refresh.window.factor = 0.8
	sasl.login.refresh.window.jitter = 0.05
	sasl.login.retry.backoff.max.ms = 10000
	sasl.login.retry.backoff.ms = 100
	sasl.mechanism = GSSAPI
	sasl.oauthbearer.clock.skew.seconds = 30
	sasl.oauthbearer.expected.audience = null
	sasl.oauthbearer.expected.issuer = null
	sasl.oauthbearer.jwks.endpoint.refresh.ms = 3600000
	sasl.oauthbearer.jwks.endpoint.retry.backoff.max.ms = 10000
	sasl.oauthbearer.jwks.endpoint.retry.backoff.ms = 100
	sasl.oauthbearer.jwks.endpoint.url = null
	sasl.oauthbearer.scope.claim.name = scope
	sasl.oauthbearer.sub.claim.name = sub
	sasl.oauthbearer.token.endpoint.url = null
	security.protocol = PLAINTEXT
	security.providers = null
	send.buffer.bytes = 131072
	session.timeout.ms = 45000
	socket.connection.setup.timeout.max.ms = 30000
	socket.connection.setup.timeout.ms = 10000
	ssl.cipher.suites = null
	ssl.enabled.protocols = [TLSv1.2, TLSv1.3]
	ssl.endpoint.identification.algorithm = https
	ssl.engine.factory.class = null
	ssl.key.password = null
	ssl.keymanager.algorithm = SunX509
	ssl.keystore.certificate.chain = null
	ssl.keystore.key = null
	ssl.keystore.location = null
	ssl.keystore.password = null
	ssl.keystore.type = JKS
	ssl.protocol = TLSv1.3
	ssl.provider = null
	ssl.secure.random.implementation = null
	ssl.trustmanager.algorithm = PKIX
	ssl.truststore.certificates = null
	ssl.truststore.location = null
	ssl.truststore.password = null
	ssl.truststore.type = JKS
	value.deserializer = class org.apache.kafka.common.serialization.StringDeserializer

2024-12-15 14:31:50 INFO  o.a.k.c.t.i.KafkaMetricsCollector - initializing Kafka metrics collector
2024-12-15 14:31:50 INFO  o.a.kafka.common.utils.AppInfoParser - Kafka version: 3.7.1
2024-12-15 14:31:50 INFO  o.a.kafka.common.utils.AppInfoParser - Kafka commitId: e2494e6ffb89f828
2024-12-15 14:31:50 INFO  o.a.kafka.common.utils.AppInfoParser - Kafka startTimeMs: 1734247910816
2024-12-15 14:31:50 INFO  o.a.k.c.c.i.LegacyKafkaConsumer - [Consumer clientId=consumer-auth_service-5, groupId=auth_service] Subscribed to topic(s): registry
2024-12-15 14:31:50 INFO  o.a.k.c.consumer.ConsumerConfig - ConsumerConfig values: 
	allow.auto.create.topics = true
	auto.commit.interval.ms = 5000
	auto.include.jmx.reporter = true
	auto.offset.reset = latest
	bootstrap.servers = [37.194.168.90:9092]
	check.crcs = true
	client.dns.lookup = use_all_dns_ips
	client.id = consumer-auth_service-6
	client.rack = 
	connections.max.idle.ms = 540000
	default.api.timeout.ms = 60000
	enable.auto.commit = false
	enable.metrics.push = true
	exclude.internal.topics = true
	fetch.max.bytes = 52428800
	fetch.max.wait.ms = 500
	fetch.min.bytes = 1
	group.id = auth_service
	group.instance.id = null
	group.protocol = classic
	group.remote.assignor = null
	heartbeat.interval.ms = 3000
	interceptor.classes = []
	internal.leave.group.on.close = true
	internal.throw.on.fetch.stable.offset.unsupported = false
	isolation.level = read_uncommitted
	key.deserializer = class org.apache.kafka.common.serialization.StringDeserializer
	max.partition.fetch.bytes = 1048576
	max.poll.interval.ms = 300000
	max.poll.records = 500
	metadata.max.age.ms = 300000
	metric.reporters = []
	metrics.num.samples = 2
	metrics.recording.level = INFO
	metrics.sample.window.ms = 30000
	partition.assignment.strategy = [class org.apache.kafka.clients.consumer.RangeAssignor, class org.apache.kafka.clients.consumer.CooperativeStickyAssignor]
	receive.buffer.bytes = 65536
	reconnect.backoff.max.ms = 1000
	reconnect.backoff.ms = 50
	request.timeout.ms = 30000
	retry.backoff.max.ms = 1000
	retry.backoff.ms = 100
	sasl.client.callback.handler.class = null
	sasl.jaas.config = null
	sasl.kerberos.kinit.cmd = /usr/bin/kinit
	sasl.kerberos.min.time.before.relogin = 60000
	sasl.kerberos.service.name = null
	sasl.kerberos.ticket.renew.jitter = 0.05
	sasl.kerberos.ticket.renew.window.factor = 0.8
	sasl.login.callback.handler.class = null
	sasl.login.class = null
	sasl.login.connect.timeout.ms = null
	sasl.login.read.timeout.ms = null
	sasl.login.refresh.buffer.seconds = 300
	sasl.login.refresh.min.period.seconds = 60
	sasl.login.refresh.window.factor = 0.8
	sasl.login.refresh.window.jitter = 0.05
	sasl.login.retry.backoff.max.ms = 10000
	sasl.login.retry.backoff.ms = 100
	sasl.mechanism = GSSAPI
	sasl.oauthbearer.clock.skew.seconds = 30
	sasl.oauthbearer.expected.audience = null
	sasl.oauthbearer.expected.issuer = null
	sasl.oauthbearer.jwks.endpoint.refresh.ms = 3600000
	sasl.oauthbearer.jwks.endpoint.retry.backoff.max.ms = 10000
	sasl.oauthbearer.jwks.endpoint.retry.backoff.ms = 100
	sasl.oauthbearer.jwks.endpoint.url = null
	sasl.oauthbearer.scope.claim.name = scope
	sasl.oauthbearer.sub.claim.name = sub
	sasl.oauthbearer.token.endpoint.url = null
	security.protocol = PLAINTEXT
	security.providers = null
	send.buffer.bytes = 131072
	session.timeout.ms = 45000
	socket.connection.setup.timeout.max.ms = 30000
	socket.connection.setup.timeout.ms = 10000
	ssl.cipher.suites = null
	ssl.enabled.protocols = [TLSv1.2, TLSv1.3]
	ssl.endpoint.identification.algorithm = https
	ssl.engine.factory.class = null
	ssl.key.password = null
	ssl.keymanager.algorithm = SunX509
	ssl.keystore.certificate.chain = null
	ssl.keystore.key = null
	ssl.keystore.location = null
	ssl.keystore.password = null
	ssl.keystore.type = JKS
	ssl.protocol = TLSv1.3
	ssl.provider = null
	ssl.secure.random.implementation = null
	ssl.trustmanager.algorithm = PKIX
	ssl.truststore.certificates = null
	ssl.truststore.location = null
	ssl.truststore.password = null
	ssl.truststore.type = JKS
	value.deserializer = class org.apache.kafka.common.serialization.StringDeserializer

2024-12-15 14:31:50 INFO  o.a.k.c.t.i.KafkaMetricsCollector - initializing Kafka metrics collector
2024-12-15 14:31:50 INFO  o.a.kafka.common.utils.AppInfoParser - Kafka version: 3.7.1
2024-12-15 14:31:50 INFO  o.a.kafka.common.utils.AppInfoParser - Kafka commitId: e2494e6ffb89f828
2024-12-15 14:31:50 INFO  o.a.kafka.common.utils.AppInfoParser - Kafka startTimeMs: 1734247910819
2024-12-15 14:31:50 INFO  o.a.k.c.c.i.LegacyKafkaConsumer - [Consumer clientId=consumer-auth_service-6, groupId=auth_service] Subscribed to topic(s): getLink
2024-12-15 14:31:50 INFO  o.a.k.c.consumer.ConsumerConfig - ConsumerConfig values: 
	allow.auto.create.topics = true
	auto.commit.interval.ms = 5000
	auto.include.jmx.reporter = true
	auto.offset.reset = latest
	bootstrap.servers = [37.194.168.90:9092]
	check.crcs = true
	client.dns.lookup = use_all_dns_ips
	client.id = consumer-auth_service-7
	client.rack = 
	connections.max.idle.ms = 540000
	default.api.timeout.ms = 60000
	enable.auto.commit = false
	enable.metrics.push = true
	exclude.internal.topics = true
	fetch.max.bytes = 52428800
	fetch.max.wait.ms = 500
	fetch.min.bytes = 1
	group.id = auth_service
	group.instance.id = null
	group.protocol = classic
	group.remote.assignor = null
	heartbeat.interval.ms = 3000
	interceptor.classes = []
	internal.leave.group.on.close = true
	internal.throw.on.fetch.stable.offset.unsupported = false
	isolation.level = read_uncommitted
	key.deserializer = class org.apache.kafka.common.serialization.StringDeserializer
	max.partition.fetch.bytes = 1048576
	max.poll.interval.ms = 300000
	max.poll.records = 500
	metadata.max.age.ms = 300000
	metric.reporters = []
	metrics.num.samples = 2
	metrics.recording.level = INFO
	metrics.sample.window.ms = 30000
	partition.assignment.strategy = [class org.apache.kafka.clients.consumer.RangeAssignor, class org.apache.kafka.clients.consumer.CooperativeStickyAssignor]
	receive.buffer.bytes = 65536
	reconnect.backoff.max.ms = 1000
	reconnect.backoff.ms = 50
	request.timeout.ms = 30000
	retry.backoff.max.ms = 1000
	retry.backoff.ms = 100
	sasl.client.callback.handler.class = null
	sasl.jaas.config = null
	sasl.kerberos.kinit.cmd = /usr/bin/kinit
	sasl.kerberos.min.time.before.relogin = 60000
	sasl.kerberos.service.name = null
	sasl.kerberos.ticket.renew.jitter = 0.05
	sasl.kerberos.ticket.renew.window.factor = 0.8
	sasl.login.callback.handler.class = null
	sasl.login.class = null
	sasl.login.connect.timeout.ms = null
	sasl.login.read.timeout.ms = null
	sasl.login.refresh.buffer.seconds = 300
	sasl.login.refresh.min.period.seconds = 60
	sasl.login.refresh.window.factor = 0.8
	sasl.login.refresh.window.jitter = 0.05
	sasl.login.retry.backoff.max.ms = 10000
	sasl.login.retry.backoff.ms = 100
	sasl.mechanism = GSSAPI
	sasl.oauthbearer.clock.skew.seconds = 30
	sasl.oauthbearer.expected.audience = null
	sasl.oauthbearer.expected.issuer = null
	sasl.oauthbearer.jwks.endpoint.refresh.ms = 3600000
	sasl.oauthbearer.jwks.endpoint.retry.backoff.max.ms = 10000
	sasl.oauthbearer.jwks.endpoint.retry.backoff.ms = 100
	sasl.oauthbearer.jwks.endpoint.url = null
	sasl.oauthbearer.scope.claim.name = scope
	sasl.oauthbearer.sub.claim.name = sub
	sasl.oauthbearer.token.endpoint.url = null
	security.protocol = PLAINTEXT
	security.providers = null
	send.buffer.bytes = 131072
	session.timeout.ms = 45000
	socket.connection.setup.timeout.max.ms = 30000
	socket.connection.setup.timeout.ms = 10000
	ssl.cipher.suites = null
	ssl.enabled.protocols = [TLSv1.2, TLSv1.3]
	ssl.endpoint.identification.algorithm = https
	ssl.engine.factory.class = null
	ssl.key.password = null
	ssl.keymanager.algorithm = SunX509
	ssl.keystore.certificate.chain = null
	ssl.keystore.key = null
	ssl.keystore.location = null
	ssl.keystore.password = null
	ssl.keystore.type = JKS
	ssl.protocol = TLSv1.3
	ssl.provider = null
	ssl.secure.random.implementation = null
	ssl.trustmanager.algorithm = PKIX
	ssl.truststore.certificates = null
	ssl.truststore.location = null
	ssl.truststore.password = null
	ssl.truststore.type = JKS
	value.deserializer = class org.apache.kafka.common.serialization.StringDeserializer

2024-12-15 14:31:50 INFO  o.a.k.c.t.i.KafkaMetricsCollector - initializing Kafka metrics collector
2024-12-15 14:31:50 INFO  o.a.kafka.common.utils.AppInfoParser - Kafka version: 3.7.1
2024-12-15 14:31:50 INFO  o.a.kafka.common.utils.AppInfoParser - Kafka commitId: e2494e6ffb89f828
2024-12-15 14:31:50 INFO  o.a.kafka.common.utils.AppInfoParser - Kafka startTimeMs: 1734247910823
2024-12-15 14:31:50 INFO  o.a.k.c.c.i.LegacyKafkaConsumer - [Consumer clientId=consumer-auth_service-7, groupId=auth_service] Subscribed to topic(s): filter
2024-12-15 14:31:50 INFO  o.a.k.c.consumer.ConsumerConfig - ConsumerConfig values: 
	allow.auto.create.topics = true
	auto.commit.interval.ms = 5000
	auto.include.jmx.reporter = true
	auto.offset.reset = latest
	bootstrap.servers = [37.194.168.90:9092]
	check.crcs = true
	client.dns.lookup = use_all_dns_ips
	client.id = consumer-auth_service-8
	client.rack = 
	connections.max.idle.ms = 540000
	default.api.timeout.ms = 60000
	enable.auto.commit = false
	enable.metrics.push = true
	exclude.internal.topics = true
	fetch.max.bytes = 52428800
	fetch.max.wait.ms = 500
	fetch.min.bytes = 1
	group.id = auth_service
	group.instance.id = null
	group.protocol = classic
	group.remote.assignor = null
	heartbeat.interval.ms = 3000
	interceptor.classes = []
	internal.leave.group.on.close = true
	internal.throw.on.fetch.stable.offset.unsupported = false
	isolation.level = read_uncommitted
	key.deserializer = class org.apache.kafka.common.serialization.StringDeserializer
	max.partition.fetch.bytes = 1048576
	max.poll.interval.ms = 300000
	max.poll.records = 500
	metadata.max.age.ms = 300000
	metric.reporters = []
	metrics.num.samples = 2
	metrics.recording.level = INFO
	metrics.sample.window.ms = 30000
	partition.assignment.strategy = [class org.apache.kafka.clients.consumer.RangeAssignor, class org.apache.kafka.clients.consumer.CooperativeStickyAssignor]
	receive.buffer.bytes = 65536
	reconnect.backoff.max.ms = 1000
	reconnect.backoff.ms = 50
	request.timeout.ms = 30000
	retry.backoff.max.ms = 1000
	retry.backoff.ms = 100
	sasl.client.callback.handler.class = null
	sasl.jaas.config = null
	sasl.kerberos.kinit.cmd = /usr/bin/kinit
	sasl.kerberos.min.time.before.relogin = 60000
	sasl.kerberos.service.name = null
	sasl.kerberos.ticket.renew.jitter = 0.05
	sasl.kerberos.ticket.renew.window.factor = 0.8
	sasl.login.callback.handler.class = null
	sasl.login.class = null
	sasl.login.connect.timeout.ms = null
	sasl.login.read.timeout.ms = null
	sasl.login.refresh.buffer.seconds = 300
	sasl.login.refresh.min.period.seconds = 60
	sasl.login.refresh.window.factor = 0.8
	sasl.login.refresh.window.jitter = 0.05
	sasl.login.retry.backoff.max.ms = 10000
	sasl.login.retry.backoff.ms = 100
	sasl.mechanism = GSSAPI
	sasl.oauthbearer.clock.skew.seconds = 30
	sasl.oauthbearer.expected.audience = null
	sasl.oauthbearer.expected.issuer = null
	sasl.oauthbearer.jwks.endpoint.refresh.ms = 3600000
	sasl.oauthbearer.jwks.endpoint.retry.backoff.max.ms = 10000
	sasl.oauthbearer.jwks.endpoint.retry.backoff.ms = 100
	sasl.oauthbearer.jwks.endpoint.url = null
	sasl.oauthbearer.scope.claim.name = scope
	sasl.oauthbearer.sub.claim.name = sub
	sasl.oauthbearer.token.endpoint.url = null
	security.protocol = PLAINTEXT
	security.providers = null
	send.buffer.bytes = 131072
	session.timeout.ms = 45000
	socket.connection.setup.timeout.max.ms = 30000
	socket.connection.setup.timeout.ms = 10000
	ssl.cipher.suites = null
	ssl.enabled.protocols = [TLSv1.2, TLSv1.3]
	ssl.endpoint.identification.algorithm = https
	ssl.engine.factory.class = null
	ssl.key.password = null
	ssl.keymanager.algorithm = SunX509
	ssl.keystore.certificate.chain = null
	ssl.keystore.key = null
	ssl.keystore.location = null
	ssl.keystore.password = null
	ssl.keystore.type = JKS
	ssl.protocol = TLSv1.3
	ssl.provider = null
	ssl.secure.random.implementation = null
	ssl.trustmanager.algorithm = PKIX
	ssl.truststore.certificates = null
	ssl.truststore.location = null
	ssl.truststore.password = null
	ssl.truststore.type = JKS
	value.deserializer = class org.apache.kafka.common.serialization.StringDeserializer

2024-12-15 14:31:50 INFO  o.a.k.c.t.i.KafkaMetricsCollector - initializing Kafka metrics collector
2024-12-15 14:31:50 INFO  o.a.kafka.common.utils.AppInfoParser - Kafka version: 3.7.1
2024-12-15 14:31:50 INFO  o.a.kafka.common.utils.AppInfoParser - Kafka commitId: e2494e6ffb89f828
2024-12-15 14:31:50 INFO  o.a.kafka.common.utils.AppInfoParser - Kafka startTimeMs: 1734247910827
2024-12-15 14:31:50 INFO  o.a.k.c.c.i.LegacyKafkaConsumer - [Consumer clientId=consumer-auth_service-8, groupId=auth_service] Subscribed to topic(s): start
2024-12-15 14:31:50 INFO  c.e.demo.HhRecruiterApplicationKt - Started HhRecruiterApplicationKt in 9.605 seconds (process running for 10.107)
2024-12-15 14:31:50 INFO  c.e.demo.service.NotificationService - Запуск нотификации
2024-12-15 14:31:50 DEBUG c.e.demo.service.NotificationService - Получено сообщение: Message(messageId=54, messageThreadId=null, from=User(id=1452117849, firstName=Nurlan, isBot=false, lastName=null, userName=Nurlan1402, languageCode=en, canJoinGroups=null, canReadAllGroupMessages=null, supportInlineQueries=null, isPremium=null, addedToAttachmentMenu=null), date=1734247581, chat=Chat(id=1452117849, type=private, title=null, firstName=Nurlan, lastName=null, userName=Nurlan1402, photo=null, description=null, inviteLink=null, pinnedMessage=null, stickerSetName=null, canSetStickerSet=null, permissions=null, slowModeDelay=null, bio=null, linkedChatId=null, location=null, messageAutoDeleteTime=null, hasPrivateForwards=null, HasProtectedContent=null, joinToSendMessages=null, joinByRequest=null, hasRestrictedVoiceAndVideoMessages=null, isForum=null, activeUsernames=null, emojiStatusCustomEmojiId=null, hasAggressiveAntiSpamEnabled=null, hasHiddenMembers=null, emojiStatusExpirationDate=null, availableReactions=null, accentColorId=null, backgroundCustomEmojiId=null, profileAccentColorId=null, profileBackgroundCustomEmojiId=null, hasVisibleHistory=null, unrestrictBoostCount=null, customEmojiStickerSetName=null), forwardFrom=null, forwardFromChat=null, forwardDate=null, text=/start, entities=[MessageEntity(type=bot_command, offset=0, length=6, url=null, user=null, language=null, customEmojiId=null, text=/start)], captionEntities=null, audio=null, document=null, photo=null, sticker=null, video=null, contact=null, location=null, venue=null, animation=null, pinnedMessage=null, newChatMembers=[], leftChatMember=null, newChatTitle=null, newChatPhoto=null, deleteChatPhoto=null, groupchatCreated=null, replyToMessage=null, voice=null, caption=null, superGroupCreated=null, channelChatCreated=null, migrateToChatId=null, migrateFromChatId=null, editDate=null, game=null, forwardFromMessageId=null, invoice=null, successfulPayment=null, videoNote=null, authorSignature=null, forwardSignature=null, mediaGroupId=null, connectedWebsite=null, passportData=null, forwardSenderName=null, poll=null, replyMarkup=null, dice=null, viaBot=null, senderChat=null, proximityAlertTriggered=null, messageAutoDeleteTimerChanged=null, isAutomaticForward=null, hasProtectedContent=null, webAppData=null, videoChatStarted=null, videoChatEnded=null, videoChatParticipantsInvited=null, videoChatScheduled=null, isTopicMessage=null, forumTopicCreated=null, forumTopicClosed=null, forumTopicReopened=null, forumTopicEdited=null, generalForumTopicHidden=null, generalForumTopicUnhidden=null, writeAccessAllowed=null, hasMediaSpoiler=null, userShared=null, chatShared=null, story=null, externalReplyInfo=null, forwardOrigin=null, linkPreviewOptions=null, quote=null, usersShared=null, giveawayCreated=null, giveaway=null, giveawayWinners=null, giveawayCompleted=null, replyToStory=null, boostAdded=null, senderBoostCount=null)
2024-12-15 14:31:51 INFO  org.apache.kafka.clients.Metadata - [Consumer clientId=consumer-auth_service-4, groupId=auth_service] Cluster ID: rs0KtrdkQsGY2gwAHle7dQ
2024-12-15 14:31:51 INFO  org.apache.kafka.clients.Metadata - [Consumer clientId=consumer-auth_service-2, groupId=auth_service] Cluster ID: rs0KtrdkQsGY2gwAHle7dQ
2024-12-15 14:31:51 INFO  org.apache.kafka.clients.Metadata - [Consumer clientId=consumer-auth_service-3, groupId=auth_service] Cluster ID: rs0KtrdkQsGY2gwAHle7dQ
2024-12-15 14:31:51 INFO  org.apache.kafka.clients.Metadata - [Consumer clientId=consumer-auth_service-6, groupId=auth_service] Cluster ID: rs0KtrdkQsGY2gwAHle7dQ
2024-12-15 14:31:51 INFO  org.apache.kafka.clients.Metadata - [Consumer clientId=consumer-auth_service-1, groupId=auth_service] Cluster ID: rs0KtrdkQsGY2gwAHle7dQ
2024-12-15 14:31:51 INFO  org.apache.kafka.clients.Metadata - [Consumer clientId=consumer-auth_service-7, groupId=auth_service] Cluster ID: rs0KtrdkQsGY2gwAHle7dQ
2024-12-15 14:31:51 INFO  org.apache.kafka.clients.Metadata - [Consumer clientId=consumer-auth_service-5, groupId=auth_service] Cluster ID: rs0KtrdkQsGY2gwAHle7dQ
2024-12-15 14:31:51 INFO  org.apache.kafka.clients.Metadata - [Consumer clientId=consumer-auth_service-8, groupId=auth_service] Cluster ID: rs0KtrdkQsGY2gwAHle7dQ
2024-12-15 14:31:51 INFO  o.a.k.c.c.i.ConsumerCoordinator - [Consumer clientId=consumer-auth_service-1, groupId=auth_service] Discovered group coordinator 37.194.168.90:9092 (id: 2147483646 rack: null)
2024-12-15 14:31:51 INFO  o.a.k.c.c.i.ConsumerCoordinator - [Consumer clientId=consumer-auth_service-8, groupId=auth_service] Discovered group coordinator 37.194.168.90:9092 (id: 2147483646 rack: null)
2024-12-15 14:31:51 INFO  o.a.k.c.c.i.ConsumerCoordinator - [Consumer clientId=consumer-auth_service-3, groupId=auth_service] Discovered group coordinator 37.194.168.90:9092 (id: 2147483646 rack: null)
2024-12-15 14:31:51 INFO  o.a.k.c.c.i.ConsumerCoordinator - [Consumer clientId=consumer-auth_service-4, groupId=auth_service] Discovered group coordinator 37.194.168.90:9092 (id: 2147483646 rack: null)
2024-12-15 14:31:51 INFO  o.a.k.c.c.i.ConsumerCoordinator - [Consumer clientId=consumer-auth_service-2, groupId=auth_service] Discovered group coordinator 37.194.168.90:9092 (id: 2147483646 rack: null)
2024-12-15 14:31:51 INFO  o.a.k.c.c.i.ConsumerCoordinator - [Consumer clientId=consumer-auth_service-7, groupId=auth_service] Discovered group coordinator 37.194.168.90:9092 (id: 2147483646 rack: null)
2024-12-15 14:31:51 INFO  o.a.k.c.c.i.ConsumerCoordinator - [Consumer clientId=consumer-auth_service-6, groupId=auth_service] Discovered group coordinator 37.194.168.90:9092 (id: 2147483646 rack: null)
2024-12-15 14:31:51 INFO  o.a.k.c.c.i.ConsumerCoordinator - [Consumer clientId=consumer-auth_service-5, groupId=auth_service] Discovered group coordinator 37.194.168.90:9092 (id: 2147483646 rack: null)
2024-12-15 14:31:51 INFO  o.a.k.c.c.i.ConsumerCoordinator - [Consumer clientId=consumer-auth_service-8, groupId=auth_service] (Re-)joining group
2024-12-15 14:31:51 INFO  o.a.k.c.c.i.ConsumerCoordinator - [Consumer clientId=consumer-auth_service-1, groupId=auth_service] (Re-)joining group
2024-12-15 14:31:51 INFO  o.a.k.c.c.i.ConsumerCoordinator - [Consumer clientId=consumer-auth_service-2, groupId=auth_service] (Re-)joining group
2024-12-15 14:31:51 INFO  o.a.k.c.c.i.ConsumerCoordinator - [Consumer clientId=consumer-auth_service-5, groupId=auth_service] (Re-)joining group
2024-12-15 14:31:51 INFO  o.a.k.c.c.i.ConsumerCoordinator - [Consumer clientId=consumer-auth_service-3, groupId=auth_service] (Re-)joining group
2024-12-15 14:31:51 INFO  o.a.k.c.c.i.ConsumerCoordinator - [Consumer clientId=consumer-auth_service-7, groupId=auth_service] (Re-)joining group
2024-12-15 14:31:51 INFO  o.a.k.c.c.i.ConsumerCoordinator - [Consumer clientId=consumer-auth_service-4, groupId=auth_service] (Re-)joining group
2024-12-15 14:31:51 INFO  o.a.k.c.c.i.ConsumerCoordinator - [Consumer clientId=consumer-auth_service-6, groupId=auth_service] (Re-)joining group
2024-12-15 14:31:51 INFO  o.a.k.c.c.i.ConsumerCoordinator - [Consumer clientId=consumer-auth_service-6, groupId=auth_service] Request joining group due to: need to re-join with the given member-id: consumer-auth_service-6-8a090ebe-9cc9-450d-b6ec-eb6ab9357639
2024-12-15 14:31:51 INFO  o.a.k.c.c.i.ConsumerCoordinator - [Consumer clientId=consumer-auth_service-1, groupId=auth_service] Request joining group due to: need to re-join with the given member-id: consumer-auth_service-1-cec32079-ae0f-4d5c-a66c-4429e84f31b1
2024-12-15 14:31:51 INFO  o.a.k.c.c.i.ConsumerCoordinator - [Consumer clientId=consumer-auth_service-6, groupId=auth_service] (Re-)joining group
2024-12-15 14:31:51 INFO  o.a.k.c.c.i.ConsumerCoordinator - [Consumer clientId=consumer-auth_service-1, groupId=auth_service] (Re-)joining group
2024-12-15 14:31:51 INFO  o.a.k.c.c.i.ConsumerCoordinator - [Consumer clientId=consumer-auth_service-5, groupId=auth_service] Request joining group due to: need to re-join with the given member-id: consumer-auth_service-5-65644ced-3986-4875-b330-400c1162b5ce
2024-12-15 14:31:51 INFO  o.a.k.c.c.i.ConsumerCoordinator - [Consumer clientId=consumer-auth_service-5, groupId=auth_service] (Re-)joining group
2024-12-15 14:31:51 INFO  o.a.k.c.c.i.ConsumerCoordinator - [Consumer clientId=consumer-auth_service-3, groupId=auth_service] Request joining group due to: need to re-join with the given member-id: consumer-auth_service-3-e0c62b68-9066-4552-9497-6dab9e09f937
2024-12-15 14:31:51 INFO  o.a.k.c.c.i.ConsumerCoordinator - [Consumer clientId=consumer-auth_service-4, groupId=auth_service] Request joining group due to: need to re-join with the given member-id: consumer-auth_service-4-b00c60ad-834f-4195-a38d-a878153a399e
2024-12-15 14:31:51 INFO  o.a.k.c.c.i.ConsumerCoordinator - [Consumer clientId=consumer-auth_service-2, groupId=auth_service] Request joining group due to: need to re-join with the given member-id: consumer-auth_service-2-9f15f2f1-f1f6-4a5f-b783-e4a4ebb37c5d
2024-12-15 14:31:51 INFO  o.a.k.c.c.i.ConsumerCoordinator - [Consumer clientId=consumer-auth_service-3, groupId=auth_service] (Re-)joining group
2024-12-15 14:31:51 INFO  o.a.k.c.c.i.ConsumerCoordinator - [Consumer clientId=consumer-auth_service-4, groupId=auth_service] (Re-)joining group
2024-12-15 14:31:51 INFO  o.a.k.c.c.i.ConsumerCoordinator - [Consumer clientId=consumer-auth_service-2, groupId=auth_service] (Re-)joining group
2024-12-15 14:31:51 INFO  o.a.k.c.c.i.ConsumerCoordinator - [Consumer clientId=consumer-auth_service-7, groupId=auth_service] Request joining group due to: need to re-join with the given member-id: consumer-auth_service-7-a68bfd56-c9eb-46f2-bbf6-65eb6374e0e5
2024-12-15 14:31:51 INFO  o.a.k.c.c.i.ConsumerCoordinator - [Consumer clientId=consumer-auth_service-7, groupId=auth_service] (Re-)joining group
2024-12-15 14:31:51 INFO  o.a.k.c.c.i.ConsumerCoordinator - [Consumer clientId=consumer-auth_service-8, groupId=auth_service] Request joining group due to: need to re-join with the given member-id: consumer-auth_service-8-668a618e-7d93-4cf4-88ee-39bd1e1e17cb
2024-12-15 14:31:51 INFO  o.a.k.c.c.i.ConsumerCoordinator - [Consumer clientId=consumer-auth_service-8, groupId=auth_service] (Re-)joining group
2024-12-15 14:31:54 INFO  o.a.k.c.c.i.ConsumerCoordinator - [Consumer clientId=consumer-auth_service-6, groupId=auth_service] Successfully joined group with generation Generation{generationId=1259, memberId='consumer-auth_service-6-8a090ebe-9cc9-450d-b6ec-eb6ab9357639', protocol='range'}
2024-12-15 14:31:54 INFO  o.a.k.c.c.i.ConsumerCoordinator - [Consumer clientId=consumer-auth_service-1, groupId=auth_service] Successfully joined group with generation Generation{generationId=1259, memberId='consumer-auth_service-1-cec32079-ae0f-4d5c-a66c-4429e84f31b1', protocol='range'}
2024-12-15 14:31:54 INFO  o.a.k.c.c.i.ConsumerCoordinator - [Consumer clientId=consumer-auth_service-3, groupId=auth_service] Successfully joined group with generation Generation{generationId=1259, memberId='consumer-auth_service-3-e0c62b68-9066-4552-9497-6dab9e09f937', protocol='range'}
2024-12-15 14:31:54 INFO  o.a.k.c.c.i.ConsumerCoordinator - [Consumer clientId=consumer-auth_service-2, groupId=auth_service] Successfully joined group with generation Generation{generationId=1259, memberId='consumer-auth_service-2-9f15f2f1-f1f6-4a5f-b783-e4a4ebb37c5d', protocol='range'}
2024-12-15 14:31:54 INFO  o.a.k.c.c.i.ConsumerCoordinator - [Consumer clientId=consumer-auth_service-7, groupId=auth_service] Successfully joined group with generation Generation{generationId=1259, memberId='consumer-auth_service-7-a68bfd56-c9eb-46f2-bbf6-65eb6374e0e5', protocol='range'}
2024-12-15 14:31:54 INFO  o.a.k.c.c.i.ConsumerCoordinator - [Consumer clientId=consumer-auth_service-5, groupId=auth_service] Successfully joined group with generation Generation{generationId=1259, memberId='consumer-auth_service-5-65644ced-3986-4875-b330-400c1162b5ce', protocol='range'}
2024-12-15 14:31:54 INFO  o.a.k.c.c.i.ConsumerCoordinator - [Consumer clientId=consumer-auth_service-4, groupId=auth_service] Successfully joined group with generation Generation{generationId=1259, memberId='consumer-auth_service-4-b00c60ad-834f-4195-a38d-a878153a399e', protocol='range'}
2024-12-15 14:31:54 INFO  o.a.k.c.c.i.ConsumerCoordinator - [Consumer clientId=consumer-auth_service-8, groupId=auth_service] Successfully joined group with generation Generation{generationId=1259, memberId='consumer-auth_service-8-668a618e-7d93-4cf4-88ee-39bd1e1e17cb', protocol='range'}
2024-12-15 14:31:55 INFO  o.a.k.c.c.i.ConsumerCoordinator - [Consumer clientId=consumer-auth_service-1, groupId=auth_service] Finished assignment for group at generation 1259: {consumer-auth_service-7-a68bfd56-c9eb-46f2-bbf6-65eb6374e0e5=Assignment(partitions=[filter-0]), consumer-auth_service-3-e0c62b68-9066-4552-9497-6dab9e09f937=Assignment(partitions=[stop-0]), consumer-auth_service-6-8a090ebe-9cc9-450d-b6ec-eb6ab9357639=Assignment(partitions=[getLink-0]), consumer-auth_service-2-9f15f2f1-f1f6-4a5f-b783-e4a4ebb37c5d=Assignment(partitions=[profile-0]), consumer-auth_service-5-65644ced-3986-4875-b330-400c1162b5ce=Assignment(partitions=[registry-0]), consumer-auth_service-1-cec32079-ae0f-4d5c-a66c-4429e84f31b1=Assignment(partitions=[ping-0]), consumer-auth_service-4-b00c60ad-834f-4195-a38d-a878153a399e=Assignment(partitions=[status-0]), consumer-auth_service-8-668a618e-7d93-4cf4-88ee-39bd1e1e17cb=Assignment(partitions=[start-0])}
2024-12-15 14:31:55 INFO  o.a.k.c.c.i.ConsumerCoordinator - [Consumer clientId=consumer-auth_service-6, groupId=auth_service] Successfully synced group in generation Generation{generationId=1259, memberId='consumer-auth_service-6-8a090ebe-9cc9-450d-b6ec-eb6ab9357639', protocol='range'}
2024-12-15 14:31:55 INFO  o.a.k.c.c.i.ConsumerCoordinator - [Consumer clientId=consumer-auth_service-6, groupId=auth_service] Notifying assignor about the new Assignment(partitions=[getLink-0])
2024-12-15 14:31:55 INFO  o.a.k.c.c.i.ConsumerCoordinator - [Consumer clientId=consumer-auth_service-1, groupId=auth_service] Successfully synced group in generation Generation{generationId=1259, memberId='consumer-auth_service-1-cec32079-ae0f-4d5c-a66c-4429e84f31b1', protocol='range'}
2024-12-15 14:31:55 INFO  o.a.k.c.c.i.ConsumerCoordinator - [Consumer clientId=consumer-auth_service-1, groupId=auth_service] Notifying assignor about the new Assignment(partitions=[ping-0])
2024-12-15 14:31:55 INFO  o.a.k.c.c.i.ConsumerRebalanceListenerInvoker - [Consumer clientId=consumer-auth_service-1, groupId=auth_service] Adding newly assigned partitions: ping-0
2024-12-15 14:31:55 INFO  o.a.k.c.c.i.ConsumerRebalanceListenerInvoker - [Consumer clientId=consumer-auth_service-6, groupId=auth_service] Adding newly assigned partitions: getLink-0
2024-12-15 14:31:55 INFO  o.a.k.c.c.i.ConsumerCoordinator - [Consumer clientId=consumer-auth_service-4, groupId=auth_service] Successfully synced group in generation Generation{generationId=1259, memberId='consumer-auth_service-4-b00c60ad-834f-4195-a38d-a878153a399e', protocol='range'}
2024-12-15 14:31:55 INFO  o.a.k.c.c.i.ConsumerCoordinator - [Consumer clientId=consumer-auth_service-2, groupId=auth_service] Successfully synced group in generation Generation{generationId=1259, memberId='consumer-auth_service-2-9f15f2f1-f1f6-4a5f-b783-e4a4ebb37c5d', protocol='range'}
2024-12-15 14:31:55 INFO  o.a.k.c.c.i.ConsumerCoordinator - [Consumer clientId=consumer-auth_service-3, groupId=auth_service] Successfully synced group in generation Generation{generationId=1259, memberId='consumer-auth_service-3-e0c62b68-9066-4552-9497-6dab9e09f937', protocol='range'}
2024-12-15 14:31:55 INFO  o.a.k.c.c.i.ConsumerCoordinator - [Consumer clientId=consumer-auth_service-4, groupId=auth_service] Notifying assignor about the new Assignment(partitions=[status-0])
2024-12-15 14:31:55 INFO  o.a.k.c.c.i.ConsumerCoordinator - [Consumer clientId=consumer-auth_service-3, groupId=auth_service] Notifying assignor about the new Assignment(partitions=[stop-0])
2024-12-15 14:31:55 INFO  o.a.k.c.c.i.ConsumerRebalanceListenerInvoker - [Consumer clientId=consumer-auth_service-4, groupId=auth_service] Adding newly assigned partitions: status-0
2024-12-15 14:31:55 INFO  o.a.k.c.c.i.ConsumerCoordinator - [Consumer clientId=consumer-auth_service-2, groupId=auth_service] Notifying assignor about the new Assignment(partitions=[profile-0])
2024-12-15 14:31:55 INFO  o.a.k.c.c.i.ConsumerRebalanceListenerInvoker - [Consumer clientId=consumer-auth_service-3, groupId=auth_service] Adding newly assigned partitions: stop-0
2024-12-15 14:31:55 INFO  o.a.k.c.c.i.ConsumerRebalanceListenerInvoker - [Consumer clientId=consumer-auth_service-2, groupId=auth_service] Adding newly assigned partitions: profile-0
2024-12-15 14:31:55 INFO  o.a.k.c.c.i.ConsumerCoordinator - [Consumer clientId=consumer-auth_service-5, groupId=auth_service] Successfully synced group in generation Generation{generationId=1259, memberId='consumer-auth_service-5-65644ced-3986-4875-b330-400c1162b5ce', protocol='range'}
2024-12-15 14:31:55 INFO  o.a.k.c.c.i.ConsumerCoordinator - [Consumer clientId=consumer-auth_service-7, groupId=auth_service] Successfully synced group in generation Generation{generationId=1259, memberId='consumer-auth_service-7-a68bfd56-c9eb-46f2-bbf6-65eb6374e0e5', protocol='range'}
2024-12-15 14:31:55 INFO  o.a.k.c.c.i.ConsumerCoordinator - [Consumer clientId=consumer-auth_service-5, groupId=auth_service] Notifying assignor about the new Assignment(partitions=[registry-0])
2024-12-15 14:31:55 INFO  o.a.k.c.c.i.ConsumerRebalanceListenerInvoker - [Consumer clientId=consumer-auth_service-5, groupId=auth_service] Adding newly assigned partitions: registry-0
2024-12-15 14:31:55 INFO  o.a.k.c.c.i.ConsumerCoordinator - [Consumer clientId=consumer-auth_service-7, groupId=auth_service] Notifying assignor about the new Assignment(partitions=[filter-0])
2024-12-15 14:31:55 INFO  o.a.k.c.c.i.ConsumerRebalanceListenerInvoker - [Consumer clientId=consumer-auth_service-7, groupId=auth_service] Adding newly assigned partitions: filter-0
2024-12-15 14:31:55 INFO  o.a.k.c.c.i.ConsumerCoordinator - [Consumer clientId=consumer-auth_service-8, groupId=auth_service] Successfully synced group in generation Generation{generationId=1259, memberId='consumer-auth_service-8-668a618e-7d93-4cf4-88ee-39bd1e1e17cb', protocol='range'}
2024-12-15 14:31:55 INFO  o.a.k.c.c.i.ConsumerCoordinator - [Consumer clientId=consumer-auth_service-8, groupId=auth_service] Notifying assignor about the new Assignment(partitions=[start-0])
2024-12-15 14:31:55 INFO  o.a.k.c.c.i.ConsumerRebalanceListenerInvoker - [Consumer clientId=consumer-auth_service-8, groupId=auth_service] Adding newly assigned partitions: start-0
2024-12-15 14:31:55 INFO  o.a.k.c.c.internals.ConsumerUtils - Setting offset for partition getLink-0 to the committed offset FetchPosition{offset=86, offsetEpoch=Optional.empty, currentLeader=LeaderAndEpoch{leader=Optional[37.194.168.90:9092 (id: 1 rack: null)], epoch=0}}
2024-12-15 14:31:55 INFO  o.a.k.c.c.internals.ConsumerUtils - Setting offset for partition status-0 to the committed offset FetchPosition{offset=85, offsetEpoch=Optional.empty, currentLeader=LeaderAndEpoch{leader=Optional[37.194.168.90:9092 (id: 1 rack: null)], epoch=0}}
2024-12-15 14:31:55 INFO  o.s.k.l.KafkaMessageListenerContainer - auth_service: partitions assigned: [status-0]
2024-12-15 14:31:55 INFO  o.a.k.c.c.internals.ConsumerUtils - Setting offset for partition ping-0 to the committed offset FetchPosition{offset=1142, offsetEpoch=Optional.empty, currentLeader=LeaderAndEpoch{leader=Optional[37.194.168.90:9092 (id: 1 rack: null)], epoch=0}}
2024-12-15 14:31:55 INFO  o.a.k.c.c.internals.ConsumerUtils - Setting offset for partition filter-0 to the committed offset FetchPosition{offset=62, offsetEpoch=Optional.empty, currentLeader=LeaderAndEpoch{leader=Optional[37.194.168.90:9092 (id: 1 rack: null)], epoch=0}}
2024-12-15 14:31:55 INFO  o.a.k.c.c.internals.ConsumerUtils - Setting offset for partition registry-0 to the committed offset FetchPosition{offset=143, offsetEpoch=Optional.empty, currentLeader=LeaderAndEpoch{leader=Optional[37.194.168.90:9092 (id: 1 rack: null)], epoch=0}}
2024-12-15 14:31:55 INFO  o.a.k.c.c.internals.ConsumerUtils - Setting offset for partition profile-0 to the committed offset FetchPosition{offset=60, offsetEpoch=Optional.empty, currentLeader=LeaderAndEpoch{leader=Optional[37.194.168.90:9092 (id: 1 rack: null)], epoch=0}}
2024-12-15 14:31:55 INFO  o.a.k.c.c.internals.ConsumerUtils - Setting offset for partition stop-0 to the committed offset FetchPosition{offset=20, offsetEpoch=Optional.empty, currentLeader=LeaderAndEpoch{leader=Optional[37.194.168.90:9092 (id: 1 rack: null)], epoch=0}}
2024-12-15 14:31:55 INFO  o.s.k.l.KafkaMessageListenerContainer - auth_service: partitions assigned: [stop-0]
2024-12-15 14:31:55 INFO  o.a.k.c.c.internals.ConsumerUtils - Setting offset for partition start-0 to the committed offset FetchPosition{offset=243, offsetEpoch=Optional.empty, currentLeader=LeaderAndEpoch{leader=Optional[37.194.168.90:9092 (id: 1 rack: null)], epoch=0}}
2024-12-15 14:31:55 INFO  o.s.k.l.KafkaMessageListenerContainer - auth_service: partitions assigned: [start-0]
2024-12-15 14:31:55 INFO  o.s.k.l.KafkaMessageListenerContainer - auth_service: partitions assigned: [getLink-0]
2024-12-15 14:31:55 INFO  o.s.k.l.KafkaMessageListenerContainer - auth_service: partitions assigned: [ping-0]
2024-12-15 14:31:55 INFO  o.s.k.l.KafkaMessageListenerContainer - auth_service: partitions assigned: [filter-0]
2024-12-15 14:31:55 INFO  o.s.k.l.KafkaMessageListenerContainer - auth_service: partitions assigned: [profile-0]
2024-12-15 14:31:55 INFO  o.s.k.l.KafkaMessageListenerContainer - auth_service: partitions assigned: [registry-0]
2024-12-15 14:31:58 DEBUG c.e.demo.service.NotificationService - Получено сообщение: Message(messageId=61, messageThreadId=null, from=User(id=1452117849, firstName=Nurlan, isBot=false, lastName=null, userName=Nurlan1402, languageCode=en, canJoinGroups=null, canReadAllGroupMessages=null, supportInlineQueries=null, isPremium=null, addedToAttachmentMenu=null), date=1734247919, chat=Chat(id=1452117849, type=private, title=null, firstName=Nurlan, lastName=null, userName=Nurlan1402, photo=null, description=null, inviteLink=null, pinnedMessage=null, stickerSetName=null, canSetStickerSet=null, permissions=null, slowModeDelay=null, bio=null, linkedChatId=null, location=null, messageAutoDeleteTime=null, hasPrivateForwards=null, HasProtectedContent=null, joinToSendMessages=null, joinByRequest=null, hasRestrictedVoiceAndVideoMessages=null, isForum=null, activeUsernames=null, emojiStatusCustomEmojiId=null, hasAggressiveAntiSpamEnabled=null, hasHiddenMembers=null, emojiStatusExpirationDate=null, availableReactions=null, accentColorId=null, backgroundCustomEmojiId=null, profileAccentColorId=null, profileBackgroundCustomEmojiId=null, hasVisibleHistory=null, unrestrictBoostCount=null, customEmojiStickerSetName=null), forwardFrom=null, forwardFromChat=null, forwardDate=null, text=/start, entities=[MessageEntity(type=bot_command, offset=0, length=6, url=null, user=null, language=null, customEmojiId=null, text=/start)], captionEntities=null, audio=null, document=null, photo=null, sticker=null, video=null, contact=null, location=null, venue=null, animation=null, pinnedMessage=null, newChatMembers=[], leftChatMember=null, newChatTitle=null, newChatPhoto=null, deleteChatPhoto=null, groupchatCreated=null, replyToMessage=null, voice=null, caption=null, superGroupCreated=null, channelChatCreated=null, migrateToChatId=null, migrateFromChatId=null, editDate=null, game=null, forwardFromMessageId=null, invoice=null, successfulPayment=null, videoNote=null, authorSignature=null, forwardSignature=null, mediaGroupId=null, connectedWebsite=null, passportData=null, forwardSenderName=null, poll=null, replyMarkup=null, dice=null, viaBot=null, senderChat=null, proximityAlertTriggered=null, messageAutoDeleteTimerChanged=null, isAutomaticForward=null, hasProtectedContent=null, webAppData=null, videoChatStarted=null, videoChatEnded=null, videoChatParticipantsInvited=null, videoChatScheduled=null, isTopicMessage=null, forumTopicCreated=null, forumTopicClosed=null, forumTopicReopened=null, forumTopicEdited=null, generalForumTopicHidden=null, generalForumTopicUnhidden=null, writeAccessAllowed=null, hasMediaSpoiler=null, userShared=null, chatShared=null, story=null, externalReplyInfo=null, forwardOrigin=null, linkPreviewOptions=null, quote=null, usersShared=null, giveawayCreated=null, giveaway=null, giveawayWinners=null, giveawayCompleted=null, replyToStory=null, boostAdded=null, senderBoostCount=null)
2024-12-15 14:35:33 INFO  o.a.k.c.c.i.ConsumerRebalanceListenerInvoker - [Consumer clientId=consumer-auth_service-3, groupId=auth_service] Revoke previously assigned partitions stop-0
2024-12-15 14:35:33 INFO  o.a.k.c.c.i.ConsumerRebalanceListenerInvoker - [Consumer clientId=consumer-auth_service-1, groupId=auth_service] Revoke previously assigned partitions ping-0
2024-12-15 14:35:33 INFO  o.a.k.c.c.i.ConsumerRebalanceListenerInvoker - [Consumer clientId=consumer-auth_service-2, groupId=auth_service] Revoke previously assigned partitions profile-0
2024-12-15 14:35:33 INFO  o.a.k.c.c.i.ConsumerRebalanceListenerInvoker - [Consumer clientId=consumer-auth_service-4, groupId=auth_service] Revoke previously assigned partitions status-0
2024-12-15 14:35:33 INFO  o.a.k.c.c.i.ConsumerRebalanceListenerInvoker - [Consumer clientId=consumer-auth_service-5, groupId=auth_service] Revoke previously assigned partitions registry-0
2024-12-15 14:35:33 INFO  o.a.k.c.c.i.ConsumerRebalanceListenerInvoker - [Consumer clientId=consumer-auth_service-8, groupId=auth_service] Revoke previously assigned partitions start-0
2024-12-15 14:35:33 INFO  o.a.k.c.c.i.ConsumerRebalanceListenerInvoker - [Consumer clientId=consumer-auth_service-7, groupId=auth_service] Revoke previously assigned partitions filter-0
2024-12-15 14:35:33 INFO  o.a.k.c.c.i.ConsumerRebalanceListenerInvoker - [Consumer clientId=consumer-auth_service-6, groupId=auth_service] Revoke previously assigned partitions getLink-0
2024-12-15 14:35:33 INFO  o.s.k.l.KafkaMessageListenerContainer - auth_service: partitions revoked: [profile-0]
2024-12-15 14:35:33 INFO  o.s.k.l.KafkaMessageListenerContainer - auth_service: partitions revoked: [getLink-0]
2024-12-15 14:35:33 INFO  o.s.k.l.KafkaMessageListenerContainer - auth_service: partitions revoked: [registry-0]
2024-12-15 14:35:33 INFO  o.s.k.l.KafkaMessageListenerContainer - auth_service: partitions revoked: [stop-0]
2024-12-15 14:35:33 INFO  o.s.k.l.KafkaMessageListenerContainer - auth_service: partitions revoked: [start-0]
2024-12-15 14:35:33 INFO  o.s.k.l.KafkaMessageListenerContainer - auth_service: partitions revoked: [ping-0]
2024-12-15 14:35:33 INFO  o.s.k.l.KafkaMessageListenerContainer - auth_service: partitions revoked: [filter-0]
2024-12-15 14:35:33 INFO  o.s.k.l.KafkaMessageListenerContainer - auth_service: partitions revoked: [status-0]
2024-12-15 14:35:33 INFO  o.a.k.c.c.i.ConsumerCoordinator - [Consumer clientId=consumer-auth_service-4, groupId=auth_service] Member consumer-auth_service-4-b00c60ad-834f-4195-a38d-a878153a399e sending LeaveGroup request to coordinator 37.194.168.90:9092 (id: 2147483646 rack: null) due to the consumer unsubscribed from all topics
2024-12-15 14:35:33 INFO  o.a.k.c.c.i.ConsumerCoordinator - [Consumer clientId=consumer-auth_service-5, groupId=auth_service] Member consumer-auth_service-5-65644ced-3986-4875-b330-400c1162b5ce sending LeaveGroup request to coordinator 37.194.168.90:9092 (id: 2147483646 rack: null) due to the consumer unsubscribed from all topics
2024-12-15 14:35:33 INFO  o.a.k.c.c.i.ConsumerCoordinator - [Consumer clientId=consumer-auth_service-3, groupId=auth_service] Member consumer-auth_service-3-e0c62b68-9066-4552-9497-6dab9e09f937 sending LeaveGroup request to coordinator 37.194.168.90:9092 (id: 2147483646 rack: null) due to the consumer unsubscribed from all topics
2024-12-15 14:35:33 INFO  o.a.k.c.c.i.ConsumerCoordinator - [Consumer clientId=consumer-auth_service-8, groupId=auth_service] Member consumer-auth_service-8-668a618e-7d93-4cf4-88ee-39bd1e1e17cb sending LeaveGroup request to coordinator 37.194.168.90:9092 (id: 2147483646 rack: null) due to the consumer unsubscribed from all topics
2024-12-15 14:35:33 INFO  o.a.k.c.c.i.ConsumerCoordinator - [Consumer clientId=consumer-auth_service-6, groupId=auth_service] Member consumer-auth_service-6-8a090ebe-9cc9-450d-b6ec-eb6ab9357639 sending LeaveGroup request to coordinator 37.194.168.90:9092 (id: 2147483646 rack: null) due to the consumer unsubscribed from all topics
2024-12-15 14:35:33 INFO  o.a.k.c.c.i.ConsumerCoordinator - [Consumer clientId=consumer-auth_service-2, groupId=auth_service] Member consumer-auth_service-2-9f15f2f1-f1f6-4a5f-b783-e4a4ebb37c5d sending LeaveGroup request to coordinator 37.194.168.90:9092 (id: 2147483646 rack: null) due to the consumer unsubscribed from all topics
2024-12-15 14:35:33 INFO  o.a.k.c.c.i.ConsumerCoordinator - [Consumer clientId=consumer-auth_service-7, groupId=auth_service] Member consumer-auth_service-7-a68bfd56-c9eb-46f2-bbf6-65eb6374e0e5 sending LeaveGroup request to coordinator 37.194.168.90:9092 (id: 2147483646 rack: null) due to the consumer unsubscribed from all topics
2024-12-15 14:35:33 INFO  o.a.k.c.c.i.ConsumerCoordinator - [Consumer clientId=consumer-auth_service-1, groupId=auth_service] Member consumer-auth_service-1-cec32079-ae0f-4d5c-a66c-4429e84f31b1 sending LeaveGroup request to coordinator 37.194.168.90:9092 (id: 2147483646 rack: null) due to the consumer unsubscribed from all topics
2024-12-15 14:35:33 INFO  o.a.k.c.c.i.ConsumerCoordinator - [Consumer clientId=consumer-auth_service-1, groupId=auth_service] Resetting generation and member id due to: consumer pro-actively leaving the group
2024-12-15 14:35:33 INFO  o.a.k.c.c.i.ConsumerCoordinator - [Consumer clientId=consumer-auth_service-6, groupId=auth_service] Resetting generation and member id due to: consumer pro-actively leaving the group
2024-12-15 14:35:33 INFO  o.a.k.c.c.i.ConsumerCoordinator - [Consumer clientId=consumer-auth_service-5, groupId=auth_service] Resetting generation and member id due to: consumer pro-actively leaving the group
2024-12-15 14:35:33 INFO  o.a.k.c.c.i.ConsumerCoordinator - [Consumer clientId=consumer-auth_service-6, groupId=auth_service] Request joining group due to: consumer pro-actively leaving the group
2024-12-15 14:35:33 INFO  o.a.k.c.c.i.ConsumerCoordinator - [Consumer clientId=consumer-auth_service-7, groupId=auth_service] Resetting generation and member id due to: consumer pro-actively leaving the group
2024-12-15 14:35:33 INFO  o.a.k.c.c.i.ConsumerCoordinator - [Consumer clientId=consumer-auth_service-8, groupId=auth_service] Resetting generation and member id due to: consumer pro-actively leaving the group
2024-12-15 14:35:33 INFO  o.a.k.c.c.i.ConsumerCoordinator - [Consumer clientId=consumer-auth_service-2, groupId=auth_service] Resetting generation and member id due to: consumer pro-actively leaving the group
2024-12-15 14:35:33 INFO  o.a.k.c.c.i.ConsumerCoordinator - [Consumer clientId=consumer-auth_service-4, groupId=auth_service] Resetting generation and member id due to: consumer pro-actively leaving the group
2024-12-15 14:35:33 INFO  o.a.k.c.c.i.ConsumerCoordinator - [Consumer clientId=consumer-auth_service-3, groupId=auth_service] Resetting generation and member id due to: consumer pro-actively leaving the group
2024-12-15 14:35:33 INFO  o.a.k.c.c.i.ConsumerCoordinator - [Consumer clientId=consumer-auth_service-4, groupId=auth_service] Request joining group due to: consumer pro-actively leaving the group
2024-12-15 14:35:33 INFO  o.a.k.c.c.i.ConsumerCoordinator - [Consumer clientId=consumer-auth_service-1, groupId=auth_service] Request joining group due to: consumer pro-actively leaving the group
2024-12-15 14:35:33 INFO  o.a.k.c.c.i.ConsumerCoordinator - [Consumer clientId=consumer-auth_service-5, groupId=auth_service] Request joining group due to: consumer pro-actively leaving the group
2024-12-15 14:35:33 INFO  o.a.k.c.c.i.LegacyKafkaConsumer - [Consumer clientId=consumer-auth_service-6, groupId=auth_service] Unsubscribed all topics or patterns and assigned partitions
2024-12-15 14:35:33 INFO  o.a.k.c.c.i.LegacyKafkaConsumer - [Consumer clientId=consumer-auth_service-5, groupId=auth_service] Unsubscribed all topics or patterns and assigned partitions
2024-12-15 14:35:33 INFO  o.a.k.c.c.i.ConsumerCoordinator - [Consumer clientId=consumer-auth_service-7, groupId=auth_service] Request joining group due to: consumer pro-actively leaving the group
2024-12-15 14:35:33 INFO  o.a.k.c.c.i.ConsumerCoordinator - [Consumer clientId=consumer-auth_service-8, groupId=auth_service] Request joining group due to: consumer pro-actively leaving the group
2024-12-15 14:35:33 INFO  o.a.k.c.c.i.LegacyKafkaConsumer - [Consumer clientId=consumer-auth_service-7, groupId=auth_service] Unsubscribed all topics or patterns and assigned partitions
2024-12-15 14:35:33 INFO  o.a.k.c.c.i.ConsumerCoordinator - [Consumer clientId=consumer-auth_service-2, groupId=auth_service] Request joining group due to: consumer pro-actively leaving the group
2024-12-15 14:35:33 INFO  o.a.k.c.c.i.ConsumerCoordinator - [Consumer clientId=consumer-auth_service-3, groupId=auth_service] Request joining group due to: consumer pro-actively leaving the group
2024-12-15 14:35:33 INFO  o.a.k.c.c.i.LegacyKafkaConsumer - [Consumer clientId=consumer-auth_service-4, groupId=auth_service] Unsubscribed all topics or patterns and assigned partitions
2024-12-15 14:35:33 INFO  o.a.k.c.c.i.LegacyKafkaConsumer - [Consumer clientId=consumer-auth_service-3, groupId=auth_service] Unsubscribed all topics or patterns and assigned partitions
2024-12-15 14:35:33 INFO  o.a.k.c.c.i.LegacyKafkaConsumer - [Consumer clientId=consumer-auth_service-8, groupId=auth_service] Unsubscribed all topics or patterns and assigned partitions
2024-12-15 14:35:33 INFO  o.a.k.c.c.i.LegacyKafkaConsumer - [Consumer clientId=consumer-auth_service-2, groupId=auth_service] Unsubscribed all topics or patterns and assigned partitions
2024-12-15 14:35:33 INFO  o.a.k.c.c.i.LegacyKafkaConsumer - [Consumer clientId=consumer-auth_service-1, groupId=auth_service] Unsubscribed all topics or patterns and assigned partitions
2024-12-15 14:35:33 INFO  o.a.k.c.c.i.ConsumerCoordinator - [Consumer clientId=consumer-auth_service-4, groupId=auth_service] Resetting generation and member id due to: consumer pro-actively leaving the group
2024-12-15 14:35:33 INFO  o.a.k.c.c.i.ConsumerCoordinator - [Consumer clientId=consumer-auth_service-1, groupId=auth_service] Resetting generation and member id due to: consumer pro-actively leaving the group
2024-12-15 14:35:33 INFO  o.a.k.c.c.i.ConsumerCoordinator - [Consumer clientId=consumer-auth_service-5, groupId=auth_service] Resetting generation and member id due to: consumer pro-actively leaving the group
2024-12-15 14:35:33 INFO  o.a.k.c.c.i.ConsumerCoordinator - [Consumer clientId=consumer-auth_service-8, groupId=auth_service] Resetting generation and member id due to: consumer pro-actively leaving the group
2024-12-15 14:35:33 INFO  o.a.k.c.c.i.ConsumerCoordinator - [Consumer clientId=consumer-auth_service-6, groupId=auth_service] Resetting generation and member id due to: consumer pro-actively leaving the group
2024-12-15 14:35:33 INFO  o.a.k.c.c.i.ConsumerCoordinator - [Consumer clientId=consumer-auth_service-5, groupId=auth_service] Request joining group due to: consumer pro-actively leaving the group
2024-12-15 14:35:33 INFO  o.a.k.c.c.i.ConsumerCoordinator - [Consumer clientId=consumer-auth_service-6, groupId=auth_service] Request joining group due to: consumer pro-actively leaving the group
2024-12-15 14:35:33 INFO  o.a.k.c.c.i.ConsumerCoordinator - [Consumer clientId=consumer-auth_service-7, groupId=auth_service] Resetting generation and member id due to: consumer pro-actively leaving the group
2024-12-15 14:35:33 INFO  o.a.k.c.c.i.ConsumerCoordinator - [Consumer clientId=consumer-auth_service-2, groupId=auth_service] Resetting generation and member id due to: consumer pro-actively leaving the group
2024-12-15 14:35:33 INFO  o.a.k.c.c.i.ConsumerCoordinator - [Consumer clientId=consumer-auth_service-3, groupId=auth_service] Resetting generation and member id due to: consumer pro-actively leaving the group
2024-12-15 14:35:33 INFO  o.a.k.c.c.i.ConsumerCoordinator - [Consumer clientId=consumer-auth_service-2, groupId=auth_service] Request joining group due to: consumer pro-actively leaving the group
2024-12-15 14:35:33 INFO  o.a.k.c.c.i.ConsumerCoordinator - [Consumer clientId=consumer-auth_service-4, groupId=auth_service] Request joining group due to: consumer pro-actively leaving the group
2024-12-15 14:35:33 INFO  o.a.k.c.c.i.ConsumerCoordinator - [Consumer clientId=consumer-auth_service-1, groupId=auth_service] Request joining group due to: consumer pro-actively leaving the group
2024-12-15 14:35:33 INFO  o.a.k.c.c.i.ConsumerCoordinator - [Consumer clientId=consumer-auth_service-8, groupId=auth_service] Request joining group due to: consumer pro-actively leaving the group
2024-12-15 14:35:33 INFO  o.a.k.c.c.i.ConsumerCoordinator - [Consumer clientId=consumer-auth_service-7, groupId=auth_service] Request joining group due to: consumer pro-actively leaving the group
2024-12-15 14:35:33 INFO  o.a.k.c.c.i.ConsumerCoordinator - [Consumer clientId=consumer-auth_service-3, groupId=auth_service] Request joining group due to: consumer pro-actively leaving the group
2024-12-15 14:35:34 INFO  o.a.kafka.common.metrics.Metrics - Metrics scheduler closed
2024-12-15 14:35:34 INFO  o.a.kafka.common.metrics.Metrics - Metrics scheduler closed
2024-12-15 14:35:34 INFO  o.a.kafka.common.metrics.Metrics - Closing reporter org.apache.kafka.common.metrics.JmxReporter
2024-12-15 14:35:34 INFO  o.a.kafka.common.metrics.Metrics - Closing reporter org.apache.kafka.common.metrics.JmxReporter
2024-12-15 14:35:34 INFO  o.a.kafka.common.metrics.Metrics - Closing reporter org.apache.kafka.common.telemetry.internals.ClientTelemetryReporter
2024-12-15 14:35:34 INFO  o.a.kafka.common.metrics.Metrics - Closing reporter org.apache.kafka.common.telemetry.internals.ClientTelemetryReporter
2024-12-15 14:35:34 INFO  o.a.kafka.common.metrics.Metrics - Metrics reporters closed
2024-12-15 14:35:34 INFO  o.a.kafka.common.metrics.Metrics - Metrics reporters closed
2024-12-15 14:35:34 INFO  o.a.kafka.common.utils.AppInfoParser - App info kafka.consumer for consumer-auth_service-1 unregistered
2024-12-15 14:35:34 INFO  o.a.kafka.common.utils.AppInfoParser - App info kafka.consumer for consumer-auth_service-6 unregistered
2024-12-15 14:35:34 INFO  o.s.k.l.KafkaMessageListenerContainer - auth_service: Consumer stopped
2024-12-15 14:35:34 INFO  o.s.k.l.KafkaMessageListenerContainer - auth_service: Consumer stopped
2024-12-15 14:35:34 INFO  o.a.kafka.common.metrics.Metrics - Metrics scheduler closed
2024-12-15 14:35:34 INFO  o.a.kafka.common.metrics.Metrics - Closing reporter org.apache.kafka.common.metrics.JmxReporter
2024-12-15 14:35:34 INFO  o.a.kafka.common.metrics.Metrics - Closing reporter org.apache.kafka.common.telemetry.internals.ClientTelemetryReporter
2024-12-15 14:35:34 INFO  o.a.kafka.common.metrics.Metrics - Metrics reporters closed
2024-12-15 14:35:34 INFO  o.a.kafka.common.metrics.Metrics - Metrics scheduler closed
2024-12-15 14:35:34 INFO  o.a.kafka.common.metrics.Metrics - Closing reporter org.apache.kafka.common.metrics.JmxReporter
2024-12-15 14:35:34 INFO  o.a.kafka.common.metrics.Metrics - Metrics scheduler closed
2024-12-15 14:35:34 INFO  o.a.kafka.common.metrics.Metrics - Closing reporter org.apache.kafka.common.metrics.JmxReporter
2024-12-15 14:35:34 INFO  o.a.kafka.common.metrics.Metrics - Closing reporter org.apache.kafka.common.telemetry.internals.ClientTelemetryReporter
2024-12-15 14:35:34 INFO  o.a.kafka.common.metrics.Metrics - Closing reporter org.apache.kafka.common.telemetry.internals.ClientTelemetryReporter
2024-12-15 14:35:34 INFO  o.a.kafka.common.metrics.Metrics - Metrics scheduler closed
2024-12-15 14:35:34 INFO  o.a.kafka.common.metrics.Metrics - Metrics scheduler closed
2024-12-15 14:35:34 INFO  o.a.kafka.common.metrics.Metrics - Metrics reporters closed
2024-12-15 14:35:34 INFO  o.a.kafka.common.metrics.Metrics - Metrics reporters closed
2024-12-15 14:35:34 INFO  o.a.kafka.common.metrics.Metrics - Closing reporter org.apache.kafka.common.metrics.JmxReporter
2024-12-15 14:35:34 INFO  o.a.kafka.common.metrics.Metrics - Closing reporter org.apache.kafka.common.metrics.JmxReporter
2024-12-15 14:35:34 INFO  o.a.kafka.common.metrics.Metrics - Closing reporter org.apache.kafka.common.telemetry.internals.ClientTelemetryReporter
2024-12-15 14:35:34 INFO  o.a.kafka.common.metrics.Metrics - Closing reporter org.apache.kafka.common.telemetry.internals.ClientTelemetryReporter
2024-12-15 14:35:34 INFO  o.a.kafka.common.metrics.Metrics - Metrics reporters closed
2024-12-15 14:35:34 INFO  o.a.kafka.common.metrics.Metrics - Metrics reporters closed
2024-12-15 14:35:34 INFO  o.a.kafka.common.utils.AppInfoParser - App info kafka.consumer for consumer-auth_service-3 unregistered
2024-12-15 14:35:34 INFO  o.s.k.l.KafkaMessageListenerContainer - auth_service: Consumer stopped
2024-12-15 14:35:34 INFO  o.a.kafka.common.utils.AppInfoParser - App info kafka.consumer for consumer-auth_service-4 unregistered
2024-12-15 14:35:34 INFO  o.s.k.l.KafkaMessageListenerContainer - auth_service: Consumer stopped
2024-12-15 14:35:34 INFO  o.a.kafka.common.utils.AppInfoParser - App info kafka.consumer for consumer-auth_service-2 unregistered
2024-12-15 14:35:34 INFO  o.s.k.l.KafkaMessageListenerContainer - auth_service: Consumer stopped
2024-12-15 14:35:34 INFO  o.a.kafka.common.utils.AppInfoParser - App info kafka.consumer for consumer-auth_service-5 unregistered
2024-12-15 14:35:34 INFO  o.s.k.l.KafkaMessageListenerContainer - auth_service: Consumer stopped
2024-12-15 14:35:34 INFO  o.a.kafka.common.utils.AppInfoParser - App info kafka.consumer for consumer-auth_service-8 unregistered
2024-12-15 14:35:34 INFO  o.s.k.l.KafkaMessageListenerContainer - auth_service: Consumer stopped
2024-12-15 14:35:34 INFO  o.a.kafka.common.metrics.Metrics - Metrics scheduler closed
2024-12-15 14:35:34 INFO  o.a.kafka.common.metrics.Metrics - Closing reporter org.apache.kafka.common.metrics.JmxReporter
2024-12-15 14:35:34 INFO  o.a.kafka.common.metrics.Metrics - Closing reporter org.apache.kafka.common.telemetry.internals.ClientTelemetryReporter
2024-12-15 14:35:34 INFO  o.a.kafka.common.metrics.Metrics - Metrics reporters closed
2024-12-15 14:35:34 INFO  o.a.kafka.common.utils.AppInfoParser - App info kafka.consumer for consumer-auth_service-7 unregistered
2024-12-15 14:35:34 INFO  o.s.k.l.KafkaMessageListenerContainer - auth_service: Consumer stopped
2024-12-15 14:35:36 INFO  o.s.o.j.LocalContainerEntityManagerFactoryBean - Closing JPA EntityManagerFactory for persistence unit 'default'
2024-12-15 14:35:36 INFO  com.zaxxer.hikari.HikariDataSource - HikariPool-1 - Shutdown initiated...
2024-12-15 14:35:38 INFO  com.zaxxer.hikari.HikariDataSource - HikariPool-1 - Shutdown completed.
2024-12-15 14:36:00 INFO  c.e.demo.HhRecruiterApplicationKt - Starting HhRecruiterApplicationKt using Java 17.0.13 with PID 97111 (/Users/macygabr/Projects/hhRecruiter/build/classes/kotlin/main started by macygabr in /Users/macygabr/Projects/hhRecruiter)
2024-12-15 14:36:00 DEBUG c.e.demo.HhRecruiterApplicationKt - Running with Spring Boot v3.3.4, Spring v6.1.13
2024-12-15 14:36:00 INFO  c.e.demo.HhRecruiterApplicationKt - No active profile set, falling back to 1 default profile: "default"
2024-12-15 14:36:00 INFO  o.s.d.r.c.RepositoryConfigurationDelegate - Bootstrapping Spring Data JPA repositories in DEFAULT mode.
2024-12-15 14:36:01 INFO  o.s.d.r.c.RepositoryConfigurationDelegate - Finished Spring Data repository scanning in 118 ms. Found 4 JPA repository interfaces.
2024-12-15 14:36:01 INFO  o.s.b.w.e.tomcat.TomcatWebServer - Tomcat initialized with port 8080 (http)
2024-12-15 14:36:01 INFO  o.a.coyote.http11.Http11NioProtocol - Initializing ProtocolHandler ["http-nio-8080"]
2024-12-15 14:36:01 INFO  o.a.catalina.core.StandardService - Starting service [Tomcat]
2024-12-15 14:36:01 INFO  o.a.catalina.core.StandardEngine - Starting Servlet engine: [Apache Tomcat/10.1.30]
2024-12-15 14:36:01 INFO  o.a.c.c.C.[Tomcat].[localhost].[/] - Initializing Spring embedded WebApplicationContext
2024-12-15 14:36:01 INFO  o.s.b.w.s.c.ServletWebServerApplicationContext - Root WebApplicationContext: initialization completed in 1375 ms
2024-12-15 14:36:01 INFO  o.h.jpa.internal.util.LogHelper - HHH000204: Processing PersistenceUnitInfo [name: default]
2024-12-15 14:36:01 INFO  org.hibernate.Version - HHH000412: Hibernate ORM core version 6.5.3.Final
2024-12-15 14:36:01 INFO  o.h.c.i.RegionFactoryInitiator - HHH000026: Second-level cache disabled
2024-12-15 14:36:01 INFO  o.s.o.j.p.SpringPersistenceUnitInfo - No LoadTimeWeaver setup: ignoring JPA class transformer
2024-12-15 14:36:01 INFO  com.zaxxer.hikari.HikariDataSource - HikariPool-1 - Starting...
2024-12-15 14:36:03 INFO  com.zaxxer.hikari.pool.HikariPool - HikariPool-1 - Added connection org.postgresql.jdbc.PgConnection@1760e688
2024-12-15 14:36:03 INFO  com.zaxxer.hikari.HikariDataSource - HikariPool-1 - Start completed.
2024-12-15 14:36:05 INFO  o.h.e.t.j.p.i.JtaPlatformInitiator - HHH000489: No JTA platform available (set 'hibernate.transaction.jta.platform' to enable JTA platform integration)
2024-12-15 14:36:08 INFO  o.s.o.j.LocalContainerEntityManagerFactoryBean - Initialized JPA EntityManagerFactory for persistence unit 'default'
2024-12-15 14:36:08 WARN  o.s.b.a.o.j.JpaBaseConfiguration$JpaWebConfiguration - spring.jpa.open-in-view is enabled by default. Therefore, database queries may be performed during view rendering. Explicitly configure spring.jpa.open-in-view to disable this warning
2024-12-15 14:36:08 INFO  o.a.coyote.http11.Http11NioProtocol - Starting ProtocolHandler ["http-nio-8080"]
2024-12-15 14:36:08 INFO  o.s.b.w.e.tomcat.TomcatWebServer - Tomcat started on port 8080 (http) with context path '/'
2024-12-15 14:36:08 INFO  o.a.k.c.consumer.ConsumerConfig - ConsumerConfig values: 
	allow.auto.create.topics = true
	auto.commit.interval.ms = 5000
	auto.include.jmx.reporter = true
	auto.offset.reset = latest
	bootstrap.servers = [37.194.168.90:9092]
	check.crcs = true
	client.dns.lookup = use_all_dns_ips
	client.id = consumer-auth_service-1
	client.rack = 
	connections.max.idle.ms = 540000
	default.api.timeout.ms = 60000
	enable.auto.commit = false
	enable.metrics.push = true
	exclude.internal.topics = true
	fetch.max.bytes = 52428800
	fetch.max.wait.ms = 500
	fetch.min.bytes = 1
	group.id = auth_service
	group.instance.id = null
	group.protocol = classic
	group.remote.assignor = null
	heartbeat.interval.ms = 3000
	interceptor.classes = []
	internal.leave.group.on.close = true
	internal.throw.on.fetch.stable.offset.unsupported = false
	isolation.level = read_uncommitted
	key.deserializer = class org.apache.kafka.common.serialization.StringDeserializer
	max.partition.fetch.bytes = 1048576
	max.poll.interval.ms = 300000
	max.poll.records = 500
	metadata.max.age.ms = 300000
	metric.reporters = []
	metrics.num.samples = 2
	metrics.recording.level = INFO
	metrics.sample.window.ms = 30000
	partition.assignment.strategy = [class org.apache.kafka.clients.consumer.RangeAssignor, class org.apache.kafka.clients.consumer.CooperativeStickyAssignor]
	receive.buffer.bytes = 65536
	reconnect.backoff.max.ms = 1000
	reconnect.backoff.ms = 50
	request.timeout.ms = 30000
	retry.backoff.max.ms = 1000
	retry.backoff.ms = 100
	sasl.client.callback.handler.class = null
	sasl.jaas.config = null
	sasl.kerberos.kinit.cmd = /usr/bin/kinit
	sasl.kerberos.min.time.before.relogin = 60000
	sasl.kerberos.service.name = null
	sasl.kerberos.ticket.renew.jitter = 0.05
	sasl.kerberos.ticket.renew.window.factor = 0.8
	sasl.login.callback.handler.class = null
	sasl.login.class = null
	sasl.login.connect.timeout.ms = null
	sasl.login.read.timeout.ms = null
	sasl.login.refresh.buffer.seconds = 300
	sasl.login.refresh.min.period.seconds = 60
	sasl.login.refresh.window.factor = 0.8
	sasl.login.refresh.window.jitter = 0.05
	sasl.login.retry.backoff.max.ms = 10000
	sasl.login.retry.backoff.ms = 100
	sasl.mechanism = GSSAPI
	sasl.oauthbearer.clock.skew.seconds = 30
	sasl.oauthbearer.expected.audience = null
	sasl.oauthbearer.expected.issuer = null
	sasl.oauthbearer.jwks.endpoint.refresh.ms = 3600000
	sasl.oauthbearer.jwks.endpoint.retry.backoff.max.ms = 10000
	sasl.oauthbearer.jwks.endpoint.retry.backoff.ms = 100
	sasl.oauthbearer.jwks.endpoint.url = null
	sasl.oauthbearer.scope.claim.name = scope
	sasl.oauthbearer.sub.claim.name = sub
	sasl.oauthbearer.token.endpoint.url = null
	security.protocol = PLAINTEXT
	security.providers = null
	send.buffer.bytes = 131072
	session.timeout.ms = 45000
	socket.connection.setup.timeout.max.ms = 30000
	socket.connection.setup.timeout.ms = 10000
	ssl.cipher.suites = null
	ssl.enabled.protocols = [TLSv1.2, TLSv1.3]
	ssl.endpoint.identification.algorithm = https
	ssl.engine.factory.class = null
	ssl.key.password = null
	ssl.keymanager.algorithm = SunX509
	ssl.keystore.certificate.chain = null
	ssl.keystore.key = null
	ssl.keystore.location = null
	ssl.keystore.password = null
	ssl.keystore.type = JKS
	ssl.protocol = TLSv1.3
	ssl.provider = null
	ssl.secure.random.implementation = null
	ssl.trustmanager.algorithm = PKIX
	ssl.truststore.certificates = null
	ssl.truststore.location = null
	ssl.truststore.password = null
	ssl.truststore.type = JKS
	value.deserializer = class org.apache.kafka.common.serialization.StringDeserializer

2024-12-15 14:36:09 INFO  o.a.k.c.t.i.KafkaMetricsCollector - initializing Kafka metrics collector
2024-12-15 14:36:09 INFO  o.a.kafka.common.utils.AppInfoParser - Kafka version: 3.7.1
2024-12-15 14:36:09 INFO  o.a.kafka.common.utils.AppInfoParser - Kafka commitId: e2494e6ffb89f828
2024-12-15 14:36:09 INFO  o.a.kafka.common.utils.AppInfoParser - Kafka startTimeMs: 1734248169104
2024-12-15 14:36:09 INFO  o.a.k.c.c.i.LegacyKafkaConsumer - [Consumer clientId=consumer-auth_service-1, groupId=auth_service] Subscribed to topic(s): ping
2024-12-15 14:36:09 INFO  o.a.k.c.consumer.ConsumerConfig - ConsumerConfig values: 
	allow.auto.create.topics = true
	auto.commit.interval.ms = 5000
	auto.include.jmx.reporter = true
	auto.offset.reset = latest
	bootstrap.servers = [37.194.168.90:9092]
	check.crcs = true
	client.dns.lookup = use_all_dns_ips
	client.id = consumer-auth_service-2
	client.rack = 
	connections.max.idle.ms = 540000
	default.api.timeout.ms = 60000
	enable.auto.commit = false
	enable.metrics.push = true
	exclude.internal.topics = true
	fetch.max.bytes = 52428800
	fetch.max.wait.ms = 500
	fetch.min.bytes = 1
	group.id = auth_service
	group.instance.id = null
	group.protocol = classic
	group.remote.assignor = null
	heartbeat.interval.ms = 3000
	interceptor.classes = []
	internal.leave.group.on.close = true
	internal.throw.on.fetch.stable.offset.unsupported = false
	isolation.level = read_uncommitted
	key.deserializer = class org.apache.kafka.common.serialization.StringDeserializer
	max.partition.fetch.bytes = 1048576
	max.poll.interval.ms = 300000
	max.poll.records = 500
	metadata.max.age.ms = 300000
	metric.reporters = []
	metrics.num.samples = 2
	metrics.recording.level = INFO
	metrics.sample.window.ms = 30000
	partition.assignment.strategy = [class org.apache.kafka.clients.consumer.RangeAssignor, class org.apache.kafka.clients.consumer.CooperativeStickyAssignor]
	receive.buffer.bytes = 65536
	reconnect.backoff.max.ms = 1000
	reconnect.backoff.ms = 50
	request.timeout.ms = 30000
	retry.backoff.max.ms = 1000
	retry.backoff.ms = 100
	sasl.client.callback.handler.class = null
	sasl.jaas.config = null
	sasl.kerberos.kinit.cmd = /usr/bin/kinit
	sasl.kerberos.min.time.before.relogin = 60000
	sasl.kerberos.service.name = null
	sasl.kerberos.ticket.renew.jitter = 0.05
	sasl.kerberos.ticket.renew.window.factor = 0.8
	sasl.login.callback.handler.class = null
	sasl.login.class = null
	sasl.login.connect.timeout.ms = null
	sasl.login.read.timeout.ms = null
	sasl.login.refresh.buffer.seconds = 300
	sasl.login.refresh.min.period.seconds = 60
	sasl.login.refresh.window.factor = 0.8
	sasl.login.refresh.window.jitter = 0.05
	sasl.login.retry.backoff.max.ms = 10000
	sasl.login.retry.backoff.ms = 100
	sasl.mechanism = GSSAPI
	sasl.oauthbearer.clock.skew.seconds = 30
	sasl.oauthbearer.expected.audience = null
	sasl.oauthbearer.expected.issuer = null
	sasl.oauthbearer.jwks.endpoint.refresh.ms = 3600000
	sasl.oauthbearer.jwks.endpoint.retry.backoff.max.ms = 10000
	sasl.oauthbearer.jwks.endpoint.retry.backoff.ms = 100
	sasl.oauthbearer.jwks.endpoint.url = null
	sasl.oauthbearer.scope.claim.name = scope
	sasl.oauthbearer.sub.claim.name = sub
	sasl.oauthbearer.token.endpoint.url = null
	security.protocol = PLAINTEXT
	security.providers = null
	send.buffer.bytes = 131072
	session.timeout.ms = 45000
	socket.connection.setup.timeout.max.ms = 30000
	socket.connection.setup.timeout.ms = 10000
	ssl.cipher.suites = null
	ssl.enabled.protocols = [TLSv1.2, TLSv1.3]
	ssl.endpoint.identification.algorithm = https
	ssl.engine.factory.class = null
	ssl.key.password = null
	ssl.keymanager.algorithm = SunX509
	ssl.keystore.certificate.chain = null
	ssl.keystore.key = null
	ssl.keystore.location = null
	ssl.keystore.password = null
	ssl.keystore.type = JKS
	ssl.protocol = TLSv1.3
	ssl.provider = null
	ssl.secure.random.implementation = null
	ssl.trustmanager.algorithm = PKIX
	ssl.truststore.certificates = null
	ssl.truststore.location = null
	ssl.truststore.password = null
	ssl.truststore.type = JKS
	value.deserializer = class org.apache.kafka.common.serialization.StringDeserializer

2024-12-15 14:36:09 INFO  o.a.k.c.t.i.KafkaMetricsCollector - initializing Kafka metrics collector
2024-12-15 14:36:09 INFO  o.a.kafka.common.utils.AppInfoParser - Kafka version: 3.7.1
2024-12-15 14:36:09 INFO  o.a.kafka.common.utils.AppInfoParser - Kafka commitId: e2494e6ffb89f828
2024-12-15 14:36:09 INFO  o.a.kafka.common.utils.AppInfoParser - Kafka startTimeMs: 1734248169118
2024-12-15 14:36:09 INFO  o.a.k.c.c.i.LegacyKafkaConsumer - [Consumer clientId=consumer-auth_service-2, groupId=auth_service] Subscribed to topic(s): profile
2024-12-15 14:36:09 INFO  o.a.k.c.consumer.ConsumerConfig - ConsumerConfig values: 
	allow.auto.create.topics = true
	auto.commit.interval.ms = 5000
	auto.include.jmx.reporter = true
	auto.offset.reset = latest
	bootstrap.servers = [37.194.168.90:9092]
	check.crcs = true
	client.dns.lookup = use_all_dns_ips
	client.id = consumer-auth_service-3
	client.rack = 
	connections.max.idle.ms = 540000
	default.api.timeout.ms = 60000
	enable.auto.commit = false
	enable.metrics.push = true
	exclude.internal.topics = true
	fetch.max.bytes = 52428800
	fetch.max.wait.ms = 500
	fetch.min.bytes = 1
	group.id = auth_service
	group.instance.id = null
	group.protocol = classic
	group.remote.assignor = null
	heartbeat.interval.ms = 3000
	interceptor.classes = []
	internal.leave.group.on.close = true
	internal.throw.on.fetch.stable.offset.unsupported = false
	isolation.level = read_uncommitted
	key.deserializer = class org.apache.kafka.common.serialization.StringDeserializer
	max.partition.fetch.bytes = 1048576
	max.poll.interval.ms = 300000
	max.poll.records = 500
	metadata.max.age.ms = 300000
	metric.reporters = []
	metrics.num.samples = 2
	metrics.recording.level = INFO
	metrics.sample.window.ms = 30000
	partition.assignment.strategy = [class org.apache.kafka.clients.consumer.RangeAssignor, class org.apache.kafka.clients.consumer.CooperativeStickyAssignor]
	receive.buffer.bytes = 65536
	reconnect.backoff.max.ms = 1000
	reconnect.backoff.ms = 50
	request.timeout.ms = 30000
	retry.backoff.max.ms = 1000
	retry.backoff.ms = 100
	sasl.client.callback.handler.class = null
	sasl.jaas.config = null
	sasl.kerberos.kinit.cmd = /usr/bin/kinit
	sasl.kerberos.min.time.before.relogin = 60000
	sasl.kerberos.service.name = null
	sasl.kerberos.ticket.renew.jitter = 0.05
	sasl.kerberos.ticket.renew.window.factor = 0.8
	sasl.login.callback.handler.class = null
	sasl.login.class = null
	sasl.login.connect.timeout.ms = null
	sasl.login.read.timeout.ms = null
	sasl.login.refresh.buffer.seconds = 300
	sasl.login.refresh.min.period.seconds = 60
	sasl.login.refresh.window.factor = 0.8
	sasl.login.refresh.window.jitter = 0.05
	sasl.login.retry.backoff.max.ms = 10000
	sasl.login.retry.backoff.ms = 100
	sasl.mechanism = GSSAPI
	sasl.oauthbearer.clock.skew.seconds = 30
	sasl.oauthbearer.expected.audience = null
	sasl.oauthbearer.expected.issuer = null
	sasl.oauthbearer.jwks.endpoint.refresh.ms = 3600000
	sasl.oauthbearer.jwks.endpoint.retry.backoff.max.ms = 10000
	sasl.oauthbearer.jwks.endpoint.retry.backoff.ms = 100
	sasl.oauthbearer.jwks.endpoint.url = null
	sasl.oauthbearer.scope.claim.name = scope
	sasl.oauthbearer.sub.claim.name = sub
	sasl.oauthbearer.token.endpoint.url = null
	security.protocol = PLAINTEXT
	security.providers = null
	send.buffer.bytes = 131072
	session.timeout.ms = 45000
	socket.connection.setup.timeout.max.ms = 30000
	socket.connection.setup.timeout.ms = 10000
	ssl.cipher.suites = null
	ssl.enabled.protocols = [TLSv1.2, TLSv1.3]
	ssl.endpoint.identification.algorithm = https
	ssl.engine.factory.class = null
	ssl.key.password = null
	ssl.keymanager.algorithm = SunX509
	ssl.keystore.certificate.chain = null
	ssl.keystore.key = null
	ssl.keystore.location = null
	ssl.keystore.password = null
	ssl.keystore.type = JKS
	ssl.protocol = TLSv1.3
	ssl.provider = null
	ssl.secure.random.implementation = null
	ssl.trustmanager.algorithm = PKIX
	ssl.truststore.certificates = null
	ssl.truststore.location = null
	ssl.truststore.password = null
	ssl.truststore.type = JKS
	value.deserializer = class org.apache.kafka.common.serialization.StringDeserializer

2024-12-15 14:36:09 INFO  o.a.k.c.t.i.KafkaMetricsCollector - initializing Kafka metrics collector
2024-12-15 14:36:09 INFO  o.a.kafka.common.utils.AppInfoParser - Kafka version: 3.7.1
2024-12-15 14:36:09 INFO  o.a.kafka.common.utils.AppInfoParser - Kafka commitId: e2494e6ffb89f828
2024-12-15 14:36:09 INFO  o.a.kafka.common.utils.AppInfoParser - Kafka startTimeMs: 1734248169124
2024-12-15 14:36:09 INFO  o.a.k.c.c.i.LegacyKafkaConsumer - [Consumer clientId=consumer-auth_service-3, groupId=auth_service] Subscribed to topic(s): stop
2024-12-15 14:36:09 INFO  o.a.k.c.consumer.ConsumerConfig - ConsumerConfig values: 
	allow.auto.create.topics = true
	auto.commit.interval.ms = 5000
	auto.include.jmx.reporter = true
	auto.offset.reset = latest
	bootstrap.servers = [37.194.168.90:9092]
	check.crcs = true
	client.dns.lookup = use_all_dns_ips
	client.id = consumer-auth_service-4
	client.rack = 
	connections.max.idle.ms = 540000
	default.api.timeout.ms = 60000
	enable.auto.commit = false
	enable.metrics.push = true
	exclude.internal.topics = true
	fetch.max.bytes = 52428800
	fetch.max.wait.ms = 500
	fetch.min.bytes = 1
	group.id = auth_service
	group.instance.id = null
	group.protocol = classic
	group.remote.assignor = null
	heartbeat.interval.ms = 3000
	interceptor.classes = []
	internal.leave.group.on.close = true
	internal.throw.on.fetch.stable.offset.unsupported = false
	isolation.level = read_uncommitted
	key.deserializer = class org.apache.kafka.common.serialization.StringDeserializer
	max.partition.fetch.bytes = 1048576
	max.poll.interval.ms = 300000
	max.poll.records = 500
	metadata.max.age.ms = 300000
	metric.reporters = []
	metrics.num.samples = 2
	metrics.recording.level = INFO
	metrics.sample.window.ms = 30000
	partition.assignment.strategy = [class org.apache.kafka.clients.consumer.RangeAssignor, class org.apache.kafka.clients.consumer.CooperativeStickyAssignor]
	receive.buffer.bytes = 65536
	reconnect.backoff.max.ms = 1000
	reconnect.backoff.ms = 50
	request.timeout.ms = 30000
	retry.backoff.max.ms = 1000
	retry.backoff.ms = 100
	sasl.client.callback.handler.class = null
	sasl.jaas.config = null
	sasl.kerberos.kinit.cmd = /usr/bin/kinit
	sasl.kerberos.min.time.before.relogin = 60000
	sasl.kerberos.service.name = null
	sasl.kerberos.ticket.renew.jitter = 0.05
	sasl.kerberos.ticket.renew.window.factor = 0.8
	sasl.login.callback.handler.class = null
	sasl.login.class = null
	sasl.login.connect.timeout.ms = null
	sasl.login.read.timeout.ms = null
	sasl.login.refresh.buffer.seconds = 300
	sasl.login.refresh.min.period.seconds = 60
	sasl.login.refresh.window.factor = 0.8
	sasl.login.refresh.window.jitter = 0.05
	sasl.login.retry.backoff.max.ms = 10000
	sasl.login.retry.backoff.ms = 100
	sasl.mechanism = GSSAPI
	sasl.oauthbearer.clock.skew.seconds = 30
	sasl.oauthbearer.expected.audience = null
	sasl.oauthbearer.expected.issuer = null
	sasl.oauthbearer.jwks.endpoint.refresh.ms = 3600000
	sasl.oauthbearer.jwks.endpoint.retry.backoff.max.ms = 10000
	sasl.oauthbearer.jwks.endpoint.retry.backoff.ms = 100
	sasl.oauthbearer.jwks.endpoint.url = null
	sasl.oauthbearer.scope.claim.name = scope
	sasl.oauthbearer.sub.claim.name = sub
	sasl.oauthbearer.token.endpoint.url = null
	security.protocol = PLAINTEXT
	security.providers = null
	send.buffer.bytes = 131072
	session.timeout.ms = 45000
	socket.connection.setup.timeout.max.ms = 30000
	socket.connection.setup.timeout.ms = 10000
	ssl.cipher.suites = null
	ssl.enabled.protocols = [TLSv1.2, TLSv1.3]
	ssl.endpoint.identification.algorithm = https
	ssl.engine.factory.class = null
	ssl.key.password = null
	ssl.keymanager.algorithm = SunX509
	ssl.keystore.certificate.chain = null
	ssl.keystore.key = null
	ssl.keystore.location = null
	ssl.keystore.password = null
	ssl.keystore.type = JKS
	ssl.protocol = TLSv1.3
	ssl.provider = null
	ssl.secure.random.implementation = null
	ssl.trustmanager.algorithm = PKIX
	ssl.truststore.certificates = null
	ssl.truststore.location = null
	ssl.truststore.password = null
	ssl.truststore.type = JKS
	value.deserializer = class org.apache.kafka.common.serialization.StringDeserializer

2024-12-15 14:36:09 INFO  o.a.k.c.t.i.KafkaMetricsCollector - initializing Kafka metrics collector
2024-12-15 14:36:09 INFO  o.a.kafka.common.utils.AppInfoParser - Kafka version: 3.7.1
2024-12-15 14:36:09 INFO  o.a.kafka.common.utils.AppInfoParser - Kafka commitId: e2494e6ffb89f828
2024-12-15 14:36:09 INFO  o.a.kafka.common.utils.AppInfoParser - Kafka startTimeMs: 1734248169128
2024-12-15 14:36:09 INFO  o.a.k.c.c.i.LegacyKafkaConsumer - [Consumer clientId=consumer-auth_service-4, groupId=auth_service] Subscribed to topic(s): status
2024-12-15 14:36:09 INFO  o.a.k.c.consumer.ConsumerConfig - ConsumerConfig values: 
	allow.auto.create.topics = true
	auto.commit.interval.ms = 5000
	auto.include.jmx.reporter = true
	auto.offset.reset = latest
	bootstrap.servers = [37.194.168.90:9092]
	check.crcs = true
	client.dns.lookup = use_all_dns_ips
	client.id = consumer-auth_service-5
	client.rack = 
	connections.max.idle.ms = 540000
	default.api.timeout.ms = 60000
	enable.auto.commit = false
	enable.metrics.push = true
	exclude.internal.topics = true
	fetch.max.bytes = 52428800
	fetch.max.wait.ms = 500
	fetch.min.bytes = 1
	group.id = auth_service
	group.instance.id = null
	group.protocol = classic
	group.remote.assignor = null
	heartbeat.interval.ms = 3000
	interceptor.classes = []
	internal.leave.group.on.close = true
	internal.throw.on.fetch.stable.offset.unsupported = false
	isolation.level = read_uncommitted
	key.deserializer = class org.apache.kafka.common.serialization.StringDeserializer
	max.partition.fetch.bytes = 1048576
	max.poll.interval.ms = 300000
	max.poll.records = 500
	metadata.max.age.ms = 300000
	metric.reporters = []
	metrics.num.samples = 2
	metrics.recording.level = INFO
	metrics.sample.window.ms = 30000
	partition.assignment.strategy = [class org.apache.kafka.clients.consumer.RangeAssignor, class org.apache.kafka.clients.consumer.CooperativeStickyAssignor]
	receive.buffer.bytes = 65536
	reconnect.backoff.max.ms = 1000
	reconnect.backoff.ms = 50
	request.timeout.ms = 30000
	retry.backoff.max.ms = 1000
	retry.backoff.ms = 100
	sasl.client.callback.handler.class = null
	sasl.jaas.config = null
	sasl.kerberos.kinit.cmd = /usr/bin/kinit
	sasl.kerberos.min.time.before.relogin = 60000
	sasl.kerberos.service.name = null
	sasl.kerberos.ticket.renew.jitter = 0.05
	sasl.kerberos.ticket.renew.window.factor = 0.8
	sasl.login.callback.handler.class = null
	sasl.login.class = null
	sasl.login.connect.timeout.ms = null
	sasl.login.read.timeout.ms = null
	sasl.login.refresh.buffer.seconds = 300
	sasl.login.refresh.min.period.seconds = 60
	sasl.login.refresh.window.factor = 0.8
	sasl.login.refresh.window.jitter = 0.05
	sasl.login.retry.backoff.max.ms = 10000
	sasl.login.retry.backoff.ms = 100
	sasl.mechanism = GSSAPI
	sasl.oauthbearer.clock.skew.seconds = 30
	sasl.oauthbearer.expected.audience = null
	sasl.oauthbearer.expected.issuer = null
	sasl.oauthbearer.jwks.endpoint.refresh.ms = 3600000
	sasl.oauthbearer.jwks.endpoint.retry.backoff.max.ms = 10000
	sasl.oauthbearer.jwks.endpoint.retry.backoff.ms = 100
	sasl.oauthbearer.jwks.endpoint.url = null
	sasl.oauthbearer.scope.claim.name = scope
	sasl.oauthbearer.sub.claim.name = sub
	sasl.oauthbearer.token.endpoint.url = null
	security.protocol = PLAINTEXT
	security.providers = null
	send.buffer.bytes = 131072
	session.timeout.ms = 45000
	socket.connection.setup.timeout.max.ms = 30000
	socket.connection.setup.timeout.ms = 10000
	ssl.cipher.suites = null
	ssl.enabled.protocols = [TLSv1.2, TLSv1.3]
	ssl.endpoint.identification.algorithm = https
	ssl.engine.factory.class = null
	ssl.key.password = null
	ssl.keymanager.algorithm = SunX509
	ssl.keystore.certificate.chain = null
	ssl.keystore.key = null
	ssl.keystore.location = null
	ssl.keystore.password = null
	ssl.keystore.type = JKS
	ssl.protocol = TLSv1.3
	ssl.provider = null
	ssl.secure.random.implementation = null
	ssl.trustmanager.algorithm = PKIX
	ssl.truststore.certificates = null
	ssl.truststore.location = null
	ssl.truststore.password = null
	ssl.truststore.type = JKS
	value.deserializer = class org.apache.kafka.common.serialization.StringDeserializer

2024-12-15 14:36:09 INFO  o.a.k.c.t.i.KafkaMetricsCollector - initializing Kafka metrics collector
2024-12-15 14:36:09 INFO  o.a.kafka.common.utils.AppInfoParser - Kafka version: 3.7.1
2024-12-15 14:36:09 INFO  o.a.kafka.common.utils.AppInfoParser - Kafka commitId: e2494e6ffb89f828
2024-12-15 14:36:09 INFO  o.a.kafka.common.utils.AppInfoParser - Kafka startTimeMs: 1734248169134
2024-12-15 14:36:09 INFO  o.a.k.c.c.i.LegacyKafkaConsumer - [Consumer clientId=consumer-auth_service-5, groupId=auth_service] Subscribed to topic(s): getLink
2024-12-15 14:36:09 INFO  o.a.k.c.consumer.ConsumerConfig - ConsumerConfig values: 
	allow.auto.create.topics = true
	auto.commit.interval.ms = 5000
	auto.include.jmx.reporter = true
	auto.offset.reset = latest
	bootstrap.servers = [37.194.168.90:9092]
	check.crcs = true
	client.dns.lookup = use_all_dns_ips
	client.id = consumer-auth_service-6
	client.rack = 
	connections.max.idle.ms = 540000
	default.api.timeout.ms = 60000
	enable.auto.commit = false
	enable.metrics.push = true
	exclude.internal.topics = true
	fetch.max.bytes = 52428800
	fetch.max.wait.ms = 500
	fetch.min.bytes = 1
	group.id = auth_service
	group.instance.id = null
	group.protocol = classic
	group.remote.assignor = null
	heartbeat.interval.ms = 3000
	interceptor.classes = []
	internal.leave.group.on.close = true
	internal.throw.on.fetch.stable.offset.unsupported = false
	isolation.level = read_uncommitted
	key.deserializer = class org.apache.kafka.common.serialization.StringDeserializer
	max.partition.fetch.bytes = 1048576
	max.poll.interval.ms = 300000
	max.poll.records = 500
	metadata.max.age.ms = 300000
	metric.reporters = []
	metrics.num.samples = 2
	metrics.recording.level = INFO
	metrics.sample.window.ms = 30000
	partition.assignment.strategy = [class org.apache.kafka.clients.consumer.RangeAssignor, class org.apache.kafka.clients.consumer.CooperativeStickyAssignor]
	receive.buffer.bytes = 65536
	reconnect.backoff.max.ms = 1000
	reconnect.backoff.ms = 50
	request.timeout.ms = 30000
	retry.backoff.max.ms = 1000
	retry.backoff.ms = 100
	sasl.client.callback.handler.class = null
	sasl.jaas.config = null
	sasl.kerberos.kinit.cmd = /usr/bin/kinit
	sasl.kerberos.min.time.before.relogin = 60000
	sasl.kerberos.service.name = null
	sasl.kerberos.ticket.renew.jitter = 0.05
	sasl.kerberos.ticket.renew.window.factor = 0.8
	sasl.login.callback.handler.class = null
	sasl.login.class = null
	sasl.login.connect.timeout.ms = null
	sasl.login.read.timeout.ms = null
	sasl.login.refresh.buffer.seconds = 300
	sasl.login.refresh.min.period.seconds = 60
	sasl.login.refresh.window.factor = 0.8
	sasl.login.refresh.window.jitter = 0.05
	sasl.login.retry.backoff.max.ms = 10000
	sasl.login.retry.backoff.ms = 100
	sasl.mechanism = GSSAPI
	sasl.oauthbearer.clock.skew.seconds = 30
	sasl.oauthbearer.expected.audience = null
	sasl.oauthbearer.expected.issuer = null
	sasl.oauthbearer.jwks.endpoint.refresh.ms = 3600000
	sasl.oauthbearer.jwks.endpoint.retry.backoff.max.ms = 10000
	sasl.oauthbearer.jwks.endpoint.retry.backoff.ms = 100
	sasl.oauthbearer.jwks.endpoint.url = null
	sasl.oauthbearer.scope.claim.name = scope
	sasl.oauthbearer.sub.claim.name = sub
	sasl.oauthbearer.token.endpoint.url = null
	security.protocol = PLAINTEXT
	security.providers = null
	send.buffer.bytes = 131072
	session.timeout.ms = 45000
	socket.connection.setup.timeout.max.ms = 30000
	socket.connection.setup.timeout.ms = 10000
	ssl.cipher.suites = null
	ssl.enabled.protocols = [TLSv1.2, TLSv1.3]
	ssl.endpoint.identification.algorithm = https
	ssl.engine.factory.class = null
	ssl.key.password = null
	ssl.keymanager.algorithm = SunX509
	ssl.keystore.certificate.chain = null
	ssl.keystore.key = null
	ssl.keystore.location = null
	ssl.keystore.password = null
	ssl.keystore.type = JKS
	ssl.protocol = TLSv1.3
	ssl.provider = null
	ssl.secure.random.implementation = null
	ssl.trustmanager.algorithm = PKIX
	ssl.truststore.certificates = null
	ssl.truststore.location = null
	ssl.truststore.password = null
	ssl.truststore.type = JKS
	value.deserializer = class org.apache.kafka.common.serialization.StringDeserializer

2024-12-15 14:36:09 INFO  o.a.k.c.t.i.KafkaMetricsCollector - initializing Kafka metrics collector
2024-12-15 14:36:09 INFO  o.a.kafka.common.utils.AppInfoParser - Kafka version: 3.7.1
2024-12-15 14:36:09 INFO  o.a.kafka.common.utils.AppInfoParser - Kafka commitId: e2494e6ffb89f828
2024-12-15 14:36:09 INFO  o.a.kafka.common.utils.AppInfoParser - Kafka startTimeMs: 1734248169137
2024-12-15 14:36:09 INFO  o.a.k.c.c.i.LegacyKafkaConsumer - [Consumer clientId=consumer-auth_service-6, groupId=auth_service] Subscribed to topic(s): registry
2024-12-15 14:36:09 INFO  o.a.k.c.consumer.ConsumerConfig - ConsumerConfig values: 
	allow.auto.create.topics = true
	auto.commit.interval.ms = 5000
	auto.include.jmx.reporter = true
	auto.offset.reset = latest
	bootstrap.servers = [37.194.168.90:9092]
	check.crcs = true
	client.dns.lookup = use_all_dns_ips
	client.id = consumer-auth_service-7
	client.rack = 
	connections.max.idle.ms = 540000
	default.api.timeout.ms = 60000
	enable.auto.commit = false
	enable.metrics.push = true
	exclude.internal.topics = true
	fetch.max.bytes = 52428800
	fetch.max.wait.ms = 500
	fetch.min.bytes = 1
	group.id = auth_service
	group.instance.id = null
	group.protocol = classic
	group.remote.assignor = null
	heartbeat.interval.ms = 3000
	interceptor.classes = []
	internal.leave.group.on.close = true
	internal.throw.on.fetch.stable.offset.unsupported = false
	isolation.level = read_uncommitted
	key.deserializer = class org.apache.kafka.common.serialization.StringDeserializer
	max.partition.fetch.bytes = 1048576
	max.poll.interval.ms = 300000
	max.poll.records = 500
	metadata.max.age.ms = 300000
	metric.reporters = []
	metrics.num.samples = 2
	metrics.recording.level = INFO
	metrics.sample.window.ms = 30000
	partition.assignment.strategy = [class org.apache.kafka.clients.consumer.RangeAssignor, class org.apache.kafka.clients.consumer.CooperativeStickyAssignor]
	receive.buffer.bytes = 65536
	reconnect.backoff.max.ms = 1000
	reconnect.backoff.ms = 50
	request.timeout.ms = 30000
	retry.backoff.max.ms = 1000
	retry.backoff.ms = 100
	sasl.client.callback.handler.class = null
	sasl.jaas.config = null
	sasl.kerberos.kinit.cmd = /usr/bin/kinit
	sasl.kerberos.min.time.before.relogin = 60000
	sasl.kerberos.service.name = null
	sasl.kerberos.ticket.renew.jitter = 0.05
	sasl.kerberos.ticket.renew.window.factor = 0.8
	sasl.login.callback.handler.class = null
	sasl.login.class = null
	sasl.login.connect.timeout.ms = null
	sasl.login.read.timeout.ms = null
	sasl.login.refresh.buffer.seconds = 300
	sasl.login.refresh.min.period.seconds = 60
	sasl.login.refresh.window.factor = 0.8
	sasl.login.refresh.window.jitter = 0.05
	sasl.login.retry.backoff.max.ms = 10000
	sasl.login.retry.backoff.ms = 100
	sasl.mechanism = GSSAPI
	sasl.oauthbearer.clock.skew.seconds = 30
	sasl.oauthbearer.expected.audience = null
	sasl.oauthbearer.expected.issuer = null
	sasl.oauthbearer.jwks.endpoint.refresh.ms = 3600000
	sasl.oauthbearer.jwks.endpoint.retry.backoff.max.ms = 10000
	sasl.oauthbearer.jwks.endpoint.retry.backoff.ms = 100
	sasl.oauthbearer.jwks.endpoint.url = null
	sasl.oauthbearer.scope.claim.name = scope
	sasl.oauthbearer.sub.claim.name = sub
	sasl.oauthbearer.token.endpoint.url = null
	security.protocol = PLAINTEXT
	security.providers = null
	send.buffer.bytes = 131072
	session.timeout.ms = 45000
	socket.connection.setup.timeout.max.ms = 30000
	socket.connection.setup.timeout.ms = 10000
	ssl.cipher.suites = null
	ssl.enabled.protocols = [TLSv1.2, TLSv1.3]
	ssl.endpoint.identification.algorithm = https
	ssl.engine.factory.class = null
	ssl.key.password = null
	ssl.keymanager.algorithm = SunX509
	ssl.keystore.certificate.chain = null
	ssl.keystore.key = null
	ssl.keystore.location = null
	ssl.keystore.password = null
	ssl.keystore.type = JKS
	ssl.protocol = TLSv1.3
	ssl.provider = null
	ssl.secure.random.implementation = null
	ssl.trustmanager.algorithm = PKIX
	ssl.truststore.certificates = null
	ssl.truststore.location = null
	ssl.truststore.password = null
	ssl.truststore.type = JKS
	value.deserializer = class org.apache.kafka.common.serialization.StringDeserializer

2024-12-15 14:36:09 INFO  o.a.k.c.t.i.KafkaMetricsCollector - initializing Kafka metrics collector
2024-12-15 14:36:09 INFO  o.a.kafka.common.utils.AppInfoParser - Kafka version: 3.7.1
2024-12-15 14:36:09 INFO  o.a.kafka.common.utils.AppInfoParser - Kafka commitId: e2494e6ffb89f828
2024-12-15 14:36:09 INFO  o.a.kafka.common.utils.AppInfoParser - Kafka startTimeMs: 1734248169141
2024-12-15 14:36:09 INFO  o.a.k.c.c.i.LegacyKafkaConsumer - [Consumer clientId=consumer-auth_service-7, groupId=auth_service] Subscribed to topic(s): filter
2024-12-15 14:36:09 INFO  o.a.k.c.consumer.ConsumerConfig - ConsumerConfig values: 
	allow.auto.create.topics = true
	auto.commit.interval.ms = 5000
	auto.include.jmx.reporter = true
	auto.offset.reset = latest
	bootstrap.servers = [37.194.168.90:9092]
	check.crcs = true
	client.dns.lookup = use_all_dns_ips
	client.id = consumer-auth_service-8
	client.rack = 
	connections.max.idle.ms = 540000
	default.api.timeout.ms = 60000
	enable.auto.commit = false
	enable.metrics.push = true
	exclude.internal.topics = true
	fetch.max.bytes = 52428800
	fetch.max.wait.ms = 500
	fetch.min.bytes = 1
	group.id = auth_service
	group.instance.id = null
	group.protocol = classic
	group.remote.assignor = null
	heartbeat.interval.ms = 3000
	interceptor.classes = []
	internal.leave.group.on.close = true
	internal.throw.on.fetch.stable.offset.unsupported = false
	isolation.level = read_uncommitted
	key.deserializer = class org.apache.kafka.common.serialization.StringDeserializer
	max.partition.fetch.bytes = 1048576
	max.poll.interval.ms = 300000
	max.poll.records = 500
	metadata.max.age.ms = 300000
	metric.reporters = []
	metrics.num.samples = 2
	metrics.recording.level = INFO
	metrics.sample.window.ms = 30000
	partition.assignment.strategy = [class org.apache.kafka.clients.consumer.RangeAssignor, class org.apache.kafka.clients.consumer.CooperativeStickyAssignor]
	receive.buffer.bytes = 65536
	reconnect.backoff.max.ms = 1000
	reconnect.backoff.ms = 50
	request.timeout.ms = 30000
	retry.backoff.max.ms = 1000
	retry.backoff.ms = 100
	sasl.client.callback.handler.class = null
	sasl.jaas.config = null
	sasl.kerberos.kinit.cmd = /usr/bin/kinit
	sasl.kerberos.min.time.before.relogin = 60000
	sasl.kerberos.service.name = null
	sasl.kerberos.ticket.renew.jitter = 0.05
	sasl.kerberos.ticket.renew.window.factor = 0.8
	sasl.login.callback.handler.class = null
	sasl.login.class = null
	sasl.login.connect.timeout.ms = null
	sasl.login.read.timeout.ms = null
	sasl.login.refresh.buffer.seconds = 300
	sasl.login.refresh.min.period.seconds = 60
	sasl.login.refresh.window.factor = 0.8
	sasl.login.refresh.window.jitter = 0.05
	sasl.login.retry.backoff.max.ms = 10000
	sasl.login.retry.backoff.ms = 100
	sasl.mechanism = GSSAPI
	sasl.oauthbearer.clock.skew.seconds = 30
	sasl.oauthbearer.expected.audience = null
	sasl.oauthbearer.expected.issuer = null
	sasl.oauthbearer.jwks.endpoint.refresh.ms = 3600000
	sasl.oauthbearer.jwks.endpoint.retry.backoff.max.ms = 10000
	sasl.oauthbearer.jwks.endpoint.retry.backoff.ms = 100
	sasl.oauthbearer.jwks.endpoint.url = null
	sasl.oauthbearer.scope.claim.name = scope
	sasl.oauthbearer.sub.claim.name = sub
	sasl.oauthbearer.token.endpoint.url = null
	security.protocol = PLAINTEXT
	security.providers = null
	send.buffer.bytes = 131072
	session.timeout.ms = 45000
	socket.connection.setup.timeout.max.ms = 30000
	socket.connection.setup.timeout.ms = 10000
	ssl.cipher.suites = null
	ssl.enabled.protocols = [TLSv1.2, TLSv1.3]
	ssl.endpoint.identification.algorithm = https
	ssl.engine.factory.class = null
	ssl.key.password = null
	ssl.keymanager.algorithm = SunX509
	ssl.keystore.certificate.chain = null
	ssl.keystore.key = null
	ssl.keystore.location = null
	ssl.keystore.password = null
	ssl.keystore.type = JKS
	ssl.protocol = TLSv1.3
	ssl.provider = null
	ssl.secure.random.implementation = null
	ssl.trustmanager.algorithm = PKIX
	ssl.truststore.certificates = null
	ssl.truststore.location = null
	ssl.truststore.password = null
	ssl.truststore.type = JKS
	value.deserializer = class org.apache.kafka.common.serialization.StringDeserializer

2024-12-15 14:36:09 INFO  o.a.k.c.t.i.KafkaMetricsCollector - initializing Kafka metrics collector
2024-12-15 14:36:09 INFO  o.a.kafka.common.utils.AppInfoParser - Kafka version: 3.7.1
2024-12-15 14:36:09 INFO  o.a.kafka.common.utils.AppInfoParser - Kafka commitId: e2494e6ffb89f828
2024-12-15 14:36:09 INFO  o.a.kafka.common.utils.AppInfoParser - Kafka startTimeMs: 1734248169145
2024-12-15 14:36:09 INFO  o.a.k.c.c.i.LegacyKafkaConsumer - [Consumer clientId=consumer-auth_service-8, groupId=auth_service] Subscribed to topic(s): start
2024-12-15 14:36:09 INFO  c.e.demo.HhRecruiterApplicationKt - Started HhRecruiterApplicationKt in 9.316 seconds (process running for 9.679)
2024-12-15 14:36:09 INFO  c.e.demo.service.NotificationService - Запуск нотификации
2024-12-15 14:36:09 INFO  org.apache.kafka.clients.Metadata - [Consumer clientId=consumer-auth_service-8, groupId=auth_service] Cluster ID: rs0KtrdkQsGY2gwAHle7dQ
2024-12-15 14:36:09 INFO  org.apache.kafka.clients.Metadata - [Consumer clientId=consumer-auth_service-3, groupId=auth_service] Cluster ID: rs0KtrdkQsGY2gwAHle7dQ
2024-12-15 14:36:09 INFO  org.apache.kafka.clients.Metadata - [Consumer clientId=consumer-auth_service-7, groupId=auth_service] Cluster ID: rs0KtrdkQsGY2gwAHle7dQ
2024-12-15 14:36:09 INFO  org.apache.kafka.clients.Metadata - [Consumer clientId=consumer-auth_service-4, groupId=auth_service] Cluster ID: rs0KtrdkQsGY2gwAHle7dQ
2024-12-15 14:36:09 INFO  org.apache.kafka.clients.Metadata - [Consumer clientId=consumer-auth_service-5, groupId=auth_service] Cluster ID: rs0KtrdkQsGY2gwAHle7dQ
2024-12-15 14:36:09 INFO  o.a.k.c.c.i.ConsumerCoordinator - [Consumer clientId=consumer-auth_service-3, groupId=auth_service] Discovered group coordinator 37.194.168.90:9092 (id: 2147483646 rack: null)
2024-12-15 14:36:09 INFO  o.a.k.c.c.i.ConsumerCoordinator - [Consumer clientId=consumer-auth_service-4, groupId=auth_service] Discovered group coordinator 37.194.168.90:9092 (id: 2147483646 rack: null)
2024-12-15 14:36:09 INFO  o.a.k.c.c.i.ConsumerCoordinator - [Consumer clientId=consumer-auth_service-7, groupId=auth_service] Discovered group coordinator 37.194.168.90:9092 (id: 2147483646 rack: null)
2024-12-15 14:36:09 INFO  o.a.k.c.c.i.ConsumerCoordinator - [Consumer clientId=consumer-auth_service-5, groupId=auth_service] Discovered group coordinator 37.194.168.90:9092 (id: 2147483646 rack: null)
2024-12-15 14:36:09 INFO  o.a.k.c.c.i.ConsumerCoordinator - [Consumer clientId=consumer-auth_service-8, groupId=auth_service] Discovered group coordinator 37.194.168.90:9092 (id: 2147483646 rack: null)
2024-12-15 14:36:09 INFO  o.a.k.c.c.i.ConsumerCoordinator - [Consumer clientId=consumer-auth_service-8, groupId=auth_service] (Re-)joining group
2024-12-15 14:36:09 INFO  o.a.k.c.c.i.ConsumerCoordinator - [Consumer clientId=consumer-auth_service-5, groupId=auth_service] (Re-)joining group
2024-12-15 14:36:09 INFO  o.a.k.c.c.i.ConsumerCoordinator - [Consumer clientId=consumer-auth_service-4, groupId=auth_service] (Re-)joining group
2024-12-15 14:36:09 INFO  o.a.k.c.c.i.ConsumerCoordinator - [Consumer clientId=consumer-auth_service-3, groupId=auth_service] (Re-)joining group
2024-12-15 14:36:09 INFO  o.a.k.c.c.i.ConsumerCoordinator - [Consumer clientId=consumer-auth_service-7, groupId=auth_service] (Re-)joining group
2024-12-15 14:36:09 INFO  org.apache.kafka.clients.Metadata - [Consumer clientId=consumer-auth_service-1, groupId=auth_service] Cluster ID: rs0KtrdkQsGY2gwAHle7dQ
2024-12-15 14:36:09 INFO  org.apache.kafka.clients.Metadata - [Consumer clientId=consumer-auth_service-6, groupId=auth_service] Cluster ID: rs0KtrdkQsGY2gwAHle7dQ
2024-12-15 14:36:09 INFO  org.apache.kafka.clients.Metadata - [Consumer clientId=consumer-auth_service-2, groupId=auth_service] Cluster ID: rs0KtrdkQsGY2gwAHle7dQ
2024-12-15 14:36:09 INFO  o.a.k.c.c.i.ConsumerCoordinator - [Consumer clientId=consumer-auth_service-1, groupId=auth_service] Discovered group coordinator 37.194.168.90:9092 (id: 2147483646 rack: null)
2024-12-15 14:36:09 INFO  o.a.k.c.c.i.ConsumerCoordinator - [Consumer clientId=consumer-auth_service-1, groupId=auth_service] (Re-)joining group
2024-12-15 14:36:09 INFO  o.a.k.c.c.i.ConsumerCoordinator - [Consumer clientId=consumer-auth_service-6, groupId=auth_service] Discovered group coordinator 37.194.168.90:9092 (id: 2147483646 rack: null)
2024-12-15 14:36:09 INFO  o.a.k.c.c.i.ConsumerCoordinator - [Consumer clientId=consumer-auth_service-2, groupId=auth_service] Discovered group coordinator 37.194.168.90:9092 (id: 2147483646 rack: null)
2024-12-15 14:36:09 INFO  o.a.k.c.c.i.ConsumerCoordinator - [Consumer clientId=consumer-auth_service-6, groupId=auth_service] (Re-)joining group
2024-12-15 14:36:09 INFO  o.a.k.c.c.i.ConsumerCoordinator - [Consumer clientId=consumer-auth_service-2, groupId=auth_service] (Re-)joining group
2024-12-15 14:36:10 INFO  o.a.k.c.c.i.ConsumerCoordinator - [Consumer clientId=consumer-auth_service-4, groupId=auth_service] Request joining group due to: need to re-join with the given member-id: consumer-auth_service-4-4f5ddde8-25e9-4cf6-a46a-ca84e60377e5
2024-12-15 14:36:10 INFO  o.a.k.c.c.i.ConsumerCoordinator - [Consumer clientId=consumer-auth_service-7, groupId=auth_service] Request joining group due to: need to re-join with the given member-id: consumer-auth_service-7-0371bdbd-dbf7-40cf-becc-ea07ad8d24eb
2024-12-15 14:36:10 INFO  o.a.k.c.c.i.ConsumerCoordinator - [Consumer clientId=consumer-auth_service-4, groupId=auth_service] (Re-)joining group
2024-12-15 14:36:10 INFO  o.a.k.c.c.i.ConsumerCoordinator - [Consumer clientId=consumer-auth_service-7, groupId=auth_service] (Re-)joining group
2024-12-15 14:36:10 INFO  o.a.k.c.c.i.ConsumerCoordinator - [Consumer clientId=consumer-auth_service-2, groupId=auth_service] Request joining group due to: need to re-join with the given member-id: consumer-auth_service-2-e8a74406-1278-4e69-a178-4768dafd6d4d
2024-12-15 14:36:10 INFO  o.a.k.c.c.i.ConsumerCoordinator - [Consumer clientId=consumer-auth_service-2, groupId=auth_service] (Re-)joining group
2024-12-15 14:36:10 INFO  o.a.k.c.c.i.ConsumerCoordinator - [Consumer clientId=consumer-auth_service-8, groupId=auth_service] Request joining group due to: need to re-join with the given member-id: consumer-auth_service-8-e30a20e0-f61d-4cae-aaed-ead896242f37
2024-12-15 14:36:10 INFO  o.a.k.c.c.i.ConsumerCoordinator - [Consumer clientId=consumer-auth_service-5, groupId=auth_service] Request joining group due to: need to re-join with the given member-id: consumer-auth_service-5-8ef4793c-7bd4-4c4b-8238-53918243faf7
2024-12-15 14:36:10 INFO  o.a.k.c.c.i.ConsumerCoordinator - [Consumer clientId=consumer-auth_service-3, groupId=auth_service] Request joining group due to: need to re-join with the given member-id: consumer-auth_service-3-01bbe92e-bee1-4be7-b5d0-eb6340949839
2024-12-15 14:36:10 INFO  o.a.k.c.c.i.ConsumerCoordinator - [Consumer clientId=consumer-auth_service-1, groupId=auth_service] Request joining group due to: need to re-join with the given member-id: consumer-auth_service-1-36a87e4a-15c4-4996-a95b-3550afa8b060
2024-12-15 14:36:10 INFO  o.a.k.c.c.i.ConsumerCoordinator - [Consumer clientId=consumer-auth_service-8, groupId=auth_service] (Re-)joining group
2024-12-15 14:36:10 INFO  o.a.k.c.c.i.ConsumerCoordinator - [Consumer clientId=consumer-auth_service-3, groupId=auth_service] (Re-)joining group
2024-12-15 14:36:10 INFO  o.a.k.c.c.i.ConsumerCoordinator - [Consumer clientId=consumer-auth_service-1, groupId=auth_service] (Re-)joining group
2024-12-15 14:36:10 INFO  o.a.k.c.c.i.ConsumerCoordinator - [Consumer clientId=consumer-auth_service-5, groupId=auth_service] (Re-)joining group
2024-12-15 14:36:10 INFO  o.a.k.c.c.i.ConsumerCoordinator - [Consumer clientId=consumer-auth_service-6, groupId=auth_service] Request joining group due to: need to re-join with the given member-id: consumer-auth_service-6-83fa3c15-169e-4af3-8d97-a61b152f5565
2024-12-15 14:36:10 INFO  o.a.k.c.c.i.ConsumerCoordinator - [Consumer clientId=consumer-auth_service-6, groupId=auth_service] (Re-)joining group
2024-12-15 14:36:13 INFO  o.a.k.c.c.i.ConsumerCoordinator - [Consumer clientId=consumer-auth_service-7, groupId=auth_service] Successfully joined group with generation Generation{generationId=1261, memberId='consumer-auth_service-7-0371bdbd-dbf7-40cf-becc-ea07ad8d24eb', protocol='range'}
2024-12-15 14:36:13 INFO  o.a.k.c.c.i.ConsumerCoordinator - [Consumer clientId=consumer-auth_service-4, groupId=auth_service] Successfully joined group with generation Generation{generationId=1261, memberId='consumer-auth_service-4-4f5ddde8-25e9-4cf6-a46a-ca84e60377e5', protocol='range'}
2024-12-15 14:36:13 INFO  o.a.k.c.c.i.ConsumerCoordinator - [Consumer clientId=consumer-auth_service-2, groupId=auth_service] Successfully joined group with generation Generation{generationId=1261, memberId='consumer-auth_service-2-e8a74406-1278-4e69-a178-4768dafd6d4d', protocol='range'}
2024-12-15 14:36:13 INFO  o.a.k.c.c.i.ConsumerCoordinator - [Consumer clientId=consumer-auth_service-5, groupId=auth_service] Successfully joined group with generation Generation{generationId=1261, memberId='consumer-auth_service-5-8ef4793c-7bd4-4c4b-8238-53918243faf7', protocol='range'}
2024-12-15 14:36:13 INFO  o.a.k.c.c.i.ConsumerCoordinator - [Consumer clientId=consumer-auth_service-8, groupId=auth_service] Successfully joined group with generation Generation{generationId=1261, memberId='consumer-auth_service-8-e30a20e0-f61d-4cae-aaed-ead896242f37', protocol='range'}
2024-12-15 14:36:13 INFO  o.a.k.c.c.i.ConsumerCoordinator - [Consumer clientId=consumer-auth_service-1, groupId=auth_service] Successfully joined group with generation Generation{generationId=1261, memberId='consumer-auth_service-1-36a87e4a-15c4-4996-a95b-3550afa8b060', protocol='range'}
2024-12-15 14:36:13 INFO  o.a.k.c.c.i.ConsumerCoordinator - [Consumer clientId=consumer-auth_service-3, groupId=auth_service] Successfully joined group with generation Generation{generationId=1261, memberId='consumer-auth_service-3-01bbe92e-bee1-4be7-b5d0-eb6340949839', protocol='range'}
2024-12-15 14:36:13 INFO  o.a.k.c.c.i.ConsumerCoordinator - [Consumer clientId=consumer-auth_service-6, groupId=auth_service] Successfully joined group with generation Generation{generationId=1261, memberId='consumer-auth_service-6-83fa3c15-169e-4af3-8d97-a61b152f5565', protocol='range'}
2024-12-15 14:36:13 INFO  o.a.k.c.c.i.ConsumerCoordinator - [Consumer clientId=consumer-auth_service-4, groupId=auth_service] Finished assignment for group at generation 1261: {consumer-auth_service-8-e30a20e0-f61d-4cae-aaed-ead896242f37=Assignment(partitions=[start-0]), consumer-auth_service-7-0371bdbd-dbf7-40cf-becc-ea07ad8d24eb=Assignment(partitions=[filter-0]), consumer-auth_service-2-e8a74406-1278-4e69-a178-4768dafd6d4d=Assignment(partitions=[profile-0]), consumer-auth_service-6-83fa3c15-169e-4af3-8d97-a61b152f5565=Assignment(partitions=[registry-0]), consumer-auth_service-3-01bbe92e-bee1-4be7-b5d0-eb6340949839=Assignment(partitions=[stop-0]), consumer-auth_service-5-8ef4793c-7bd4-4c4b-8238-53918243faf7=Assignment(partitions=[getLink-0]), consumer-auth_service-4-4f5ddde8-25e9-4cf6-a46a-ca84e60377e5=Assignment(partitions=[status-0]), consumer-auth_service-1-36a87e4a-15c4-4996-a95b-3550afa8b060=Assignment(partitions=[ping-0])}
2024-12-15 14:36:13 INFO  o.a.k.c.c.i.ConsumerCoordinator - [Consumer clientId=consumer-auth_service-7, groupId=auth_service] Successfully synced group in generation Generation{generationId=1261, memberId='consumer-auth_service-7-0371bdbd-dbf7-40cf-becc-ea07ad8d24eb', protocol='range'}
2024-12-15 14:36:13 INFO  o.a.k.c.c.i.ConsumerCoordinator - [Consumer clientId=consumer-auth_service-7, groupId=auth_service] Notifying assignor about the new Assignment(partitions=[filter-0])
2024-12-15 14:36:13 INFO  o.a.k.c.c.i.ConsumerCoordinator - [Consumer clientId=consumer-auth_service-4, groupId=auth_service] Successfully synced group in generation Generation{generationId=1261, memberId='consumer-auth_service-4-4f5ddde8-25e9-4cf6-a46a-ca84e60377e5', protocol='range'}
2024-12-15 14:36:13 INFO  o.a.k.c.c.i.ConsumerCoordinator - [Consumer clientId=consumer-auth_service-4, groupId=auth_service] Notifying assignor about the new Assignment(partitions=[status-0])
2024-12-15 14:36:13 INFO  o.a.k.c.c.i.ConsumerRebalanceListenerInvoker - [Consumer clientId=consumer-auth_service-4, groupId=auth_service] Adding newly assigned partitions: status-0
2024-12-15 14:36:13 INFO  o.a.k.c.c.i.ConsumerRebalanceListenerInvoker - [Consumer clientId=consumer-auth_service-7, groupId=auth_service] Adding newly assigned partitions: filter-0
2024-12-15 14:36:13 INFO  o.a.k.c.c.i.ConsumerCoordinator - [Consumer clientId=consumer-auth_service-2, groupId=auth_service] Successfully synced group in generation Generation{generationId=1261, memberId='consumer-auth_service-2-e8a74406-1278-4e69-a178-4768dafd6d4d', protocol='range'}
2024-12-15 14:36:13 INFO  o.a.k.c.c.i.ConsumerCoordinator - [Consumer clientId=consumer-auth_service-2, groupId=auth_service] Notifying assignor about the new Assignment(partitions=[profile-0])
2024-12-15 14:36:13 INFO  o.a.k.c.c.i.ConsumerRebalanceListenerInvoker - [Consumer clientId=consumer-auth_service-2, groupId=auth_service] Adding newly assigned partitions: profile-0
2024-12-15 14:36:13 INFO  o.a.k.c.c.i.ConsumerCoordinator - [Consumer clientId=consumer-auth_service-8, groupId=auth_service] Successfully synced group in generation Generation{generationId=1261, memberId='consumer-auth_service-8-e30a20e0-f61d-4cae-aaed-ead896242f37', protocol='range'}
2024-12-15 14:36:13 INFO  o.a.k.c.c.i.ConsumerCoordinator - [Consumer clientId=consumer-auth_service-8, groupId=auth_service] Notifying assignor about the new Assignment(partitions=[start-0])
2024-12-15 14:36:13 INFO  o.a.k.c.c.i.ConsumerRebalanceListenerInvoker - [Consumer clientId=consumer-auth_service-8, groupId=auth_service] Adding newly assigned partitions: start-0
2024-12-15 14:36:13 INFO  o.a.k.c.c.i.ConsumerCoordinator - [Consumer clientId=consumer-auth_service-3, groupId=auth_service] Successfully synced group in generation Generation{generationId=1261, memberId='consumer-auth_service-3-01bbe92e-bee1-4be7-b5d0-eb6340949839', protocol='range'}
2024-12-15 14:36:13 INFO  o.a.k.c.c.i.ConsumerCoordinator - [Consumer clientId=consumer-auth_service-3, groupId=auth_service] Notifying assignor about the new Assignment(partitions=[stop-0])
2024-12-15 14:36:13 INFO  o.a.k.c.c.i.ConsumerCoordinator - [Consumer clientId=consumer-auth_service-5, groupId=auth_service] Successfully synced group in generation Generation{generationId=1261, memberId='consumer-auth_service-5-8ef4793c-7bd4-4c4b-8238-53918243faf7', protocol='range'}
2024-12-15 14:36:13 INFO  o.a.k.c.c.i.ConsumerCoordinator - [Consumer clientId=consumer-auth_service-1, groupId=auth_service] Successfully synced group in generation Generation{generationId=1261, memberId='consumer-auth_service-1-36a87e4a-15c4-4996-a95b-3550afa8b060', protocol='range'}
2024-12-15 14:36:13 INFO  o.a.k.c.c.i.ConsumerRebalanceListenerInvoker - [Consumer clientId=consumer-auth_service-3, groupId=auth_service] Adding newly assigned partitions: stop-0
2024-12-15 14:36:13 INFO  o.a.k.c.c.i.ConsumerCoordinator - [Consumer clientId=consumer-auth_service-5, groupId=auth_service] Notifying assignor about the new Assignment(partitions=[getLink-0])
2024-12-15 14:36:13 INFO  o.a.k.c.c.i.ConsumerCoordinator - [Consumer clientId=consumer-auth_service-1, groupId=auth_service] Notifying assignor about the new Assignment(partitions=[ping-0])
2024-12-15 14:36:13 INFO  o.a.k.c.c.i.ConsumerRebalanceListenerInvoker - [Consumer clientId=consumer-auth_service-5, groupId=auth_service] Adding newly assigned partitions: getLink-0
2024-12-15 14:36:13 INFO  o.a.k.c.c.i.ConsumerRebalanceListenerInvoker - [Consumer clientId=consumer-auth_service-1, groupId=auth_service] Adding newly assigned partitions: ping-0
2024-12-15 14:36:13 INFO  o.a.k.c.c.i.ConsumerCoordinator - [Consumer clientId=consumer-auth_service-6, groupId=auth_service] Successfully synced group in generation Generation{generationId=1261, memberId='consumer-auth_service-6-83fa3c15-169e-4af3-8d97-a61b152f5565', protocol='range'}
2024-12-15 14:36:13 INFO  o.a.k.c.c.i.ConsumerCoordinator - [Consumer clientId=consumer-auth_service-6, groupId=auth_service] Notifying assignor about the new Assignment(partitions=[registry-0])
2024-12-15 14:36:13 INFO  o.a.k.c.c.i.ConsumerRebalanceListenerInvoker - [Consumer clientId=consumer-auth_service-6, groupId=auth_service] Adding newly assigned partitions: registry-0
2024-12-15 14:36:13 INFO  o.a.k.c.c.internals.ConsumerUtils - Setting offset for partition status-0 to the committed offset FetchPosition{offset=85, offsetEpoch=Optional.empty, currentLeader=LeaderAndEpoch{leader=Optional[37.194.168.90:9092 (id: 1 rack: null)], epoch=0}}
2024-12-15 14:36:13 INFO  o.a.k.c.c.internals.ConsumerUtils - Setting offset for partition filter-0 to the committed offset FetchPosition{offset=62, offsetEpoch=Optional.empty, currentLeader=LeaderAndEpoch{leader=Optional[37.194.168.90:9092 (id: 1 rack: null)], epoch=0}}
2024-12-15 14:36:13 INFO  o.s.k.l.KafkaMessageListenerContainer - auth_service: partitions assigned: [filter-0]
2024-12-15 14:36:13 INFO  o.a.k.c.c.internals.ConsumerUtils - Setting offset for partition profile-0 to the committed offset FetchPosition{offset=60, offsetEpoch=Optional.empty, currentLeader=LeaderAndEpoch{leader=Optional[37.194.168.90:9092 (id: 1 rack: null)], epoch=0}}
2024-12-15 14:36:13 INFO  o.a.k.c.c.internals.ConsumerUtils - Setting offset for partition start-0 to the committed offset FetchPosition{offset=243, offsetEpoch=Optional.empty, currentLeader=LeaderAndEpoch{leader=Optional[37.194.168.90:9092 (id: 1 rack: null)], epoch=0}}
2024-12-15 14:36:13 INFO  o.a.k.c.c.internals.ConsumerUtils - Setting offset for partition stop-0 to the committed offset FetchPosition{offset=20, offsetEpoch=Optional.empty, currentLeader=LeaderAndEpoch{leader=Optional[37.194.168.90:9092 (id: 1 rack: null)], epoch=0}}
2024-12-15 14:36:13 INFO  o.s.k.l.KafkaMessageListenerContainer - auth_service: partitions assigned: [start-0]
2024-12-15 14:36:13 INFO  o.s.k.l.KafkaMessageListenerContainer - auth_service: partitions assigned: [profile-0]
2024-12-15 14:36:13 INFO  o.s.k.l.KafkaMessageListenerContainer - auth_service: partitions assigned: [stop-0]
2024-12-15 14:36:13 INFO  o.a.k.c.c.internals.ConsumerUtils - Setting offset for partition getLink-0 to the committed offset FetchPosition{offset=86, offsetEpoch=Optional.empty, currentLeader=LeaderAndEpoch{leader=Optional[37.194.168.90:9092 (id: 1 rack: null)], epoch=0}}
2024-12-15 14:36:13 INFO  o.s.k.l.KafkaMessageListenerContainer - auth_service: partitions assigned: [getLink-0]
2024-12-15 14:36:13 INFO  o.a.k.c.c.internals.ConsumerUtils - Setting offset for partition ping-0 to the committed offset FetchPosition{offset=1142, offsetEpoch=Optional.empty, currentLeader=LeaderAndEpoch{leader=Optional[37.194.168.90:9092 (id: 1 rack: null)], epoch=0}}
2024-12-15 14:36:13 INFO  o.a.k.c.c.internals.ConsumerUtils - Setting offset for partition registry-0 to the committed offset FetchPosition{offset=143, offsetEpoch=Optional.empty, currentLeader=LeaderAndEpoch{leader=Optional[37.194.168.90:9092 (id: 1 rack: null)], epoch=0}}
2024-12-15 14:36:13 INFO  o.s.k.l.KafkaMessageListenerContainer - auth_service: partitions assigned: [registry-0]
2024-12-15 14:36:13 INFO  o.s.k.l.KafkaMessageListenerContainer - auth_service: partitions assigned: [status-0]
2024-12-15 14:36:13 INFO  o.s.k.l.KafkaMessageListenerContainer - auth_service: partitions assigned: [ping-0]
2024-12-15 14:41:46 DEBUG c.e.demo.controller.UserController - Получен запрос на получение профиля: {"userId":9}
2024-12-15 14:41:47 INFO  o.a.k.c.producer.ProducerConfig - ProducerConfig values: 
	acks = -1
	auto.include.jmx.reporter = true
	batch.size = 16384
	bootstrap.servers = [37.194.168.90:9092]
	buffer.memory = 33554432
	client.dns.lookup = use_all_dns_ips
	client.id = producer-1
	compression.type = none
	connections.max.idle.ms = 540000
	delivery.timeout.ms = 120000
	enable.idempotence = true
	enable.metrics.push = true
	interceptor.classes = []
	key.serializer = class org.apache.kafka.common.serialization.StringSerializer
	linger.ms = 0
	max.block.ms = 60000
	max.in.flight.requests.per.connection = 5
	max.request.size = 1048576
	metadata.max.age.ms = 300000
	metadata.max.idle.ms = 300000
	metric.reporters = []
	metrics.num.samples = 2
	metrics.recording.level = INFO
	metrics.sample.window.ms = 30000
	partitioner.adaptive.partitioning.enable = true
	partitioner.availability.timeout.ms = 0
	partitioner.class = null
	partitioner.ignore.keys = false
	receive.buffer.bytes = 32768
	reconnect.backoff.max.ms = 1000
	reconnect.backoff.ms = 50
	request.timeout.ms = 30000
	retries = 2147483647
	retry.backoff.max.ms = 1000
	retry.backoff.ms = 100
	sasl.client.callback.handler.class = null
	sasl.jaas.config = null
	sasl.kerberos.kinit.cmd = /usr/bin/kinit
	sasl.kerberos.min.time.before.relogin = 60000
	sasl.kerberos.service.name = null
	sasl.kerberos.ticket.renew.jitter = 0.05
	sasl.kerberos.ticket.renew.window.factor = 0.8
	sasl.login.callback.handler.class = null
	sasl.login.class = null
	sasl.login.connect.timeout.ms = null
	sasl.login.read.timeout.ms = null
	sasl.login.refresh.buffer.seconds = 300
	sasl.login.refresh.min.period.seconds = 60
	sasl.login.refresh.window.factor = 0.8
	sasl.login.refresh.window.jitter = 0.05
	sasl.login.retry.backoff.max.ms = 10000
	sasl.login.retry.backoff.ms = 100
	sasl.mechanism = GSSAPI
	sasl.oauthbearer.clock.skew.seconds = 30
	sasl.oauthbearer.expected.audience = null
	sasl.oauthbearer.expected.issuer = null
	sasl.oauthbearer.jwks.endpoint.refresh.ms = 3600000
	sasl.oauthbearer.jwks.endpoint.retry.backoff.max.ms = 10000
	sasl.oauthbearer.jwks.endpoint.retry.backoff.ms = 100
	sasl.oauthbearer.jwks.endpoint.url = null
	sasl.oauthbearer.scope.claim.name = scope
	sasl.oauthbearer.sub.claim.name = sub
	sasl.oauthbearer.token.endpoint.url = null
	security.protocol = PLAINTEXT
	security.providers = null
	send.buffer.bytes = 131072
	socket.connection.setup.timeout.max.ms = 30000
	socket.connection.setup.timeout.ms = 10000
	ssl.cipher.suites = null
	ssl.enabled.protocols = [TLSv1.2, TLSv1.3]
	ssl.endpoint.identification.algorithm = https
	ssl.engine.factory.class = null
	ssl.key.password = null
	ssl.keymanager.algorithm = SunX509
	ssl.keystore.certificate.chain = null
	ssl.keystore.key = null
	ssl.keystore.location = null
	ssl.keystore.password = null
	ssl.keystore.type = JKS
	ssl.protocol = TLSv1.3
	ssl.provider = null
	ssl.secure.random.implementation = null
	ssl.trustmanager.algorithm = PKIX
	ssl.truststore.certificates = null
	ssl.truststore.location = null
	ssl.truststore.password = null
	ssl.truststore.type = JKS
	transaction.timeout.ms = 60000
	transactional.id = null
	value.serializer = class org.apache.kafka.common.serialization.StringSerializer

2024-12-15 14:41:47 INFO  o.a.k.c.t.i.KafkaMetricsCollector - initializing Kafka metrics collector
2024-12-15 14:41:47 INFO  o.a.k.clients.producer.KafkaProducer - [Producer clientId=producer-1] Instantiated an idempotent producer.
2024-12-15 14:41:47 INFO  o.a.kafka.common.utils.AppInfoParser - Kafka version: 3.7.1
2024-12-15 14:41:47 INFO  o.a.kafka.common.utils.AppInfoParser - Kafka commitId: e2494e6ffb89f828
2024-12-15 14:41:47 INFO  o.a.kafka.common.utils.AppInfoParser - Kafka startTimeMs: 1734248507166
2024-12-15 14:41:47 INFO  org.apache.kafka.clients.Metadata - [Producer clientId=producer-1] Cluster ID: rs0KtrdkQsGY2gwAHle7dQ
2024-12-15 14:41:47 INFO  o.a.k.c.p.i.TransactionManager - [Producer clientId=producer-1] ProducerId set to 4209 with epoch 0
2024-12-15 14:41:47 DEBUG c.e.demo.controller.UserController - Отправлен ответ после запроса профиля: {"status":"OK","message":"{\"username\":\"test@gmail.com\",\"monitoring\":true,\"filter\":{\"id\":1,\"text\":\"Java\",\"experience\":\"between1And3\",\"area\":0,\"schedule\":\"remote\"},\"hhAuthInfo\":{\"id\":1,\"access_token\":\"USERODU8OPOR2MOH9PDDNPGLJIG8UC2G43KD5DN1OCQRUO1G6SJDELPG8079OIGR\",\"refresh_token\":\"USERL3E3BUA24DIN94QLOSS80KNE9IAK1PE65Q5IR5PHI8C9OGV4TNROCRAVC1EK\",\"expiresIn\":1209599},\"resume\":{\"id\":\"999442fcff094a83d90039ed1f6c794d4e6436\",\"title\":\"Java-разработчик\"}}"}
2024-12-15 14:42:05 DEBUG c.e.d.c.MonitoringController - Получен запрос на запуск мониторинга: {"userId":9}
2024-12-15 14:42:06 INFO  c.e.demo.controller.FilterController - Мониторинг вакансий запущен
2024-12-15 14:42:06 DEBUG c.e.d.c.MonitoringController - Отправлен ответ после запуска: {"status":"OK","message":"OK"}
2024-12-15 14:42:07 INFO  c.e.demo.service.VacancyService - Поиск уже примененных вакансий - всего вакансий: 2882, всего страниц: 29
2024-12-15 14:42:32 INFO  c.e.demo.service.VacancyService - Найдено примененных вакансий: 2882
2024-12-15 14:42:32 INFO  c.e.demo.service.VacancyService - Поиск вакансий удовлетворяющих фильтрам... Всех вакансий: 80, всего страниц: 1
2024-12-15 14:42:33 DEBUG c.e.demo.service.VacancyService - Вакансия https://hh.ru/vacancy/110943634 имеет тест
2024-12-15 14:42:33 DEBUG c.e.demo.service.VacancyService - Вакансия https://hh.ru/vacancy/113293794 имеет тест
2024-12-15 14:42:33 DEBUG c.e.demo.service.VacancyService - Вакансия https://hh.ru/vacancy/112950352 требует ответа
2024-12-15 14:42:33 DEBUG c.e.demo.service.VacancyService - Вакансия https://hh.ru/vacancy/108295813 имеет тест
2024-12-15 14:42:33 DEBUG c.e.demo.service.VacancyService - Вакансия https://hh.ru/vacancy/112415260 имеет тест
2024-12-15 14:42:33 DEBUG c.e.demo.service.VacancyService - Вакансия https://hh.ru/vacancy/112354341 требует ответа
2024-12-15 14:42:33 DEBUG c.e.demo.service.VacancyService - Вакансия https://hh.ru/vacancy/111445336 имеет тест
2024-12-15 14:42:33 DEBUG c.e.demo.service.VacancyService - Вакансия https://hh.ru/vacancy/113292208 имеет связанные вакансии
2024-12-15 14:42:33 DEBUG c.e.demo.service.VacancyService - Вакансия https://hh.ru/vacancy/112351285 имеет связанные вакансии
2024-12-15 14:42:33 DEBUG c.e.demo.service.VacancyService - Вакансия https://hh.ru/vacancy/113321592 имеет связанные вакансии
2024-12-15 14:42:33 DEBUG c.e.demo.service.VacancyService - Вакансия https://hh.ru/vacancy/112581429 имеет связанные вакансии
2024-12-15 14:42:33 DEBUG c.e.demo.service.VacancyService - Вакансия https://hh.ru/vacancy/113312006 имеет связанные вакансии
2024-12-15 14:42:33 DEBUG c.e.demo.service.VacancyService - Вакансия https://hh.ru/vacancy/112823951 имеет связанные вакансии
2024-12-15 14:42:33 DEBUG c.e.demo.service.VacancyService - Вакансия https://hh.ru/vacancy/113116507 имеет связанные вакансии
2024-12-15 14:42:33 DEBUG c.e.demo.service.VacancyService - Вакансия https://hh.ru/vacancy/113287505 имеет связанные вакансии
2024-12-15 14:42:33 DEBUG c.e.demo.service.VacancyService - Вакансия https://hh.ru/vacancy/113268616 имеет связанные вакансии
2024-12-15 14:42:33 DEBUG c.e.demo.service.VacancyService - Вакансия https://hh.ru/vacancy/111603555 имеет связанные вакансии
2024-12-15 14:42:33 DEBUG c.e.demo.service.VacancyService - Вакансия https://hh.ru/vacancy/112786524 имеет связанные вакансии
2024-12-15 14:42:33 DEBUG c.e.demo.service.VacancyService - Вакансия https://hh.ru/vacancy/112712630 имеет связанные вакансии
2024-12-15 14:42:33 DEBUG c.e.demo.service.VacancyService - Вакансия https://hh.ru/vacancy/113187674 имеет связанные вакансии
2024-12-15 14:42:33 DEBUG c.e.demo.service.VacancyService - Вакансия https://hh.ru/vacancy/112810863 имеет связанные вакансии
2024-12-15 14:42:33 DEBUG c.e.demo.service.VacancyService - Вакансия https://hh.ru/vacancy/112787549 имеет связанные вакансии
2024-12-15 14:42:33 DEBUG c.e.demo.service.VacancyService - Вакансия https://hh.ru/vacancy/112846665 имеет связанные вакансии
2024-12-15 14:42:33 DEBUG c.e.demo.service.VacancyService - Вакансия https://hh.ru/vacancy/112840128 имеет связанные вакансии
2024-12-15 14:42:33 DEBUG c.e.demo.service.VacancyService - Вакансия https://hh.ru/vacancy/111079900 имеет связанные вакансии
2024-12-15 14:42:33 DEBUG c.e.demo.service.VacancyService - Вакансия https://hh.ru/vacancy/112872562 имеет связанные вакансии
2024-12-15 14:42:33 DEBUG c.e.demo.service.VacancyService - Вакансия https://hh.ru/vacancy/112761946 имеет связанные вакансии
2024-12-15 14:42:33 DEBUG c.e.demo.service.VacancyService - Вакансия https://hh.ru/vacancy/112760936 имеет связанные вакансии
2024-12-15 14:42:33 DEBUG c.e.demo.service.VacancyService - Вакансия https://hh.ru/vacancy/112786384 имеет связанные вакансии
2024-12-15 14:42:33 DEBUG c.e.demo.service.VacancyService - Вакансия https://hh.ru/vacancy/112847855 имеет связанные вакансии
2024-12-15 14:42:33 DEBUG c.e.demo.service.VacancyService - Вакансия https://hh.ru/vacancy/112775019 имеет связанные вакансии
2024-12-15 14:42:33 DEBUG c.e.demo.service.VacancyService - Вакансия https://hh.ru/vacancy/112785898 имеет связанные вакансии
2024-12-15 14:42:33 DEBUG c.e.demo.service.VacancyService - Вакансия https://hh.ru/vacancy/104785398 имеет связанные вакансии
2024-12-15 14:42:33 DEBUG c.e.demo.service.VacancyService - Вакансия https://hh.ru/vacancy/112450414 имеет связанные вакансии
2024-12-15 14:42:33 DEBUG c.e.demo.service.VacancyService - Вакансия https://hh.ru/vacancy/112572438 имеет связанные вакансии
2024-12-15 14:42:33 DEBUG c.e.demo.service.VacancyService - Вакансия https://hh.ru/vacancy/112569071 имеет связанные вакансии
2024-12-15 14:42:33 DEBUG c.e.demo.service.VacancyService - Вакансия https://hh.ru/vacancy/110239133 имеет связанные вакансии
2024-12-15 14:42:33 DEBUG c.e.demo.service.VacancyService - Вакансия https://hh.ru/vacancy/112550547 имеет связанные вакансии
2024-12-15 14:42:33 DEBUG c.e.demo.service.VacancyService - Вакансия https://hh.ru/vacancy/112665907 имеет связанные вакансии
2024-12-15 14:42:33 DEBUG c.e.demo.service.VacancyService - Вакансия https://hh.ru/vacancy/110382592 имеет связанные вакансии
2024-12-15 14:42:33 DEBUG c.e.demo.service.VacancyService - Вакансия https://hh.ru/vacancy/112733437 имеет связанные вакансии
2024-12-15 14:42:33 DEBUG c.e.demo.service.VacancyService - Вакансия https://hh.ru/vacancy/112767102 имеет связанные вакансии
2024-12-15 14:42:33 DEBUG c.e.demo.service.VacancyService - Вакансия https://hh.ru/vacancy/112170542 имеет связанные вакансии
2024-12-15 14:42:33 DEBUG c.e.demo.service.VacancyService - Вакансия https://hh.ru/vacancy/112340627 имеет связанные вакансии
2024-12-15 14:42:33 DEBUG c.e.demo.service.VacancyService - Вакансия https://hh.ru/vacancy/112144112 имеет связанные вакансии
2024-12-15 14:42:33 DEBUG c.e.demo.service.VacancyService - Вакансия https://hh.ru/vacancy/112625217 имеет связанные вакансии
2024-12-15 14:42:33 DEBUG c.e.demo.service.VacancyService - Вакансия https://hh.ru/vacancy/112625218 имеет связанные вакансии
2024-12-15 14:42:33 DEBUG c.e.demo.service.VacancyService - Вакансия https://hh.ru/vacancy/112625219 имеет связанные вакансии
2024-12-15 14:42:33 DEBUG c.e.demo.service.VacancyService - Вакансия https://hh.ru/vacancy/112625220 имеет связанные вакансии
2024-12-15 14:42:33 DEBUG c.e.demo.service.VacancyService - Вакансия https://hh.ru/vacancy/110249682 имеет связанные вакансии
2024-12-15 14:42:33 DEBUG c.e.demo.service.VacancyService - Вакансия https://hh.ru/vacancy/90326176 имеет связанные вакансии
2024-12-15 14:42:33 DEBUG c.e.demo.service.VacancyService - Вакансия https://hh.ru/vacancy/90326175 имеет связанные вакансии
2024-12-15 14:42:33 DEBUG c.e.demo.service.VacancyService - Вакансия https://hh.ru/vacancy/112423035 имеет связанные вакансии
2024-12-15 14:42:33 DEBUG c.e.demo.service.VacancyService - Вакансия https://hh.ru/vacancy/112151559 имеет связанные вакансии
2024-12-15 14:42:33 DEBUG c.e.demo.service.VacancyService - Вакансия https://hh.ru/vacancy/111780266 имеет связанные вакансии
2024-12-15 14:42:33 DEBUG c.e.demo.service.VacancyService - Вакансия https://hh.ru/vacancy/107351670 имеет связанные вакансии
2024-12-15 14:42:33 DEBUG c.e.demo.service.VacancyService - Вакансия https://hh.ru/vacancy/107468071 имеет связанные вакансии
2024-12-15 14:42:33 DEBUG c.e.demo.service.VacancyService - Вакансия https://hh.ru/vacancy/110625444 имеет связанные вакансии
2024-12-15 14:42:33 DEBUG c.e.demo.service.VacancyService - Вакансия https://hh.ru/vacancy/112047918 имеет связанные вакансии
2024-12-15 14:42:33 DEBUG c.e.demo.service.VacancyService - Вакансия https://hh.ru/vacancy/112322946 имеет связанные вакансии
2024-12-15 14:42:33 DEBUG c.e.demo.service.VacancyService - Вакансия https://hh.ru/vacancy/112024398 имеет связанные вакансии
2024-12-15 14:42:33 DEBUG c.e.demo.service.VacancyService - Вакансия https://hh.ru/vacancy/111440646 имеет связанные вакансии
2024-12-15 14:42:33 DEBUG c.e.demo.service.VacancyService - Вакансия https://hh.ru/vacancy/112018176 имеет связанные вакансии
2024-12-15 14:42:33 DEBUG c.e.demo.service.VacancyService - Вакансия https://hh.ru/vacancy/111741708 имеет связанные вакансии
2024-12-15 14:42:33 DEBUG c.e.demo.service.VacancyService - Вакансия https://hh.ru/vacancy/111961734 имеет тест
2024-12-15 14:42:33 DEBUG c.e.demo.service.VacancyService - Вакансия https://hh.ru/vacancy/111884968 имеет связанные вакансии
2024-12-15 14:42:33 DEBUG c.e.demo.service.VacancyService - Вакансия https://hh.ru/vacancy/111791216 имеет связанные вакансии
2024-12-15 14:42:33 DEBUG c.e.demo.service.VacancyService - Вакансия https://hh.ru/vacancy/109398667 имеет связанные вакансии
2024-12-15 14:42:33 DEBUG c.e.demo.service.VacancyService - Вакансия https://hh.ru/vacancy/111987838 имеет связанные вакансии
2024-12-15 14:42:33 DEBUG c.e.demo.service.VacancyService - Вакансия https://hh.ru/vacancy/111749574 имеет связанные вакансии
2024-12-15 14:42:33 DEBUG c.e.demo.service.VacancyService - Вакансия https://hh.ru/vacancy/86068219 имеет связанные вакансии
2024-12-15 14:42:33 DEBUG c.e.demo.service.VacancyService - Вакансия https://hh.ru/vacancy/92274498 имеет связанные вакансии
2024-12-15 14:42:33 DEBUG c.e.demo.service.VacancyService - Вакансия https://hh.ru/vacancy/111508857 имеет связанные вакансии
2024-12-15 14:42:33 DEBUG c.e.demo.service.VacancyService - Вакансия https://hh.ru/vacancy/109035581 имеет связанные вакансии
2024-12-15 14:42:33 DEBUG c.e.demo.service.VacancyService - Вакансия https://hh.ru/vacancy/111335452 имеет связанные вакансии
2024-12-15 14:42:33 DEBUG c.e.demo.service.VacancyService - Вакансия https://hh.ru/vacancy/111262521 имеет связанные вакансии
2024-12-15 14:42:33 DEBUG c.e.demo.service.VacancyService - Вакансия https://hh.ru/vacancy/111903134 имеет связанные вакансии
2024-12-15 14:42:33 DEBUG c.e.demo.service.VacancyService - Вакансия https://hh.ru/vacancy/111903135 имеет связанные вакансии
2024-12-15 14:42:33 DEBUG c.e.demo.service.VacancyService - Вакансия https://hh.ru/vacancy/111037584 имеет связанные вакансии
2024-12-15 14:42:33 DEBUG c.e.demo.service.VacancyService - Вакансия https://hh.ru/vacancy/106527645 имеет связанные вакансии
2024-12-15 14:42:33 INFO  c.e.demo.service.VacancyService - Найдено вакансий: 0 на странице 0
2024-12-15 14:42:33 INFO  c.e.demo.service.VacancyService - Найдено вакансий: 0 на странице 1
2024-12-15 14:42:33 INFO  c.e.demo.controller.FilterController - Всего найдено 0 вакансий
2024-12-15 14:45:10 INFO  o.apache.kafka.clients.NetworkClient - [Consumer clientId=consumer-auth_service-1, groupId=auth_service] Node -1 disconnected.
2024-12-15 14:45:10 INFO  o.apache.kafka.clients.NetworkClient - [Consumer clientId=consumer-auth_service-4, groupId=auth_service] Node -1 disconnected.
2024-12-15 14:45:10 INFO  o.apache.kafka.clients.NetworkClient - [Consumer clientId=consumer-auth_service-7, groupId=auth_service] Node -1 disconnected.
2024-12-15 14:45:10 INFO  o.apache.kafka.clients.NetworkClient - [Consumer clientId=consumer-auth_service-3, groupId=auth_service] Node -1 disconnected.
2024-12-15 14:45:10 INFO  o.apache.kafka.clients.NetworkClient - [Consumer clientId=consumer-auth_service-2, groupId=auth_service] Node -1 disconnected.
2024-12-15 14:45:10 INFO  o.apache.kafka.clients.NetworkClient - [Consumer clientId=consumer-auth_service-6, groupId=auth_service] Node -1 disconnected.
2024-12-15 14:45:10 INFO  o.apache.kafka.clients.NetworkClient - [Consumer clientId=consumer-auth_service-5, groupId=auth_service] Node -1 disconnected.
2024-12-15 14:45:10 INFO  o.apache.kafka.clients.NetworkClient - [Consumer clientId=consumer-auth_service-8, groupId=auth_service] Node -1 disconnected.
2024-12-15 14:46:02 INFO  o.s.t.c.s.AnnotationConfigContextLoaderUtils - Could not detect default configuration classes for test class [com.example.demo.HhRecruiterApplicationTests]: HhRecruiterApplicationTests does not declare any static, non-private, non-final, nested classes annotated with @Configuration.
2024-12-15 14:46:02 INFO  o.s.b.t.c.SpringBootTestContextBootstrapper - Found @SpringBootConfiguration com.example.demo.HhRecruiterApplication for test class com.example.demo.HhRecruiterApplicationTests
2024-12-15 14:46:03 WARN  o.s.b.t.j.DuplicateJsonObjectContextCustomizerFactory$DuplicateJsonObjectContextCustomizer - 

Found multiple occurrences of org.json.JSONObject on the class path:

	jar:file:/Users/macygabr/.gradle/caches/modules-2/files-2.1/org.json/json/20240303/ebb88e8fb5122b7506d5cf1d69f1ccdb790d22a/json-20240303.jar!/org/json/JSONObject.class
	jar:file:/Users/macygabr/.gradle/caches/modules-2/files-2.1/com.vaadin.external.google/android-json/0.0.20131108.vaadin1/fa26d351fe62a6a17f5cda1287c1c6110dec413f/android-json-0.0.20131108.vaadin1.jar!/org/json/JSONObject.class

You may wish to exclude one of them to ensure predictable runtime behavior

2024-12-15 14:46:03 INFO  c.e.demo.HhRecruiterApplicationTests - Starting HhRecruiterApplicationTests using Java 17.0.13 with PID 2959 (started by macygabr in /Users/macygabr/Projects/hhRecruiter)
2024-12-15 14:46:03 DEBUG c.e.demo.HhRecruiterApplicationTests - Running with Spring Boot v3.3.4, Spring v6.1.13
2024-12-15 14:46:03 INFO  c.e.demo.HhRecruiterApplicationTests - No active profile set, falling back to 1 default profile: "default"
2024-12-15 14:46:04 INFO  o.s.d.r.c.RepositoryConfigurationDelegate - Bootstrapping Spring Data JPA repositories in DEFAULT mode.
2024-12-15 14:46:04 INFO  o.s.d.r.c.RepositoryConfigurationDelegate - Finished Spring Data repository scanning in 105 ms. Found 4 JPA repository interfaces.
2024-12-15 14:46:04 INFO  o.h.jpa.internal.util.LogHelper - HHH000204: Processing PersistenceUnitInfo [name: default]
2024-12-15 14:46:04 INFO  org.hibernate.Version - HHH000412: Hibernate ORM core version 6.5.3.Final
2024-12-15 14:46:04 INFO  o.h.c.i.RegionFactoryInitiator - HHH000026: Second-level cache disabled
2024-12-15 14:46:04 INFO  o.s.o.j.p.SpringPersistenceUnitInfo - No LoadTimeWeaver setup: ignoring JPA class transformer
2024-12-15 14:46:04 INFO  com.zaxxer.hikari.HikariDataSource - HikariPool-1 - Starting...
2024-12-15 14:46:06 INFO  com.zaxxer.hikari.pool.HikariPool - HikariPool-1 - Added connection org.postgresql.jdbc.PgConnection@6a5c2d2d
2024-12-15 14:46:06 INFO  com.zaxxer.hikari.HikariDataSource - HikariPool-1 - Start completed.
2024-12-15 14:46:08 INFO  o.h.e.t.j.p.i.JtaPlatformInitiator - HHH000489: No JTA platform available (set 'hibernate.transaction.jta.platform' to enable JTA platform integration)
2024-12-15 14:46:11 INFO  o.s.o.j.LocalContainerEntityManagerFactoryBean - Initialized JPA EntityManagerFactory for persistence unit 'default'
2024-12-15 14:46:11 WARN  o.s.b.a.o.j.JpaBaseConfiguration$JpaWebConfiguration - spring.jpa.open-in-view is enabled by default. Therefore, database queries may be performed during view rendering. Explicitly configure spring.jpa.open-in-view to disable this warning
2024-12-15 14:46:12 INFO  o.a.k.c.consumer.ConsumerConfig - ConsumerConfig values: 
	allow.auto.create.topics = true
	auto.commit.interval.ms = 5000
	auto.include.jmx.reporter = true
	auto.offset.reset = latest
	bootstrap.servers = [37.194.168.90:9092]
	check.crcs = true
	client.dns.lookup = use_all_dns_ips
	client.id = consumer-auth_service-1
	client.rack = 
	connections.max.idle.ms = 540000
	default.api.timeout.ms = 60000
	enable.auto.commit = false
	enable.metrics.push = true
	exclude.internal.topics = true
	fetch.max.bytes = 52428800
	fetch.max.wait.ms = 500
	fetch.min.bytes = 1
	group.id = auth_service
	group.instance.id = null
	group.protocol = classic
	group.remote.assignor = null
	heartbeat.interval.ms = 3000
	interceptor.classes = []
	internal.leave.group.on.close = true
	internal.throw.on.fetch.stable.offset.unsupported = false
	isolation.level = read_uncommitted
	key.deserializer = class org.apache.kafka.common.serialization.StringDeserializer
	max.partition.fetch.bytes = 1048576
	max.poll.interval.ms = 300000
	max.poll.records = 500
	metadata.max.age.ms = 300000
	metric.reporters = []
	metrics.num.samples = 2
	metrics.recording.level = INFO
	metrics.sample.window.ms = 30000
	partition.assignment.strategy = [class org.apache.kafka.clients.consumer.RangeAssignor, class org.apache.kafka.clients.consumer.CooperativeStickyAssignor]
	receive.buffer.bytes = 65536
	reconnect.backoff.max.ms = 1000
	reconnect.backoff.ms = 50
	request.timeout.ms = 30000
	retry.backoff.max.ms = 1000
	retry.backoff.ms = 100
	sasl.client.callback.handler.class = null
	sasl.jaas.config = null
	sasl.kerberos.kinit.cmd = /usr/bin/kinit
	sasl.kerberos.min.time.before.relogin = 60000
	sasl.kerberos.service.name = null
	sasl.kerberos.ticket.renew.jitter = 0.05
	sasl.kerberos.ticket.renew.window.factor = 0.8
	sasl.login.callback.handler.class = null
	sasl.login.class = null
	sasl.login.connect.timeout.ms = null
	sasl.login.read.timeout.ms = null
	sasl.login.refresh.buffer.seconds = 300
	sasl.login.refresh.min.period.seconds = 60
	sasl.login.refresh.window.factor = 0.8
	sasl.login.refresh.window.jitter = 0.05
	sasl.login.retry.backoff.max.ms = 10000
	sasl.login.retry.backoff.ms = 100
	sasl.mechanism = GSSAPI
	sasl.oauthbearer.clock.skew.seconds = 30
	sasl.oauthbearer.expected.audience = null
	sasl.oauthbearer.expected.issuer = null
	sasl.oauthbearer.jwks.endpoint.refresh.ms = 3600000
	sasl.oauthbearer.jwks.endpoint.retry.backoff.max.ms = 10000
	sasl.oauthbearer.jwks.endpoint.retry.backoff.ms = 100
	sasl.oauthbearer.jwks.endpoint.url = null
	sasl.oauthbearer.scope.claim.name = scope
	sasl.oauthbearer.sub.claim.name = sub
	sasl.oauthbearer.token.endpoint.url = null
	security.protocol = PLAINTEXT
	security.providers = null
	send.buffer.bytes = 131072
	session.timeout.ms = 45000
	socket.connection.setup.timeout.max.ms = 30000
	socket.connection.setup.timeout.ms = 10000
	ssl.cipher.suites = null
	ssl.enabled.protocols = [TLSv1.2, TLSv1.3]
	ssl.endpoint.identification.algorithm = https
	ssl.engine.factory.class = null
	ssl.key.password = null
	ssl.keymanager.algorithm = SunX509
	ssl.keystore.certificate.chain = null
	ssl.keystore.key = null
	ssl.keystore.location = null
	ssl.keystore.password = null
	ssl.keystore.type = JKS
	ssl.protocol = TLSv1.3
	ssl.provider = null
	ssl.secure.random.implementation = null
	ssl.trustmanager.algorithm = PKIX
	ssl.truststore.certificates = null
	ssl.truststore.location = null
	ssl.truststore.password = null
	ssl.truststore.type = JKS
	value.deserializer = class org.apache.kafka.common.serialization.StringDeserializer

2024-12-15 14:46:12 INFO  o.a.k.c.t.i.KafkaMetricsCollector - initializing Kafka metrics collector
2024-12-15 14:46:12 INFO  o.a.kafka.common.utils.AppInfoParser - Kafka version: 3.7.1
2024-12-15 14:46:12 INFO  o.a.kafka.common.utils.AppInfoParser - Kafka commitId: e2494e6ffb89f828
2024-12-15 14:46:12 INFO  o.a.kafka.common.utils.AppInfoParser - Kafka startTimeMs: 1734248772566
2024-12-15 14:46:12 INFO  o.a.k.c.c.i.LegacyKafkaConsumer - [Consumer clientId=consumer-auth_service-1, groupId=auth_service] Subscribed to topic(s): ping
2024-12-15 14:46:12 INFO  o.a.k.c.consumer.ConsumerConfig - ConsumerConfig values: 
	allow.auto.create.topics = true
	auto.commit.interval.ms = 5000
	auto.include.jmx.reporter = true
	auto.offset.reset = latest
	bootstrap.servers = [37.194.168.90:9092]
	check.crcs = true
	client.dns.lookup = use_all_dns_ips
	client.id = consumer-auth_service-2
	client.rack = 
	connections.max.idle.ms = 540000
	default.api.timeout.ms = 60000
	enable.auto.commit = false
	enable.metrics.push = true
	exclude.internal.topics = true
	fetch.max.bytes = 52428800
	fetch.max.wait.ms = 500
	fetch.min.bytes = 1
	group.id = auth_service
	group.instance.id = null
	group.protocol = classic
	group.remote.assignor = null
	heartbeat.interval.ms = 3000
	interceptor.classes = []
	internal.leave.group.on.close = true
	internal.throw.on.fetch.stable.offset.unsupported = false
	isolation.level = read_uncommitted
	key.deserializer = class org.apache.kafka.common.serialization.StringDeserializer
	max.partition.fetch.bytes = 1048576
	max.poll.interval.ms = 300000
	max.poll.records = 500
	metadata.max.age.ms = 300000
	metric.reporters = []
	metrics.num.samples = 2
	metrics.recording.level = INFO
	metrics.sample.window.ms = 30000
	partition.assignment.strategy = [class org.apache.kafka.clients.consumer.RangeAssignor, class org.apache.kafka.clients.consumer.CooperativeStickyAssignor]
	receive.buffer.bytes = 65536
	reconnect.backoff.max.ms = 1000
	reconnect.backoff.ms = 50
	request.timeout.ms = 30000
	retry.backoff.max.ms = 1000
	retry.backoff.ms = 100
	sasl.client.callback.handler.class = null
	sasl.jaas.config = null
	sasl.kerberos.kinit.cmd = /usr/bin/kinit
	sasl.kerberos.min.time.before.relogin = 60000
	sasl.kerberos.service.name = null
	sasl.kerberos.ticket.renew.jitter = 0.05
	sasl.kerberos.ticket.renew.window.factor = 0.8
	sasl.login.callback.handler.class = null
	sasl.login.class = null
	sasl.login.connect.timeout.ms = null
	sasl.login.read.timeout.ms = null
	sasl.login.refresh.buffer.seconds = 300
	sasl.login.refresh.min.period.seconds = 60
	sasl.login.refresh.window.factor = 0.8
	sasl.login.refresh.window.jitter = 0.05
	sasl.login.retry.backoff.max.ms = 10000
	sasl.login.retry.backoff.ms = 100
	sasl.mechanism = GSSAPI
	sasl.oauthbearer.clock.skew.seconds = 30
	sasl.oauthbearer.expected.audience = null
	sasl.oauthbearer.expected.issuer = null
	sasl.oauthbearer.jwks.endpoint.refresh.ms = 3600000
	sasl.oauthbearer.jwks.endpoint.retry.backoff.max.ms = 10000
	sasl.oauthbearer.jwks.endpoint.retry.backoff.ms = 100
	sasl.oauthbearer.jwks.endpoint.url = null
	sasl.oauthbearer.scope.claim.name = scope
	sasl.oauthbearer.sub.claim.name = sub
	sasl.oauthbearer.token.endpoint.url = null
	security.protocol = PLAINTEXT
	security.providers = null
	send.buffer.bytes = 131072
	session.timeout.ms = 45000
	socket.connection.setup.timeout.max.ms = 30000
	socket.connection.setup.timeout.ms = 10000
	ssl.cipher.suites = null
	ssl.enabled.protocols = [TLSv1.2, TLSv1.3]
	ssl.endpoint.identification.algorithm = https
	ssl.engine.factory.class = null
	ssl.key.password = null
	ssl.keymanager.algorithm = SunX509
	ssl.keystore.certificate.chain = null
	ssl.keystore.key = null
	ssl.keystore.location = null
	ssl.keystore.password = null
	ssl.keystore.type = JKS
	ssl.protocol = TLSv1.3
	ssl.provider = null
	ssl.secure.random.implementation = null
	ssl.trustmanager.algorithm = PKIX
	ssl.truststore.certificates = null
	ssl.truststore.location = null
	ssl.truststore.password = null
	ssl.truststore.type = JKS
	value.deserializer = class org.apache.kafka.common.serialization.StringDeserializer

2024-12-15 14:46:12 INFO  o.a.k.c.t.i.KafkaMetricsCollector - initializing Kafka metrics collector
2024-12-15 14:46:12 INFO  o.a.kafka.common.utils.AppInfoParser - Kafka version: 3.7.1
2024-12-15 14:46:12 INFO  o.a.kafka.common.utils.AppInfoParser - Kafka commitId: e2494e6ffb89f828
2024-12-15 14:46:12 INFO  o.a.kafka.common.utils.AppInfoParser - Kafka startTimeMs: 1734248772588
2024-12-15 14:46:12 INFO  o.a.k.c.c.i.LegacyKafkaConsumer - [Consumer clientId=consumer-auth_service-2, groupId=auth_service] Subscribed to topic(s): profile
2024-12-15 14:46:12 INFO  o.a.k.c.consumer.ConsumerConfig - ConsumerConfig values: 
	allow.auto.create.topics = true
	auto.commit.interval.ms = 5000
	auto.include.jmx.reporter = true
	auto.offset.reset = latest
	bootstrap.servers = [37.194.168.90:9092]
	check.crcs = true
	client.dns.lookup = use_all_dns_ips
	client.id = consumer-auth_service-3
	client.rack = 
	connections.max.idle.ms = 540000
	default.api.timeout.ms = 60000
	enable.auto.commit = false
	enable.metrics.push = true
	exclude.internal.topics = true
	fetch.max.bytes = 52428800
	fetch.max.wait.ms = 500
	fetch.min.bytes = 1
	group.id = auth_service
	group.instance.id = null
	group.protocol = classic
	group.remote.assignor = null
	heartbeat.interval.ms = 3000
	interceptor.classes = []
	internal.leave.group.on.close = true
	internal.throw.on.fetch.stable.offset.unsupported = false
	isolation.level = read_uncommitted
	key.deserializer = class org.apache.kafka.common.serialization.StringDeserializer
	max.partition.fetch.bytes = 1048576
	max.poll.interval.ms = 300000
	max.poll.records = 500
	metadata.max.age.ms = 300000
	metric.reporters = []
	metrics.num.samples = 2
	metrics.recording.level = INFO
	metrics.sample.window.ms = 30000
	partition.assignment.strategy = [class org.apache.kafka.clients.consumer.RangeAssignor, class org.apache.kafka.clients.consumer.CooperativeStickyAssignor]
	receive.buffer.bytes = 65536
	reconnect.backoff.max.ms = 1000
	reconnect.backoff.ms = 50
	request.timeout.ms = 30000
	retry.backoff.max.ms = 1000
	retry.backoff.ms = 100
	sasl.client.callback.handler.class = null
	sasl.jaas.config = null
	sasl.kerberos.kinit.cmd = /usr/bin/kinit
	sasl.kerberos.min.time.before.relogin = 60000
	sasl.kerberos.service.name = null
	sasl.kerberos.ticket.renew.jitter = 0.05
	sasl.kerberos.ticket.renew.window.factor = 0.8
	sasl.login.callback.handler.class = null
	sasl.login.class = null
	sasl.login.connect.timeout.ms = null
	sasl.login.read.timeout.ms = null
	sasl.login.refresh.buffer.seconds = 300
	sasl.login.refresh.min.period.seconds = 60
	sasl.login.refresh.window.factor = 0.8
	sasl.login.refresh.window.jitter = 0.05
	sasl.login.retry.backoff.max.ms = 10000
	sasl.login.retry.backoff.ms = 100
	sasl.mechanism = GSSAPI
	sasl.oauthbearer.clock.skew.seconds = 30
	sasl.oauthbearer.expected.audience = null
	sasl.oauthbearer.expected.issuer = null
	sasl.oauthbearer.jwks.endpoint.refresh.ms = 3600000
	sasl.oauthbearer.jwks.endpoint.retry.backoff.max.ms = 10000
	sasl.oauthbearer.jwks.endpoint.retry.backoff.ms = 100
	sasl.oauthbearer.jwks.endpoint.url = null
	sasl.oauthbearer.scope.claim.name = scope
	sasl.oauthbearer.sub.claim.name = sub
	sasl.oauthbearer.token.endpoint.url = null
	security.protocol = PLAINTEXT
	security.providers = null
	send.buffer.bytes = 131072
	session.timeout.ms = 45000
	socket.connection.setup.timeout.max.ms = 30000
	socket.connection.setup.timeout.ms = 10000
	ssl.cipher.suites = null
	ssl.enabled.protocols = [TLSv1.2, TLSv1.3]
	ssl.endpoint.identification.algorithm = https
	ssl.engine.factory.class = null
	ssl.key.password = null
	ssl.keymanager.algorithm = SunX509
	ssl.keystore.certificate.chain = null
	ssl.keystore.key = null
	ssl.keystore.location = null
	ssl.keystore.password = null
	ssl.keystore.type = JKS
	ssl.protocol = TLSv1.3
	ssl.provider = null
	ssl.secure.random.implementation = null
	ssl.trustmanager.algorithm = PKIX
	ssl.truststore.certificates = null
	ssl.truststore.location = null
	ssl.truststore.password = null
	ssl.truststore.type = JKS
	value.deserializer = class org.apache.kafka.common.serialization.StringDeserializer

2024-12-15 14:46:12 INFO  o.a.k.c.t.i.KafkaMetricsCollector - initializing Kafka metrics collector
2024-12-15 14:46:12 INFO  o.a.kafka.common.utils.AppInfoParser - Kafka version: 3.7.1
2024-12-15 14:46:12 INFO  o.a.kafka.common.utils.AppInfoParser - Kafka commitId: e2494e6ffb89f828
2024-12-15 14:46:12 INFO  o.a.kafka.common.utils.AppInfoParser - Kafka startTimeMs: 1734248772598
2024-12-15 14:46:12 INFO  o.a.k.c.c.i.LegacyKafkaConsumer - [Consumer clientId=consumer-auth_service-3, groupId=auth_service] Subscribed to topic(s): stop
2024-12-15 14:46:12 INFO  o.a.k.c.consumer.ConsumerConfig - ConsumerConfig values: 
	allow.auto.create.topics = true
	auto.commit.interval.ms = 5000
	auto.include.jmx.reporter = true
	auto.offset.reset = latest
	bootstrap.servers = [37.194.168.90:9092]
	check.crcs = true
	client.dns.lookup = use_all_dns_ips
	client.id = consumer-auth_service-4
	client.rack = 
	connections.max.idle.ms = 540000
	default.api.timeout.ms = 60000
	enable.auto.commit = false
	enable.metrics.push = true
	exclude.internal.topics = true
	fetch.max.bytes = 52428800
	fetch.max.wait.ms = 500
	fetch.min.bytes = 1
	group.id = auth_service
	group.instance.id = null
	group.protocol = classic
	group.remote.assignor = null
	heartbeat.interval.ms = 3000
	interceptor.classes = []
	internal.leave.group.on.close = true
	internal.throw.on.fetch.stable.offset.unsupported = false
	isolation.level = read_uncommitted
	key.deserializer = class org.apache.kafka.common.serialization.StringDeserializer
	max.partition.fetch.bytes = 1048576
	max.poll.interval.ms = 300000
	max.poll.records = 500
	metadata.max.age.ms = 300000
	metric.reporters = []
	metrics.num.samples = 2
	metrics.recording.level = INFO
	metrics.sample.window.ms = 30000
	partition.assignment.strategy = [class org.apache.kafka.clients.consumer.RangeAssignor, class org.apache.kafka.clients.consumer.CooperativeStickyAssignor]
	receive.buffer.bytes = 65536
	reconnect.backoff.max.ms = 1000
	reconnect.backoff.ms = 50
	request.timeout.ms = 30000
	retry.backoff.max.ms = 1000
	retry.backoff.ms = 100
	sasl.client.callback.handler.class = null
	sasl.jaas.config = null
	sasl.kerberos.kinit.cmd = /usr/bin/kinit
	sasl.kerberos.min.time.before.relogin = 60000
	sasl.kerberos.service.name = null
	sasl.kerberos.ticket.renew.jitter = 0.05
	sasl.kerberos.ticket.renew.window.factor = 0.8
	sasl.login.callback.handler.class = null
	sasl.login.class = null
	sasl.login.connect.timeout.ms = null
	sasl.login.read.timeout.ms = null
	sasl.login.refresh.buffer.seconds = 300
	sasl.login.refresh.min.period.seconds = 60
	sasl.login.refresh.window.factor = 0.8
	sasl.login.refresh.window.jitter = 0.05
	sasl.login.retry.backoff.max.ms = 10000
	sasl.login.retry.backoff.ms = 100
	sasl.mechanism = GSSAPI
	sasl.oauthbearer.clock.skew.seconds = 30
	sasl.oauthbearer.expected.audience = null
	sasl.oauthbearer.expected.issuer = null
	sasl.oauthbearer.jwks.endpoint.refresh.ms = 3600000
	sasl.oauthbearer.jwks.endpoint.retry.backoff.max.ms = 10000
	sasl.oauthbearer.jwks.endpoint.retry.backoff.ms = 100
	sasl.oauthbearer.jwks.endpoint.url = null
	sasl.oauthbearer.scope.claim.name = scope
	sasl.oauthbearer.sub.claim.name = sub
	sasl.oauthbearer.token.endpoint.url = null
	security.protocol = PLAINTEXT
	security.providers = null
	send.buffer.bytes = 131072
	session.timeout.ms = 45000
	socket.connection.setup.timeout.max.ms = 30000
	socket.connection.setup.timeout.ms = 10000
	ssl.cipher.suites = null
	ssl.enabled.protocols = [TLSv1.2, TLSv1.3]
	ssl.endpoint.identification.algorithm = https
	ssl.engine.factory.class = null
	ssl.key.password = null
	ssl.keymanager.algorithm = SunX509
	ssl.keystore.certificate.chain = null
	ssl.keystore.key = null
	ssl.keystore.location = null
	ssl.keystore.password = null
	ssl.keystore.type = JKS
	ssl.protocol = TLSv1.3
	ssl.provider = null
	ssl.secure.random.implementation = null
	ssl.trustmanager.algorithm = PKIX
	ssl.truststore.certificates = null
	ssl.truststore.location = null
	ssl.truststore.password = null
	ssl.truststore.type = JKS
	value.deserializer = class org.apache.kafka.common.serialization.StringDeserializer

2024-12-15 14:46:12 INFO  o.a.k.c.t.i.KafkaMetricsCollector - initializing Kafka metrics collector
2024-12-15 14:46:12 INFO  o.a.kafka.common.utils.AppInfoParser - Kafka version: 3.7.1
2024-12-15 14:46:12 INFO  o.a.kafka.common.utils.AppInfoParser - Kafka commitId: e2494e6ffb89f828
2024-12-15 14:46:12 INFO  o.a.kafka.common.utils.AppInfoParser - Kafka startTimeMs: 1734248772606
2024-12-15 14:46:12 INFO  o.a.k.c.c.i.LegacyKafkaConsumer - [Consumer clientId=consumer-auth_service-4, groupId=auth_service] Subscribed to topic(s): status
2024-12-15 14:46:12 INFO  o.a.k.c.consumer.ConsumerConfig - ConsumerConfig values: 
	allow.auto.create.topics = true
	auto.commit.interval.ms = 5000
	auto.include.jmx.reporter = true
	auto.offset.reset = latest
	bootstrap.servers = [37.194.168.90:9092]
	check.crcs = true
	client.dns.lookup = use_all_dns_ips
	client.id = consumer-auth_service-5
	client.rack = 
	connections.max.idle.ms = 540000
	default.api.timeout.ms = 60000
	enable.auto.commit = false
	enable.metrics.push = true
	exclude.internal.topics = true
	fetch.max.bytes = 52428800
	fetch.max.wait.ms = 500
	fetch.min.bytes = 1
	group.id = auth_service
	group.instance.id = null
	group.protocol = classic
	group.remote.assignor = null
	heartbeat.interval.ms = 3000
	interceptor.classes = []
	internal.leave.group.on.close = true
	internal.throw.on.fetch.stable.offset.unsupported = false
	isolation.level = read_uncommitted
	key.deserializer = class org.apache.kafka.common.serialization.StringDeserializer
	max.partition.fetch.bytes = 1048576
	max.poll.interval.ms = 300000
	max.poll.records = 500
	metadata.max.age.ms = 300000
	metric.reporters = []
	metrics.num.samples = 2
	metrics.recording.level = INFO
	metrics.sample.window.ms = 30000
	partition.assignment.strategy = [class org.apache.kafka.clients.consumer.RangeAssignor, class org.apache.kafka.clients.consumer.CooperativeStickyAssignor]
	receive.buffer.bytes = 65536
	reconnect.backoff.max.ms = 1000
	reconnect.backoff.ms = 50
	request.timeout.ms = 30000
	retry.backoff.max.ms = 1000
	retry.backoff.ms = 100
	sasl.client.callback.handler.class = null
	sasl.jaas.config = null
	sasl.kerberos.kinit.cmd = /usr/bin/kinit
	sasl.kerberos.min.time.before.relogin = 60000
	sasl.kerberos.service.name = null
	sasl.kerberos.ticket.renew.jitter = 0.05
	sasl.kerberos.ticket.renew.window.factor = 0.8
	sasl.login.callback.handler.class = null
	sasl.login.class = null
	sasl.login.connect.timeout.ms = null
	sasl.login.read.timeout.ms = null
	sasl.login.refresh.buffer.seconds = 300
	sasl.login.refresh.min.period.seconds = 60
	sasl.login.refresh.window.factor = 0.8
	sasl.login.refresh.window.jitter = 0.05
	sasl.login.retry.backoff.max.ms = 10000
	sasl.login.retry.backoff.ms = 100
	sasl.mechanism = GSSAPI
	sasl.oauthbearer.clock.skew.seconds = 30
	sasl.oauthbearer.expected.audience = null
	sasl.oauthbearer.expected.issuer = null
	sasl.oauthbearer.jwks.endpoint.refresh.ms = 3600000
	sasl.oauthbearer.jwks.endpoint.retry.backoff.max.ms = 10000
	sasl.oauthbearer.jwks.endpoint.retry.backoff.ms = 100
	sasl.oauthbearer.jwks.endpoint.url = null
	sasl.oauthbearer.scope.claim.name = scope
	sasl.oauthbearer.sub.claim.name = sub
	sasl.oauthbearer.token.endpoint.url = null
	security.protocol = PLAINTEXT
	security.providers = null
	send.buffer.bytes = 131072
	session.timeout.ms = 45000
	socket.connection.setup.timeout.max.ms = 30000
	socket.connection.setup.timeout.ms = 10000
	ssl.cipher.suites = null
	ssl.enabled.protocols = [TLSv1.2, TLSv1.3]
	ssl.endpoint.identification.algorithm = https
	ssl.engine.factory.class = null
	ssl.key.password = null
	ssl.keymanager.algorithm = SunX509
	ssl.keystore.certificate.chain = null
	ssl.keystore.key = null
	ssl.keystore.location = null
	ssl.keystore.password = null
	ssl.keystore.type = JKS
	ssl.protocol = TLSv1.3
	ssl.provider = null
	ssl.secure.random.implementation = null
	ssl.trustmanager.algorithm = PKIX
	ssl.truststore.certificates = null
	ssl.truststore.location = null
	ssl.truststore.password = null
	ssl.truststore.type = JKS
	value.deserializer = class org.apache.kafka.common.serialization.StringDeserializer

2024-12-15 14:46:12 INFO  o.a.k.c.t.i.KafkaMetricsCollector - initializing Kafka metrics collector
2024-12-15 14:46:12 INFO  o.a.kafka.common.utils.AppInfoParser - Kafka version: 3.7.1
2024-12-15 14:46:12 INFO  o.a.kafka.common.utils.AppInfoParser - Kafka commitId: e2494e6ffb89f828
2024-12-15 14:46:12 INFO  o.a.kafka.common.utils.AppInfoParser - Kafka startTimeMs: 1734248772617
2024-12-15 14:46:12 INFO  o.a.k.c.c.i.LegacyKafkaConsumer - [Consumer clientId=consumer-auth_service-5, groupId=auth_service] Subscribed to topic(s): getLink
2024-12-15 14:46:12 INFO  o.a.k.c.consumer.ConsumerConfig - ConsumerConfig values: 
	allow.auto.create.topics = true
	auto.commit.interval.ms = 5000
	auto.include.jmx.reporter = true
	auto.offset.reset = latest
	bootstrap.servers = [37.194.168.90:9092]
	check.crcs = true
	client.dns.lookup = use_all_dns_ips
	client.id = consumer-auth_service-6
	client.rack = 
	connections.max.idle.ms = 540000
	default.api.timeout.ms = 60000
	enable.auto.commit = false
	enable.metrics.push = true
	exclude.internal.topics = true
	fetch.max.bytes = 52428800
	fetch.max.wait.ms = 500
	fetch.min.bytes = 1
	group.id = auth_service
	group.instance.id = null
	group.protocol = classic
	group.remote.assignor = null
	heartbeat.interval.ms = 3000
	interceptor.classes = []
	internal.leave.group.on.close = true
	internal.throw.on.fetch.stable.offset.unsupported = false
	isolation.level = read_uncommitted
	key.deserializer = class org.apache.kafka.common.serialization.StringDeserializer
	max.partition.fetch.bytes = 1048576
	max.poll.interval.ms = 300000
	max.poll.records = 500
	metadata.max.age.ms = 300000
	metric.reporters = []
	metrics.num.samples = 2
	metrics.recording.level = INFO
	metrics.sample.window.ms = 30000
	partition.assignment.strategy = [class org.apache.kafka.clients.consumer.RangeAssignor, class org.apache.kafka.clients.consumer.CooperativeStickyAssignor]
	receive.buffer.bytes = 65536
	reconnect.backoff.max.ms = 1000
	reconnect.backoff.ms = 50
	request.timeout.ms = 30000
	retry.backoff.max.ms = 1000
	retry.backoff.ms = 100
	sasl.client.callback.handler.class = null
	sasl.jaas.config = null
	sasl.kerberos.kinit.cmd = /usr/bin/kinit
	sasl.kerberos.min.time.before.relogin = 60000
	sasl.kerberos.service.name = null
	sasl.kerberos.ticket.renew.jitter = 0.05
	sasl.kerberos.ticket.renew.window.factor = 0.8
	sasl.login.callback.handler.class = null
	sasl.login.class = null
	sasl.login.connect.timeout.ms = null
	sasl.login.read.timeout.ms = null
	sasl.login.refresh.buffer.seconds = 300
	sasl.login.refresh.min.period.seconds = 60
	sasl.login.refresh.window.factor = 0.8
	sasl.login.refresh.window.jitter = 0.05
	sasl.login.retry.backoff.max.ms = 10000
	sasl.login.retry.backoff.ms = 100
	sasl.mechanism = GSSAPI
	sasl.oauthbearer.clock.skew.seconds = 30
	sasl.oauthbearer.expected.audience = null
	sasl.oauthbearer.expected.issuer = null
	sasl.oauthbearer.jwks.endpoint.refresh.ms = 3600000
	sasl.oauthbearer.jwks.endpoint.retry.backoff.max.ms = 10000
	sasl.oauthbearer.jwks.endpoint.retry.backoff.ms = 100
	sasl.oauthbearer.jwks.endpoint.url = null
	sasl.oauthbearer.scope.claim.name = scope
	sasl.oauthbearer.sub.claim.name = sub
	sasl.oauthbearer.token.endpoint.url = null
	security.protocol = PLAINTEXT
	security.providers = null
	send.buffer.bytes = 131072
	session.timeout.ms = 45000
	socket.connection.setup.timeout.max.ms = 30000
	socket.connection.setup.timeout.ms = 10000
	ssl.cipher.suites = null
	ssl.enabled.protocols = [TLSv1.2, TLSv1.3]
	ssl.endpoint.identification.algorithm = https
	ssl.engine.factory.class = null
	ssl.key.password = null
	ssl.keymanager.algorithm = SunX509
	ssl.keystore.certificate.chain = null
	ssl.keystore.key = null
	ssl.keystore.location = null
	ssl.keystore.password = null
	ssl.keystore.type = JKS
	ssl.protocol = TLSv1.3
	ssl.provider = null
	ssl.secure.random.implementation = null
	ssl.trustmanager.algorithm = PKIX
	ssl.truststore.certificates = null
	ssl.truststore.location = null
	ssl.truststore.password = null
	ssl.truststore.type = JKS
	value.deserializer = class org.apache.kafka.common.serialization.StringDeserializer

2024-12-15 14:46:12 INFO  o.a.k.c.t.i.KafkaMetricsCollector - initializing Kafka metrics collector
2024-12-15 14:46:12 INFO  o.a.kafka.common.utils.AppInfoParser - Kafka version: 3.7.1
2024-12-15 14:46:12 INFO  o.a.kafka.common.utils.AppInfoParser - Kafka commitId: e2494e6ffb89f828
2024-12-15 14:46:12 INFO  o.a.kafka.common.utils.AppInfoParser - Kafka startTimeMs: 1734248772625
2024-12-15 14:46:12 INFO  o.a.k.c.c.i.LegacyKafkaConsumer - [Consumer clientId=consumer-auth_service-6, groupId=auth_service] Subscribed to topic(s): registry
2024-12-15 14:46:12 INFO  o.a.k.c.consumer.ConsumerConfig - ConsumerConfig values: 
	allow.auto.create.topics = true
	auto.commit.interval.ms = 5000
	auto.include.jmx.reporter = true
	auto.offset.reset = latest
	bootstrap.servers = [37.194.168.90:9092]
	check.crcs = true
	client.dns.lookup = use_all_dns_ips
	client.id = consumer-auth_service-7
	client.rack = 
	connections.max.idle.ms = 540000
	default.api.timeout.ms = 60000
	enable.auto.commit = false
	enable.metrics.push = true
	exclude.internal.topics = true
	fetch.max.bytes = 52428800
	fetch.max.wait.ms = 500
	fetch.min.bytes = 1
	group.id = auth_service
	group.instance.id = null
	group.protocol = classic
	group.remote.assignor = null
	heartbeat.interval.ms = 3000
	interceptor.classes = []
	internal.leave.group.on.close = true
	internal.throw.on.fetch.stable.offset.unsupported = false
	isolation.level = read_uncommitted
	key.deserializer = class org.apache.kafka.common.serialization.StringDeserializer
	max.partition.fetch.bytes = 1048576
	max.poll.interval.ms = 300000
	max.poll.records = 500
	metadata.max.age.ms = 300000
	metric.reporters = []
	metrics.num.samples = 2
	metrics.recording.level = INFO
	metrics.sample.window.ms = 30000
	partition.assignment.strategy = [class org.apache.kafka.clients.consumer.RangeAssignor, class org.apache.kafka.clients.consumer.CooperativeStickyAssignor]
	receive.buffer.bytes = 65536
	reconnect.backoff.max.ms = 1000
	reconnect.backoff.ms = 50
	request.timeout.ms = 30000
	retry.backoff.max.ms = 1000
	retry.backoff.ms = 100
	sasl.client.callback.handler.class = null
	sasl.jaas.config = null
	sasl.kerberos.kinit.cmd = /usr/bin/kinit
	sasl.kerberos.min.time.before.relogin = 60000
	sasl.kerberos.service.name = null
	sasl.kerberos.ticket.renew.jitter = 0.05
	sasl.kerberos.ticket.renew.window.factor = 0.8
	sasl.login.callback.handler.class = null
	sasl.login.class = null
	sasl.login.connect.timeout.ms = null
	sasl.login.read.timeout.ms = null
	sasl.login.refresh.buffer.seconds = 300
	sasl.login.refresh.min.period.seconds = 60
	sasl.login.refresh.window.factor = 0.8
	sasl.login.refresh.window.jitter = 0.05
	sasl.login.retry.backoff.max.ms = 10000
	sasl.login.retry.backoff.ms = 100
	sasl.mechanism = GSSAPI
	sasl.oauthbearer.clock.skew.seconds = 30
	sasl.oauthbearer.expected.audience = null
	sasl.oauthbearer.expected.issuer = null
	sasl.oauthbearer.jwks.endpoint.refresh.ms = 3600000
	sasl.oauthbearer.jwks.endpoint.retry.backoff.max.ms = 10000
	sasl.oauthbearer.jwks.endpoint.retry.backoff.ms = 100
	sasl.oauthbearer.jwks.endpoint.url = null
	sasl.oauthbearer.scope.claim.name = scope
	sasl.oauthbearer.sub.claim.name = sub
	sasl.oauthbearer.token.endpoint.url = null
	security.protocol = PLAINTEXT
	security.providers = null
	send.buffer.bytes = 131072
	session.timeout.ms = 45000
	socket.connection.setup.timeout.max.ms = 30000
	socket.connection.setup.timeout.ms = 10000
	ssl.cipher.suites = null
	ssl.enabled.protocols = [TLSv1.2, TLSv1.3]
	ssl.endpoint.identification.algorithm = https
	ssl.engine.factory.class = null
	ssl.key.password = null
	ssl.keymanager.algorithm = SunX509
	ssl.keystore.certificate.chain = null
	ssl.keystore.key = null
	ssl.keystore.location = null
	ssl.keystore.password = null
	ssl.keystore.type = JKS
	ssl.protocol = TLSv1.3
	ssl.provider = null
	ssl.secure.random.implementation = null
	ssl.trustmanager.algorithm = PKIX
	ssl.truststore.certificates = null
	ssl.truststore.location = null
	ssl.truststore.password = null
	ssl.truststore.type = JKS
	value.deserializer = class org.apache.kafka.common.serialization.StringDeserializer

2024-12-15 14:46:12 INFO  o.a.k.c.t.i.KafkaMetricsCollector - initializing Kafka metrics collector
2024-12-15 14:46:12 INFO  o.a.kafka.common.utils.AppInfoParser - Kafka version: 3.7.1
2024-12-15 14:46:12 INFO  o.a.kafka.common.utils.AppInfoParser - Kafka commitId: e2494e6ffb89f828
2024-12-15 14:46:12 INFO  o.a.kafka.common.utils.AppInfoParser - Kafka startTimeMs: 1734248772635
2024-12-15 14:46:12 INFO  o.a.k.c.c.i.LegacyKafkaConsumer - [Consumer clientId=consumer-auth_service-7, groupId=auth_service] Subscribed to topic(s): filter
2024-12-15 14:46:12 INFO  o.a.k.c.consumer.ConsumerConfig - ConsumerConfig values: 
	allow.auto.create.topics = true
	auto.commit.interval.ms = 5000
	auto.include.jmx.reporter = true
	auto.offset.reset = latest
	bootstrap.servers = [37.194.168.90:9092]
	check.crcs = true
	client.dns.lookup = use_all_dns_ips
	client.id = consumer-auth_service-8
	client.rack = 
	connections.max.idle.ms = 540000
	default.api.timeout.ms = 60000
	enable.auto.commit = false
	enable.metrics.push = true
	exclude.internal.topics = true
	fetch.max.bytes = 52428800
	fetch.max.wait.ms = 500
	fetch.min.bytes = 1
	group.id = auth_service
	group.instance.id = null
	group.protocol = classic
	group.remote.assignor = null
	heartbeat.interval.ms = 3000
	interceptor.classes = []
	internal.leave.group.on.close = true
	internal.throw.on.fetch.stable.offset.unsupported = false
	isolation.level = read_uncommitted
	key.deserializer = class org.apache.kafka.common.serialization.StringDeserializer
	max.partition.fetch.bytes = 1048576
	max.poll.interval.ms = 300000
	max.poll.records = 500
	metadata.max.age.ms = 300000
	metric.reporters = []
	metrics.num.samples = 2
	metrics.recording.level = INFO
	metrics.sample.window.ms = 30000
	partition.assignment.strategy = [class org.apache.kafka.clients.consumer.RangeAssignor, class org.apache.kafka.clients.consumer.CooperativeStickyAssignor]
	receive.buffer.bytes = 65536
	reconnect.backoff.max.ms = 1000
	reconnect.backoff.ms = 50
	request.timeout.ms = 30000
	retry.backoff.max.ms = 1000
	retry.backoff.ms = 100
	sasl.client.callback.handler.class = null
	sasl.jaas.config = null
	sasl.kerberos.kinit.cmd = /usr/bin/kinit
	sasl.kerberos.min.time.before.relogin = 60000
	sasl.kerberos.service.name = null
	sasl.kerberos.ticket.renew.jitter = 0.05
	sasl.kerberos.ticket.renew.window.factor = 0.8
	sasl.login.callback.handler.class = null
	sasl.login.class = null
	sasl.login.connect.timeout.ms = null
	sasl.login.read.timeout.ms = null
	sasl.login.refresh.buffer.seconds = 300
	sasl.login.refresh.min.period.seconds = 60
	sasl.login.refresh.window.factor = 0.8
	sasl.login.refresh.window.jitter = 0.05
	sasl.login.retry.backoff.max.ms = 10000
	sasl.login.retry.backoff.ms = 100
	sasl.mechanism = GSSAPI
	sasl.oauthbearer.clock.skew.seconds = 30
	sasl.oauthbearer.expected.audience = null
	sasl.oauthbearer.expected.issuer = null
	sasl.oauthbearer.jwks.endpoint.refresh.ms = 3600000
	sasl.oauthbearer.jwks.endpoint.retry.backoff.max.ms = 10000
	sasl.oauthbearer.jwks.endpoint.retry.backoff.ms = 100
	sasl.oauthbearer.jwks.endpoint.url = null
	sasl.oauthbearer.scope.claim.name = scope
	sasl.oauthbearer.sub.claim.name = sub
	sasl.oauthbearer.token.endpoint.url = null
	security.protocol = PLAINTEXT
	security.providers = null
	send.buffer.bytes = 131072
	session.timeout.ms = 45000
	socket.connection.setup.timeout.max.ms = 30000
	socket.connection.setup.timeout.ms = 10000
	ssl.cipher.suites = null
	ssl.enabled.protocols = [TLSv1.2, TLSv1.3]
	ssl.endpoint.identification.algorithm = https
	ssl.engine.factory.class = null
	ssl.key.password = null
	ssl.keymanager.algorithm = SunX509
	ssl.keystore.certificate.chain = null
	ssl.keystore.key = null
	ssl.keystore.location = null
	ssl.keystore.password = null
	ssl.keystore.type = JKS
	ssl.protocol = TLSv1.3
	ssl.provider = null
	ssl.secure.random.implementation = null
	ssl.trustmanager.algorithm = PKIX
	ssl.truststore.certificates = null
	ssl.truststore.location = null
	ssl.truststore.password = null
	ssl.truststore.type = JKS
	value.deserializer = class org.apache.kafka.common.serialization.StringDeserializer

2024-12-15 14:46:12 INFO  o.a.k.c.t.i.KafkaMetricsCollector - initializing Kafka metrics collector
2024-12-15 14:46:12 INFO  o.a.kafka.common.utils.AppInfoParser - Kafka version: 3.7.1
2024-12-15 14:46:12 INFO  o.a.kafka.common.utils.AppInfoParser - Kafka commitId: e2494e6ffb89f828
2024-12-15 14:46:12 INFO  o.a.kafka.common.utils.AppInfoParser - Kafka startTimeMs: 1734248772643
2024-12-15 14:46:12 INFO  o.a.k.c.c.i.LegacyKafkaConsumer - [Consumer clientId=consumer-auth_service-8, groupId=auth_service] Subscribed to topic(s): start
2024-12-15 14:46:12 INFO  c.e.demo.HhRecruiterApplicationTests - Started HhRecruiterApplicationTests in 9.557 seconds (process running for 11.274)
2024-12-15 14:46:13 INFO  o.a.k.c.c.i.ConsumerCoordinator - [Consumer clientId=consumer-auth_service-7, groupId=auth_service] Resetting generation and member id due to: consumer pro-actively leaving the group
2024-12-15 14:46:13 INFO  o.a.k.c.c.i.ConsumerCoordinator - [Consumer clientId=consumer-auth_service-3, groupId=auth_service] Resetting generation and member id due to: consumer pro-actively leaving the group
2024-12-15 14:46:13 INFO  o.a.k.c.c.i.ConsumerCoordinator - [Consumer clientId=consumer-auth_service-2, groupId=auth_service] Resetting generation and member id due to: consumer pro-actively leaving the group
2024-12-15 14:46:13 INFO  o.a.k.c.c.i.ConsumerCoordinator - [Consumer clientId=consumer-auth_service-5, groupId=auth_service] Resetting generation and member id due to: consumer pro-actively leaving the group
2024-12-15 14:46:13 INFO  o.a.k.c.c.i.ConsumerCoordinator - [Consumer clientId=consumer-auth_service-1, groupId=auth_service] Resetting generation and member id due to: consumer pro-actively leaving the group
2024-12-15 14:46:13 INFO  o.a.k.c.c.i.ConsumerCoordinator - [Consumer clientId=consumer-auth_service-4, groupId=auth_service] Resetting generation and member id due to: consumer pro-actively leaving the group
2024-12-15 14:46:13 INFO  o.a.k.c.c.i.ConsumerCoordinator - [Consumer clientId=consumer-auth_service-2, groupId=auth_service] Request joining group due to: consumer pro-actively leaving the group
2024-12-15 14:46:13 INFO  o.a.k.c.c.i.ConsumerCoordinator - [Consumer clientId=consumer-auth_service-5, groupId=auth_service] Request joining group due to: consumer pro-actively leaving the group
2024-12-15 14:46:13 INFO  o.a.k.c.c.i.ConsumerCoordinator - [Consumer clientId=consumer-auth_service-4, groupId=auth_service] Request joining group due to: consumer pro-actively leaving the group
2024-12-15 14:46:13 INFO  o.a.k.c.c.i.LegacyKafkaConsumer - [Consumer clientId=consumer-auth_service-2, groupId=auth_service] Unsubscribed all topics or patterns and assigned partitions
2024-12-15 14:46:13 INFO  o.a.k.c.c.i.ConsumerCoordinator - [Consumer clientId=consumer-auth_service-8, groupId=auth_service] Resetting generation and member id due to: consumer pro-actively leaving the group
2024-12-15 14:46:13 INFO  o.a.k.c.c.i.ConsumerCoordinator - [Consumer clientId=consumer-auth_service-6, groupId=auth_service] Resetting generation and member id due to: consumer pro-actively leaving the group
2024-12-15 14:46:13 INFO  o.a.k.c.c.i.ConsumerCoordinator - [Consumer clientId=consumer-auth_service-7, groupId=auth_service] Request joining group due to: consumer pro-actively leaving the group
2024-12-15 14:46:13 INFO  o.a.k.c.c.i.ConsumerCoordinator - [Consumer clientId=consumer-auth_service-8, groupId=auth_service] Request joining group due to: consumer pro-actively leaving the group
2024-12-15 14:46:13 INFO  o.a.k.c.c.i.ConsumerCoordinator - [Consumer clientId=consumer-auth_service-3, groupId=auth_service] Request joining group due to: consumer pro-actively leaving the group
2024-12-15 14:46:13 INFO  o.a.k.c.c.i.ConsumerCoordinator - [Consumer clientId=consumer-auth_service-1, groupId=auth_service] Request joining group due to: consumer pro-actively leaving the group
2024-12-15 14:46:13 INFO  o.a.k.c.c.i.LegacyKafkaConsumer - [Consumer clientId=consumer-auth_service-8, groupId=auth_service] Unsubscribed all topics or patterns and assigned partitions
2024-12-15 14:46:13 INFO  o.a.k.c.c.i.LegacyKafkaConsumer - [Consumer clientId=consumer-auth_service-5, groupId=auth_service] Unsubscribed all topics or patterns and assigned partitions
2024-12-15 14:46:13 INFO  o.a.k.c.c.i.LegacyKafkaConsumer - [Consumer clientId=consumer-auth_service-3, groupId=auth_service] Unsubscribed all topics or patterns and assigned partitions
2024-12-15 14:46:13 INFO  o.a.k.c.c.i.LegacyKafkaConsumer - [Consumer clientId=consumer-auth_service-4, groupId=auth_service] Unsubscribed all topics or patterns and assigned partitions
2024-12-15 14:46:13 INFO  o.a.k.c.c.i.ConsumerCoordinator - [Consumer clientId=consumer-auth_service-6, groupId=auth_service] Request joining group due to: consumer pro-actively leaving the group
2024-12-15 14:46:13 INFO  o.a.k.c.c.i.LegacyKafkaConsumer - [Consumer clientId=consumer-auth_service-7, groupId=auth_service] Unsubscribed all topics or patterns and assigned partitions
2024-12-15 14:46:13 INFO  o.a.k.c.c.i.LegacyKafkaConsumer - [Consumer clientId=consumer-auth_service-6, groupId=auth_service] Unsubscribed all topics or patterns and assigned partitions
2024-12-15 14:46:13 INFO  o.a.k.c.c.i.LegacyKafkaConsumer - [Consumer clientId=consumer-auth_service-1, groupId=auth_service] Unsubscribed all topics or patterns and assigned partitions
2024-12-15 14:46:13 INFO  o.a.k.c.c.i.ConsumerCoordinator - [Consumer clientId=consumer-auth_service-8, groupId=auth_service] Resetting generation and member id due to: consumer pro-actively leaving the group
2024-12-15 14:46:13 INFO  o.a.k.c.c.i.ConsumerCoordinator - [Consumer clientId=consumer-auth_service-5, groupId=auth_service] Resetting generation and member id due to: consumer pro-actively leaving the group
2024-12-15 14:46:13 INFO  o.a.k.c.c.i.ConsumerCoordinator - [Consumer clientId=consumer-auth_service-1, groupId=auth_service] Resetting generation and member id due to: consumer pro-actively leaving the group
2024-12-15 14:46:13 INFO  o.a.k.c.c.i.ConsumerCoordinator - [Consumer clientId=consumer-auth_service-3, groupId=auth_service] Resetting generation and member id due to: consumer pro-actively leaving the group
2024-12-15 14:46:13 INFO  o.a.k.c.c.i.ConsumerCoordinator - [Consumer clientId=consumer-auth_service-8, groupId=auth_service] Request joining group due to: consumer pro-actively leaving the group
2024-12-15 14:46:13 INFO  o.a.k.c.c.i.ConsumerCoordinator - [Consumer clientId=consumer-auth_service-4, groupId=auth_service] Resetting generation and member id due to: consumer pro-actively leaving the group
2024-12-15 14:46:13 INFO  o.a.k.c.c.i.ConsumerCoordinator - [Consumer clientId=consumer-auth_service-1, groupId=auth_service] Request joining group due to: consumer pro-actively leaving the group
2024-12-15 14:46:13 INFO  o.a.k.c.c.i.ConsumerCoordinator - [Consumer clientId=consumer-auth_service-5, groupId=auth_service] Request joining group due to: consumer pro-actively leaving the group
2024-12-15 14:46:13 INFO  o.a.k.c.c.i.ConsumerCoordinator - [Consumer clientId=consumer-auth_service-6, groupId=auth_service] Resetting generation and member id due to: consumer pro-actively leaving the group
2024-12-15 14:46:13 INFO  o.a.k.c.c.i.ConsumerCoordinator - [Consumer clientId=consumer-auth_service-4, groupId=auth_service] Request joining group due to: consumer pro-actively leaving the group
2024-12-15 14:46:13 INFO  o.a.k.c.c.i.ConsumerCoordinator - [Consumer clientId=consumer-auth_service-7, groupId=auth_service] Resetting generation and member id due to: consumer pro-actively leaving the group
2024-12-15 14:46:13 INFO  o.a.k.c.c.i.ConsumerCoordinator - [Consumer clientId=consumer-auth_service-6, groupId=auth_service] Request joining group due to: consumer pro-actively leaving the group
2024-12-15 14:46:13 INFO  o.a.k.c.c.i.ConsumerCoordinator - [Consumer clientId=consumer-auth_service-2, groupId=auth_service] Resetting generation and member id due to: consumer pro-actively leaving the group
2024-12-15 14:46:13 INFO  o.a.k.c.c.i.ConsumerCoordinator - [Consumer clientId=consumer-auth_service-3, groupId=auth_service] Request joining group due to: consumer pro-actively leaving the group
2024-12-15 14:46:13 INFO  o.a.k.c.c.i.ConsumerCoordinator - [Consumer clientId=consumer-auth_service-7, groupId=auth_service] Request joining group due to: consumer pro-actively leaving the group
2024-12-15 14:46:13 INFO  o.a.k.c.c.i.ConsumerCoordinator - [Consumer clientId=consumer-auth_service-2, groupId=auth_service] Request joining group due to: consumer pro-actively leaving the group
2024-12-15 14:46:13 INFO  o.a.kafka.common.metrics.Metrics - Metrics scheduler closed
2024-12-15 14:46:13 INFO  o.a.kafka.common.metrics.Metrics - Metrics scheduler closed
2024-12-15 14:46:13 INFO  o.a.kafka.common.metrics.Metrics - Metrics scheduler closed
2024-12-15 14:46:13 INFO  o.a.kafka.common.metrics.Metrics - Closing reporter org.apache.kafka.common.metrics.JmxReporter
2024-12-15 14:46:13 INFO  o.a.kafka.common.metrics.Metrics - Closing reporter org.apache.kafka.common.metrics.JmxReporter
2024-12-15 14:46:13 INFO  o.a.kafka.common.metrics.Metrics - Closing reporter org.apache.kafka.common.metrics.JmxReporter
2024-12-15 14:46:13 INFO  o.a.kafka.common.metrics.Metrics - Closing reporter org.apache.kafka.common.telemetry.internals.ClientTelemetryReporter
2024-12-15 14:46:13 INFO  o.a.kafka.common.metrics.Metrics - Metrics reporters closed
2024-12-15 14:46:13 INFO  o.a.kafka.common.metrics.Metrics - Closing reporter org.apache.kafka.common.telemetry.internals.ClientTelemetryReporter
2024-12-15 14:46:13 INFO  o.a.kafka.common.metrics.Metrics - Metrics reporters closed
2024-12-15 14:46:13 INFO  o.a.kafka.common.metrics.Metrics - Closing reporter org.apache.kafka.common.telemetry.internals.ClientTelemetryReporter
2024-12-15 14:46:13 INFO  o.a.kafka.common.metrics.Metrics - Metrics reporters closed
2024-12-15 14:46:13 INFO  o.a.kafka.common.metrics.Metrics - Metrics scheduler closed
2024-12-15 14:46:13 INFO  o.a.kafka.common.metrics.Metrics - Closing reporter org.apache.kafka.common.metrics.JmxReporter
2024-12-15 14:46:13 INFO  o.a.kafka.common.metrics.Metrics - Closing reporter org.apache.kafka.common.telemetry.internals.ClientTelemetryReporter
2024-12-15 14:46:13 INFO  o.a.kafka.common.metrics.Metrics - Metrics scheduler closed
2024-12-15 14:46:13 INFO  o.a.kafka.common.metrics.Metrics - Metrics reporters closed
2024-12-15 14:46:13 INFO  o.a.kafka.common.metrics.Metrics - Closing reporter org.apache.kafka.common.metrics.JmxReporter
2024-12-15 14:46:13 INFO  o.a.kafka.common.metrics.Metrics - Metrics scheduler closed
2024-12-15 14:46:13 INFO  o.a.kafka.common.metrics.Metrics - Metrics scheduler closed
2024-12-15 14:46:13 INFO  o.a.kafka.common.metrics.Metrics - Closing reporter org.apache.kafka.common.telemetry.internals.ClientTelemetryReporter
2024-12-15 14:46:13 INFO  o.a.kafka.common.metrics.Metrics - Closing reporter org.apache.kafka.common.metrics.JmxReporter
2024-12-15 14:46:13 INFO  o.a.kafka.common.metrics.Metrics - Closing reporter org.apache.kafka.common.metrics.JmxReporter
2024-12-15 14:46:13 INFO  o.a.kafka.common.metrics.Metrics - Metrics scheduler closed
2024-12-15 14:46:13 INFO  o.a.kafka.common.metrics.Metrics - Closing reporter org.apache.kafka.common.telemetry.internals.ClientTelemetryReporter
2024-12-15 14:46:13 INFO  o.a.kafka.common.metrics.Metrics - Closing reporter org.apache.kafka.common.metrics.JmxReporter
2024-12-15 14:46:13 INFO  o.a.kafka.common.metrics.Metrics - Metrics reporters closed
2024-12-15 14:46:13 INFO  o.a.kafka.common.metrics.Metrics - Metrics reporters closed
2024-12-15 14:46:13 INFO  o.a.kafka.common.metrics.Metrics - Closing reporter org.apache.kafka.common.telemetry.internals.ClientTelemetryReporter
2024-12-15 14:46:13 INFO  o.a.kafka.common.metrics.Metrics - Closing reporter org.apache.kafka.common.telemetry.internals.ClientTelemetryReporter
2024-12-15 14:46:13 INFO  o.a.kafka.common.metrics.Metrics - Metrics reporters closed
2024-12-15 14:46:13 INFO  o.a.kafka.common.metrics.Metrics - Metrics reporters closed
2024-12-15 14:46:13 INFO  o.a.kafka.common.utils.AppInfoParser - App info kafka.consumer for consumer-auth_service-5 unregistered
2024-12-15 14:46:13 INFO  o.a.kafka.common.utils.AppInfoParser - App info kafka.consumer for consumer-auth_service-3 unregistered
2024-12-15 14:46:13 INFO  o.s.k.l.KafkaMessageListenerContainer - auth_service: Consumer stopped
2024-12-15 14:46:13 INFO  o.s.k.l.KafkaMessageListenerContainer - auth_service: Consumer stopped
2024-12-15 14:46:13 INFO  o.a.kafka.common.utils.AppInfoParser - App info kafka.consumer for consumer-auth_service-2 unregistered
2024-12-15 14:46:13 INFO  o.s.k.l.KafkaMessageListenerContainer - auth_service: Consumer stopped
2024-12-15 14:46:13 INFO  o.a.kafka.common.utils.AppInfoParser - App info kafka.consumer for consumer-auth_service-7 unregistered
2024-12-15 14:46:13 INFO  o.s.k.l.KafkaMessageListenerContainer - auth_service: Consumer stopped
2024-12-15 14:46:13 INFO  o.a.kafka.common.utils.AppInfoParser - App info kafka.consumer for consumer-auth_service-1 unregistered
2024-12-15 14:46:13 INFO  o.s.k.l.KafkaMessageListenerContainer - auth_service: Consumer stopped
2024-12-15 14:46:13 INFO  o.a.kafka.common.utils.AppInfoParser - App info kafka.consumer for consumer-auth_service-4 unregistered
2024-12-15 14:46:13 INFO  o.s.k.l.KafkaMessageListenerContainer - auth_service: Consumer stopped
2024-12-15 14:46:13 INFO  o.a.kafka.common.utils.AppInfoParser - App info kafka.consumer for consumer-auth_service-8 unregistered
2024-12-15 14:46:13 INFO  o.s.k.l.KafkaMessageListenerContainer - auth_service: Consumer stopped
2024-12-15 14:46:13 INFO  o.a.kafka.common.utils.AppInfoParser - App info kafka.consumer for consumer-auth_service-6 unregistered
2024-12-15 14:46:13 INFO  o.s.k.l.KafkaMessageListenerContainer - auth_service: Consumer stopped
2024-12-15 14:46:15 INFO  o.s.o.j.LocalContainerEntityManagerFactoryBean - Closing JPA EntityManagerFactory for persistence unit 'default'
2024-12-15 14:46:15 INFO  com.zaxxer.hikari.HikariDataSource - HikariPool-1 - Shutdown initiated...
2024-12-15 14:46:17 INFO  com.zaxxer.hikari.HikariDataSource - HikariPool-1 - Shutdown completed.
